code,chapitre,chapitre_libelle,groupe,groupe_libelle,variete,libelle,libelle_normalise,sai,revision
0000,0,CARACTERES GENERAUX,00,ORGANE NORMAL - TISSU NORMAL - CELLULE NORMALE,00,ORGANE NORMAL - TISSU NORMAL - CELLULE NORMALE,ORGANE NORMAL - TISSU NORMAL - CELLULE NORMALE,non,
0010,0,CARACTERES GENERAUX,00,ORGANE NORMAL - TISSU NORMAL - CELLULE NORMALE,10,NORMAL SOUS TRAITEMENT,NORMAL SOUS TRAITEMENT,non,
0020,0,CARACTERES GENERAUX,00,ORGANE NORMAL - TISSU NORMAL - CELLULE NORMALE,20,NORMAL APRES TRAITEMENT - LESION GUERIE APRES TRAITEMENT,NORMAL APRES TRAITEMENT - LESION GUERIE APRES TRAITEMENT,non,1997 AJOUT
0030,0,CARACTERES GENERAUX,00,ORGANE NORMAL - TISSU NORMAL - CELLULE NORMALE,30,NODULE LYMPHOIDE PHYSIOLOGIQUE,NODULE LYMPHOIDE PHYSIOLOGIQUE,non,
0040,0,CARACTERES GENERAUX,00,ORGANE NORMAL - TISSU NORMAL - CELLULE NORMALE,40,ETAT SUBNORMAL - LESION MINEURE,ETAT SUBNORMAL - LESION MINEURE,non,
0050,0,CARACTERES GENERAUX,00,ORGANE NORMAL - TISSU NORMAL - CELLULE NORMALE,50,LESION RESIDUELLE,LESION RESIDUELLE,non,1997 AJOUT
0051,0,CARACTERES GENERAUX,00,ORGANE NORMAL - TISSU NORMAL - CELLULE NORMALE,51,LESION AMELIOREE PAR LE TRAITEMENT,LESION AMELIOREE PAR LE TRAITEMENT,non,1997 AJOUT
0052,0,CARACTERES GENERAUX,00,ORGANE NORMAL - TISSU NORMAL - CELLULE NORMALE,52,LESION MODIFIEE PAR LE TRAITEMENT,LESION MODIFIEE PAR LE TRAITEMENT,non,1997 AJOUT
0060,0,CARACTERES GENERAUX,00,ORGANE NORMAL - TISSU NORMAL - CELLULE NORMALE,60,LESION RESISTANTE AU TRAITEMENT,LESION RESISTANTE AU TRAITEMENT,non,1997 AJOUT
0070,0,CARACTERES GENERAUX,00,ORGANE NORMAL - TISSU NORMAL - CELLULE NORMALE,70,LESION RECIDIVANTE,LESION RECIDIVANTE,non,1997 AJOUT
0080,0,CARACTERES GENERAUX,00,ORGANE NORMAL - TISSU NORMAL - CELLULE NORMALE,80,MATERIEL AYANT FAIT L'OBJET D'UNE RELECTURE,MATERIEL AYANT FAIT L'OBJET D'UNE RELECTURE,non,1998 AJOUT
0081,0,CARACTERES GENERAUX,00,ORGANE NORMAL - TISSU NORMAL - CELLULE NORMALE,81,DIAGNOSTIC INITIAL CONFIRME APRES RELECTURE,DIAGNOSTIC INITIAL CONFIRME APRES RELECTURE,non,1998 AJOUT
0082,0,CARACTERES GENERAUX,00,ORGANE NORMAL - TISSU NORMAL - CELLULE NORMALE,82,DIAGNOSTIC INITIAL MODIFIE APRES RELECTURE,DIAGNOSTIC INITIAL MODIFIE APRES RELECTURE,non,1998 AJOUT
0083,0,CARACTERES GENERAUX,00,ORGANE NORMAL - TISSU NORMAL - CELLULE NORMALE,83,LESION CONSIDEREE COMME FAUX NEGATIF APRES RELECTURE,LESION CONSIDEREE COMME FAUX NEGATIF APRES RELECTURE,non,1998 AJOUT
0084,0,CARACTERES GENERAUX,00,ORGANE NORMAL - TISSU NORMAL - CELLULE NORMALE,84,LESION CONSIDEREE COMME FAUX POSITIF APRES RELECTURE,LESION CONSIDEREE COMME FAUX POSITIF APRES RELECTURE,non,1998 AJOUT
0085,0,CARACTERES GENERAUX,00,ORGANE NORMAL - TISSU NORMAL - CELLULE NORMALE,85,DIAGNOSTIC INITIAL MODIFIE APRES NOUVEAUX PRELEVEMENTS OU PLANS DE COUPE – LESION NON VUE SUR EXAMEN EXTEMPORANE OU PREMIERS PRELEVEMENTS,DIAGNOSTIC INITIAL MODIFIE APRES NOUVEAUX PRELEVEMENTS OU PLANS DE COUPE – LESION NON VUE SUR EXAMEN EXTEMPORANE OU PREMIERS PRELEVEMENTS,non,2007 AJOUT
0088,0,CARACTERES GENERAUX,00,ORGANE NORMAL - TISSU NORMAL - CELLULE NORMALE,88,EXAMEN HISTOLOGIQUE DE DEPISTAGE,EXAMEN HISTOLOGIQUE DE DEPISTAGE,non,2007 AJOUT
0089,0,CARACTERES GENERAUX,00,ORGANE NORMAL - TISSU NORMAL - CELLULE NORMALE,89,EXAMEN HISTOLOGIQUE DE CONTROLE,EXAMEN HISTOLOGIQUE DE CONTROLE,non,2007 AJOUT
0090,0,CARACTERES GENERAUX,00,ORGANE NORMAL - TISSU NORMAL - CELLULE NORMALE,90,CONCORDANCE HISTOLOGIQUE AVEC EXAMEN CYTOLOGIQUE ANTERIEUR,CONCORDANCE HISTOLOGIQUE AVEC EXAMEN CYTOLOGIQUE ANTERIEUR,non,1998 AJOUT
0091,0,CARACTERES GENERAUX,00,ORGANE NORMAL - TISSU NORMAL - CELLULE NORMALE,91,CONCORDANCE AVEC EXAMEN HISTOLOGIQUE ANTERIEUR - CONCORDANCE AVEC EXAMEN EXTEMPORANE,CONCORDANCE AVEC EXAMEN HISTOLOGIQUE ANTERIEUR - CONCORDANCE AVEC EXAMEN EXTEMPORANE,non,1998 AJOUT
0092,0,CARACTERES GENERAUX,00,ORGANE NORMAL - TISSU NORMAL - CELLULE NORMALE,92,DISCORDANCE HISTOLOGIQUE AVEC EXAMEN CYTOLOGIQUE ANTERIEUR,DISCORDANCE HISTOLOGIQUE AVEC EXAMEN CYTOLOGIQUE ANTERIEUR,non,1998 AJOUT
0093,0,CARACTERES GENERAUX,00,ORGANE NORMAL - TISSU NORMAL - CELLULE NORMALE,93,DISCORDANCE AVEC EXAMEN HISTOLOGIQUE ANTERIEUR - DISCORDANCE AVEC EXAMEN EXTEMPORANE,DISCORDANCE AVEC EXAMEN HISTOLOGIQUE ANTERIEUR - DISCORDANCE AVEC EXAMEN EXTEMPORANE,non,1998 AJOUT
0100,0,CARACTERES GENERAUX,01,GENERALITE SUR LES PRELEVEMENTS ET LES LESIONS,00,GENERALITE SUR LES PRELEVEMENTS ET LES LESIONS,GENERALITE SUR LES PRELEVEMENTS ET LES LESIONS,non,
0102,0,CARACTERES GENERAUX,01,GENERALITE SUR LES PRELEVEMENTS ET LES LESIONS,02,MATERIEL SOUMIS A DECALCIFICATION,MATERIEL SOUMIS A DECALCIFICATION,non,1997 AJOUT
0110,0,CARACTERES GENERAUX,01,GENERALITE SUR LES PRELEVEMENTS ET LES LESIONS,10,PRELEVEMENT SANS VALEUR,PRELEVEMENT SANS VALEUR,non,
0111,0,CARACTERES GENERAUX,01,GENERALITE SUR LES PRELEVEMENTS ET LES LESIONS,11,PRELEVEMENT SANS VALEUR : PAR INSUFFISANCE OU ABSENCE DE MATERIEL,PRELEVEMENT SANS VALEUR : PAR INSUFFISANCE OU ABSENCE DE MATERIEL,non,
0112,0,CARACTERES GENERAUX,01,GENERALITE SUR LES PRELEVEMENTS ET LES LESIONS,12,PRELEVEMENT SANS VALEUR : PAR MAUVAISE FIXATION,PRELEVEMENT SANS VALEUR : PAR MAUVAISE FIXATION,non,
0113,0,CARACTERES GENERAUX,01,GENERALITE SUR LES PRELEVEMENTS ET LES LESIONS,13,PRELEVEMENT SANS VALEUR : PAR INCLUSION INAPPROPRIEE,PRELEVEMENT SANS VALEUR : PAR INCLUSION INAPPROPRIEE,non,
0114,0,CARACTERES GENERAUX,01,GENERALITE SUR LES PRELEVEMENTS ET LES LESIONS,14,PRELEVEMENT SANS VALEUR : PAR ALTERATION DUE AU PRELEVEMENT,PRELEVEMENT SANS VALEUR : PAR ALTERATION DUE AU PRELEVEMENT,non,
0115,0,CARACTERES GENERAUX,01,GENERALITE SUR LES PRELEVEMENTS ET LES LESIONS,15,PRELEVEMENT SANS VALEUR : PAR NECROSE,PRELEVEMENT SANS VALEUR : PAR NECROSE,non,
0116,0,CARACTERES GENERAUX,01,GENERALITE SUR LES PRELEVEMENTS ET LES LESIONS,16,PRELEVEMENT SANS VALEUR : PAR PUTREFACTION OU AUTOLYSE CADAVERIQUE,PRELEVEMENT SANS VALEUR : PAR PUTREFACTION OU AUTOLYSE CADAVERIQUE,non,
0117,0,CARACTERES GENERAUX,01,GENERALITE SUR LES PRELEVEMENTS ET LES LESIONS,17,PRELEVEMENT SANS VALEUR : PAR ARTEFACT,PRELEVEMENT SANS VALEUR : PAR ARTEFACT,non,
0118,0,CARACTERES GENERAUX,01,GENERALITE SUR LES PRELEVEMENTS ET LES LESIONS,18,"ABSENCE DE PRELEVEMENT (FLACON VIDE,...)","ABSENCE DE PRELEVEMENT (FLACON VIDE,...)",non,1997 AJOUT
0119,0,CARACTERES GENERAUX,01,GENERALITE SUR LES PRELEVEMENTS ET LES LESIONS,19,PRELEVEMENT SANS VALEUR : PAR ERREUR DE PRELEVEMENT DE L'ORGANE OU DE LA LESION (PRELEVEMENT NON CONTRIBUTIF),PRELEVEMENT SANS VALEUR : PAR ERREUR DE PRELEVEMENT DE L'ORGANE OU DE LA LESION (PRELEVEMENT NON CONTRIBUTIF),non,1992 AJOUT
0120,0,CARACTERES GENERAUX,01,GENERALITE SUR LES PRELEVEMENTS ET LES LESIONS,20,PRELEVEMENT A USAGE DE GREFFE,PRELEVEMENT A USAGE DE GREFFE,non,
0121,0,CARACTERES GENERAUX,01,GENERALITE SUR LES PRELEVEMENTS ET LES LESIONS,21,PRELEVEMENT EN URGENCE (REPONSE EN HEURES),PRELEVEMENT EN URGENCE (REPONSE EN HEURES),non,1992 AJOUT
0122,0,CARACTERES GENERAUX,01,GENERALITE SUR LES PRELEVEMENTS ET LES LESIONS,22,REPONSE DIFFEREE,REPONSE DIFFEREE,non,1997 AJOUT
0130,0,CARACTERES GENERAUX,01,GENERALITE SUR LES PRELEVEMENTS ET LES LESIONS,30,MORT SUBITE,MORT SUBITE,non,
0131,0,CARACTERES GENERAUX,01,GENERALITE SUR LES PRELEVEMENTS ET LES LESIONS,31,MORT SUBITE INEXPLIQUEE DU NOURRISSON,MORT SUBITE INEXPLIQUEE DU NOURRISSON,non,
0132,0,CARACTERES GENERAUX,01,GENERALITE SUR LES PRELEVEMENTS ET LES LESIONS,32,MORT SUBITE DU NOUVEAU-NE (DOUBLE CODAGE DE LA CAUSE SI ELLE EST CONNUE),MORT SUBITE DU NOUVEAU-NE (DOUBLE CODAGE DE LA CAUSE SI ELLE EST CONNUE),non,1999 AJOUT
0133,0,CARACTERES GENERAUX,01,GENERALITE SUR LES PRELEVEMENTS ET LES LESIONS,33,MORT FOETALE IN UTERO,MORT FOETALE IN UTERO,non,1999 AJOUT
0140,0,CARACTERES GENERAUX,01,GENERALITE SUR LES PRELEVEMENTS ET LES LESIONS,40,LESION SANS INTERET,LESION SANS INTERET,non,
0142,0,CARACTERES GENERAUX,01,GENERALITE SUR LES PRELEVEMENTS ET LES LESIONS,42,LESION POSTMORTEM,LESION POSTMORTEM,non,
0143,0,CARACTERES GENERAUX,01,GENERALITE SUR LES PRELEVEMENTS ET LES LESIONS,43,MACERATION MINIME,MACERATION MINIME,non,
0144,0,CARACTERES GENERAUX,01,GENERALITE SUR LES PRELEVEMENTS ET LES LESIONS,44,MACERATION MOYENNE,MACERATION MOYENNE,non,
0145,0,CARACTERES GENERAUX,01,GENERALITE SUR LES PRELEVEMENTS ET LES LESIONS,45,MACERATION MAJEURE,MACERATION MAJEURE,non,
0146,0,CARACTERES GENERAUX,01,GENERALITE SUR LES PRELEVEMENTS ET LES LESIONS,46,MOMIFICATION POSTMORTEM,MOMIFICATION POSTMORTEM,non,
0150,0,CARACTERES GENERAUX,01,GENERALITE SUR LES PRELEVEMENTS ET LES LESIONS,50,LESION D'INTERET PARTICULIER,LESION D'INTERET PARTICULIER,non,
0151,0,CARACTERES GENERAUX,01,GENERALITE SUR LES PRELEVEMENTS ET LES LESIONS,51,LESION D'INTERET PARTICULIER POUR SA RARETE,LESION D'INTERET PARTICULIER POUR SA RARETE,non,
0152,0,CARACTERES GENERAUX,01,GENERALITE SUR LES PRELEVEMENTS ET LES LESIONS,52,LESION D'INTERET PARTICULIER POUR PUBLICATION,LESION D'INTERET PARTICULIER POUR PUBLICATION,non,
0153,0,CARACTERES GENERAUX,01,GENERALITE SUR LES PRELEVEMENTS ET LES LESIONS,53,LESION D'INTERET PARTICULIER POUR COLLECTION,LESION D'INTERET PARTICULIER POUR COLLECTION,non,
0154,0,CARACTERES GENERAUX,01,GENERALITE SUR LES PRELEVEMENTS ET LES LESIONS,54,PIECE MACROSCOPIQUE A GARDER,PIECE MACROSCOPIQUE A GARDER,non,1998 AJOUT
0155,0,CARACTERES GENERAUX,01,GENERALITE SUR LES PRELEVEMENTS ET LES LESIONS,55,BLOC D'INCLUSION A GARDER AU DELA DU DELAI LEGAL,BLOC D'INCLUSION A GARDER AU DELA DU DELAI LEGAL,non,1998 AJOUT
0156,0,CARACTERES GENERAUX,01,GENERALITE SUR LES PRELEVEMENTS ET LES LESIONS,56,"LESION D'INTERET PARTICULIER AYANT FAIT L'OBJET D'UN PROTOCOLE DE RECHERCHE (DOUBLE CODAGE AVEC 0191, 0193, 0194)","LESION D'INTERET PARTICULIER AYANT FAIT L'OBJET D'UN PROTOCOLE DE RECHERCHE (DOUBLE CODAGE AVEC 0191, 0193, 0194)",non,2007 AJOUT
0160,0,CARACTERES GENERAUX,01,GENERALITE SUR LES PRELEVEMENTS ET LES LESIONS,60,LESION DE DIAGNOSTIC NON EVIDENT,LESION DE DIAGNOSTIC NON EVIDENT,non,
0161,0,CARACTERES GENERAUX,01,GENERALITE SUR LES PRELEVEMENTS ET LES LESIONS,61,LESION DIFFICILE A CLASSER (DIAGNOSTIC INCERTAIN),LESION DIFFICILE A CLASSER (DIAGNOSTIC INCERTAIN),non,
0162,0,CARACTERES GENERAUX,01,GENERALITE SUR LES PRELEVEMENTS ET LES LESIONS,62,LESION NON IDENTIFIEE OU NON IDENTIFIABLE (DIAGNOSTIC IMPOSSIBLE),LESION NON IDENTIFIEE OU NON IDENTIFIABLE (DIAGNOSTIC IMPOSSIBLE),non,
0163,0,CARACTERES GENERAUX,01,GENERALITE SUR LES PRELEVEMENTS ET LES LESIONS,63,LESION A EVALUATION OU INTERPRETATION LIMITEE PAR INSUFFISANCE OU ABSENCE DE RENSEIGNEMENTS CLINIQUES,LESION A EVALUATION OU INTERPRETATION LIMITEE PAR INSUFFISANCE OU ABSENCE DE RENSEIGNEMENTS CLINIQUES,non,1998 AJOUT
0164,0,CARACTERES GENERAUX,01,GENERALITE SUR LES PRELEVEMENTS ET LES LESIONS,64,LESION A EVALUATION OU INTERPRETATION LIMITEE PAR MATERIEL INSUFFISANT OU INADEQUAT,LESION A EVALUATION OU INTERPRETATION LIMITEE PAR MATERIEL INSUFFISANT OU INADEQUAT,non,1998 AJOUT
0165,0,CARACTERES GENERAUX,01,GENERALITE SUR LES PRELEVEMENTS ET LES LESIONS,65,LESION DONT LA BENIGNITE OU LA MALIGNITE N'EST PAS ASSUREE,LESION DONT LA BENIGNITE OU LA MALIGNITE N'EST PAS ASSUREE,non,
0166,0,CARACTERES GENERAUX,01,GENERALITE SUR LES PRELEVEMENTS ET LES LESIONS,66,ASSOCIATION OU COLLISION LESIONNELLE,ASSOCIATION OU COLLISION LESIONNELLE,non,2007 AJOUT
0169,0,CARACTERES GENERAUX,01,GENERALITE SUR LES PRELEVEMENTS ET LES LESIONS,69,EXAMEN COMPLEMENTAIRE REALISE À LA DEMANDE DU CLINICIEN,EXAMEN COMPLEMENTAIRE REALISE A LA DEMANDE DU CLINICIEN,non,2007 AJOUT
0170,0,CARACTERES GENERAUX,01,GENERALITE SUR LES PRELEVEMENTS ET LES LESIONS,70,LESION A EXPERTISER (SAI),LESION A EXPERTISER (SAI),oui,
0171,0,CARACTERES GENERAUX,01,GENERALITE SUR LES PRELEVEMENTS ET LES LESIONS,71,LESION ENVOYEE POUR EXPERTISE (DEMANDE D'AVIS),LESION ENVOYEE POUR EXPERTISE (DEMANDE D'AVIS),non,
0172,0,CARACTERES GENERAUX,01,GENERALITE SUR LES PRELEVEMENTS ET LES LESIONS,72,LESION RECUE POUR EXPERTISE (REPONSE A UNE DEMANDE D'AVIS),LESION RECUE POUR EXPERTISE (REPONSE A UNE DEMANDE D'AVIS),non,
0174,0,CARACTERES GENERAUX,01,GENERALITE SUR LES PRELEVEMENTS ET LES LESIONS,74,LESION D'INTERET MEDICO-LEGAL,LESION D'INTERET MEDICO-LEGAL,non,1997 AJOUT
0175,0,CARACTERES GENERAUX,01,GENERALITE SUR LES PRELEVEMENTS ET LES LESIONS,75,LESION AYANT FAIT L'OBJET D'UNE EXPERTISE MEDICOLEGALE,LESION AYANT FAIT L'OBJET D'UNE EXPERTISE MEDICOLEGALE,non,
0178,0,CARACTERES GENERAUX,01,GENERALITE SUR LES PRELEVEMENTS ET LES LESIONS,78,"LESION AYANT FAIT L'OBJET D'EXPERTISES DIVERSES (ASSURANCES, ANCIENS COMBATTANTS ETC)","LESION AYANT FAIT L'OBJET D'EXPERTISES DIVERSES (ASSURANCES, ANCIENS COMBATTANTS ETC)",non,
0179,0,CARACTERES GENERAUX,01,GENERALITE SUR LES PRELEVEMENTS ET LES LESIONS,79,LESION REVUE A LA DEMANDE D'UN MEDECIN,LESION REVUE A LA DEMANDE D'UN MEDECIN,non,1997 AJOUT
0180,0,CARACTERES GENERAUX,01,GENERALITE SUR LES PRELEVEMENTS ET LES LESIONS,80,LESION COMMUNIQUEE (SAI),LESION COMMUNIQUEE (SAI),oui,
0181,0,CARACTERES GENERAUX,01,GENERALITE SUR LES PRELEVEMENTS ET LES LESIONS,81,LESION (LAME OU BLOC) ENVOYEE EN REPONSE A UNE DEMANDE,LESION (LAME OU BLOC) ENVOYEE EN REPONSE A UNE DEMANDE,non,
0185,0,CARACTERES GENERAUX,01,GENERALITE SUR LES PRELEVEMENTS ET LES LESIONS,85,LESION (LAME OU BLOC) REÇUE EN REPONSE A UNE DEMANDE,LESION (LAME OU BLOC) RECUE EN REPONSE A UNE DEMANDE,non,
0187,0,CARACTERES GENERAUX,01,GENERALITE SUR LES PRELEVEMENTS ET LES LESIONS,87,COMPTE RENDU REMIS AU PATIENT,COMPTE RENDU REMIS AU PATIENT,non,2007 AJOUT
0188,0,CARACTERES GENERAUX,01,GENERALITE SUR LES PRELEVEMENTS ET LES LESIONS,88,LESION (LAME OU BLOC) CONFIEE AU MALADE,LESION (LAME OU BLOC) CONFIEE AU MALADE,non,
0189,0,CARACTERES GENERAUX,01,GENERALITE SUR LES PRELEVEMENTS ET LES LESIONS,89,LESION AVEC COMPTE RENDU MODIFIE A LA DEMANDE DU MEDECIN TRAITANT,LESION AVEC COMPTE RENDU MODIFIE A LA DEMANDE DU MEDECIN TRAITANT,non,
0190,0,CARACTERES GENERAUX,01,GENERALITE SUR LES PRELEVEMENTS ET LES LESIONS,90,LESION NON CODEE A L'ADICAP,LESION NON CODEE A L'ADICAP,non,
0191,0,CARACTERES GENERAUX,01,GENERALITE SUR LES PRELEVEMENTS ET LES LESIONS,91,PATIENT A INCLURE OU INCLUS DANS UN PROTOCOLE - CONSENTEMENT ACCEPTÉ,PATIENT A INCLURE OU INCLUS DANS UN PROTOCOLE - CONSENTEMENT ACCEPTE,non,2007 AJOUT
0192,0,CARACTERES GENERAUX,01,GENERALITE SUR LES PRELEVEMENTS ET LES LESIONS,92,PATIENT A INCLURE DANS UN PROTOCOLE - REFUS CONNU (PATIENT EXCLU),PATIENT A INCLURE DANS UN PROTOCOLE - REFUS CONNU (PATIENT EXCLU),non,2007 AJOUT
0193,0,CARACTERES GENERAUX,01,GENERALITE SUR LES PRELEVEMENTS ET LES LESIONS,93,PATIENT A INCLURE DANS UN PROTOCOLE - CONSENTEMENT NON CONNU,PATIENT A INCLURE DANS UN PROTOCOLE - CONSENTEMENT NON CONNU,non,2007 AJOUT
0194,0,CARACTERES GENERAUX,01,GENERALITE SUR LES PRELEVEMENTS ET LES LESIONS,94,ETUDE GENETIQUE CONSTITUTIONNELLE - AUTORISATION CONNUE,ETUDE GENETIQUE CONSTITUTIONNELLE - AUTORISATION CONNUE,non,2007 AJOUT
0195,0,CARACTERES GENERAUX,01,GENERALITE SUR LES PRELEVEMENTS ET LES LESIONS,95,LESION A CONTROLER ET/OU EXAMEN A RENOUVELER,LESION A CONTROLER ET/OU EXAMEN A RENOUVELER,non,1997 AJOUT
0197,0,CARACTERES GENERAUX,01,GENERALITE SUR LES PRELEVEMENTS ET LES LESIONS,97,PATIENT INCLUS DANS UN PROTOCOLE THERAPEUTIQUE,PATIENT INCLUS DANS UN PROTOCOLE THERAPEUTIQUE,non,1998 AJOUT
0198,0,CARACTERES GENERAUX,01,GENERALITE SUR LES PRELEVEMENTS ET LES LESIONS,98,PATIENT FAISANT L'OBJET D'UNE REUNION DE CONCERTATION PLURIDISCIPLINAIRE (RCP),PATIENT FAISANT L'OBJET D'UNE REUNION DE CONCERTATION PLURIDISCIPLINAIRE (RCP),non,2007 AJOUT
0200,0,CARACTERES GENERAUX,02,LESION PARTICULIERE A CERTAINS ORGANES MALADIES HEREDITAIRES,00,LESION PARTICULIERE A CERTAINS ORGANES MALADIES HEREDITAIRES,LESION PARTICULIERE A CERTAINS ORGANES MALADIES HEREDITAIRES,non,
1000,1,MALADIE INNEE ET GRANDE MALFORMATION EXTERNE,10,MALADIES HEREDITAIRES (SAI),00,MALADIES HEREDITAIRES (SAI),MALADIES HEREDITAIRES (SAI),oui,
1010,1,MALADIE INNEE ET GRANDE MALFORMATION EXTERNE,10,MALADIES HEREDITAIRES (SAI),10,DYSPLASIE CONGENITALE SYSTEMIQUE - PHACOMATOSE - HAMARTOMATOSE (SAI),DYSPLASIE CONGENITALE SYSTEMIQUE - PHACOMATOSE - HAMARTOMATOSE (SAI),oui,
1012,1,MALADIE INNEE ET GRANDE MALFORMATION EXTERNE,10,MALADIES HEREDITAIRES (SAI),12,MALADIE DE BOURNEVILLE,MALADIE DE BOURNEVILLE,non,
1013,1,MALADIE INNEE ET GRANDE MALFORMATION EXTERNE,10,MALADIES HEREDITAIRES (SAI),13,MALADIE DE COWDEN,MALADIE DE COWDEN,non,
1015,1,MALADIE INNEE ET GRANDE MALFORMATION EXTERNE,10,MALADIES HEREDITAIRES (SAI),15,MALADIE DE GARDNER,MALADIE DE GARDNER,non,
1016,1,MALADIE INNEE ET GRANDE MALFORMATION EXTERNE,10,MALADIES HEREDITAIRES (SAI),16,MALADIE DE MAFFUCI,MALADIE DE MAFFUCI,non,
1018,1,MALADIE INNEE ET GRANDE MALFORMATION EXTERNE,10,MALADIES HEREDITAIRES (SAI),18,MALADIE D'OLDFIELD,MALADIE D'OLDFIELD,non,
1020,1,MALADIE INNEE ET GRANDE MALFORMATION EXTERNE,10,MALADIES HEREDITAIRES (SAI),20,NEUROFIBROMATOSE,NEUROFIBROMATOSE,non,2007 MODIF
1021,1,MALADIE INNEE ET GRANDE MALFORMATION EXTERNE,10,MALADIES HEREDITAIRES (SAI),21,NEUROFIBROMATOSE DE TYPE I - MALADIE DE VON RECKLINGHAUSEN,NEUROFIBROMATOSE DE TYPE I - MALADIE DE VON RECKLINGHAUSEN,non,2007 MODIF
1022,1,MALADIE INNEE ET GRANDE MALFORMATION EXTERNE,10,MALADIES HEREDITAIRES (SAI),22,NEUROFIBROMATOSE DE TYPE II - CENTRALE,NEUROFIBROMATOSE DE TYPE II - CENTRALE,non,2007 MODIF
1023,1,MALADIE INNEE ET GRANDE MALFORMATION EXTERNE,10,MALADIES HEREDITAIRES (SAI),23,MALADIE DE STURGE-WEBER-KRABBE,MALADIE DE STURGE-WEBER-KRABBE,non,
1025,1,MALADIE INNEE ET GRANDE MALFORMATION EXTERNE,10,MALADIES HEREDITAIRES (SAI),25,MALADIE DE VON HIPPEL-LINDAU,MALADIE DE VON HIPPEL-LINDAU,non,
1026,1,MALADIE INNEE ET GRANDE MALFORMATION EXTERNE,10,MALADIES HEREDITAIRES (SAI),26,NEOPLASIE ENDOCRINIENNE MULTIPLE DE TYPE 1 - NEM 1 - MALADIE DE WERNER (DOUBLE CODAGE AVEC LES TUMEURS RETROUVEES),NEOPLASIE ENDOCRINIENNE MULTIPLE DE TYPE 1 - NEM 1 - MALADIE DE WERNER (DOUBLE CODAGE AVEC LES TUMEURS RETROUVEES),non,1999 AJOUT
1027,1,MALADIE INNEE ET GRANDE MALFORMATION EXTERNE,10,MALADIES HEREDITAIRES (SAI),27,NEOPLASIE ENDOCRINIENNE MULTIPLE DE TYPE 2A - NEM 2A - MALADIE DE SIPPLE-WERNER (DOUBLE CODAGE AVEC LES TUMEURS RETROUVEES),NEOPLASIE ENDOCRINIENNE MULTIPLE DE TYPE 2A - NEM 2A - MALADIE DE SIPPLE-WERNER (DOUBLE CODAGE AVEC LES TUMEURS RETROUVEES),non,1999 AJOUT
1028,1,MALADIE INNEE ET GRANDE MALFORMATION EXTERNE,10,MALADIES HEREDITAIRES (SAI),28,NEOPLASIE ENDOCRINIENNE MULTIPLE DE TYPE 2B - NEM 2B - MALADIE DE GORLIN-WERNER (DOUBLE CODAGE AVEC LES TUMEURS RETROUVEES),NEOPLASIE ENDOCRINIENNE MULTIPLE DE TYPE 2B - NEM 2B - MALADIE DE GORLIN-WERNER (DOUBLE CODAGE AVEC LES TUMEURS RETROUVEES),non,1999 AJOUT
1029,1,MALADIE INNEE ET GRANDE MALFORMATION EXTERNE,10,MALADIES HEREDITAIRES (SAI),29,DYSPLASIE CONGENITALE SYSTEMIQUE (NCA),DYSPLASIE CONGENITALE SYSTEMIQUE (NCA),non,
1030,1,MALADIE INNEE ET GRANDE MALFORMATION EXTERNE,10,MALADIES HEREDITAIRES (SAI),30,SYNDROME DE LI-FRAUMENI CYTOGENETIQUE,SYNDROME DE LI-FRAUMENI CYTOGENETIQUE,non,2000 AJOUT
1100,1,MALADIE INNEE ET GRANDE MALFORMATION EXTERNE,11,ANOMALIE CHROMOSOMIQUE,00,ANOMALIE CHROMOSOMIQUE,ANOMALIE CHROMOSOMIQUE,non,
1102,1,MALADIE INNEE ET GRANDE MALFORMATION EXTERNE,11,ANOMALIE CHROMOSOMIQUE,02,CHROMOSOME : ANOMALIE SUSPECTEE MAIS NON PROUVEE,CHROMOSOME : ANOMALIE SUSPECTEE MAIS NON PROUVEE,non,
1110,1,MALADIE INNEE ET GRANDE MALFORMATION EXTERNE,11,ANOMALIE CHROMOSOMIQUE,10,POLYPLOIDIE (SAI),POLYPLOIDIE (SAI),oui,
1112,1,MALADIE INNEE ET GRANDE MALFORMATION EXTERNE,11,ANOMALIE CHROMOSOMIQUE,12,TETRAPLOIDIE,TETRAPLOIDIE,non,
1113,1,MALADIE INNEE ET GRANDE MALFORMATION EXTERNE,11,ANOMALIE CHROMOSOMIQUE,13,TETRAPLOIDIE MOSAIQUE,TETRAPLOIDIE MOSAIQUE,non,
1114,1,MALADIE INNEE ET GRANDE MALFORMATION EXTERNE,11,ANOMALIE CHROMOSOMIQUE,14,TRIPLOIDIE,TRIPLOIDIE,non,
1115,1,MALADIE INNEE ET GRANDE MALFORMATION EXTERNE,11,ANOMALIE CHROMOSOMIQUE,15,TRIPLOIDIE MOSAIQUE,TRIPLOIDIE MOSAIQUE,non,1992 AJOUT
1120,1,MALADIE INNEE ET GRANDE MALFORMATION EXTERNE,11,ANOMALIE CHROMOSOMIQUE,20,ANOMALIE AUTOSOMIQUE NUMERIQUE - ANEUPLOIDIE AUTOSOMIQUE,ANOMALIE AUTOSOMIQUE NUMERIQUE - ANEUPLOIDIE AUTOSOMIQUE,non,
1121,1,MALADIE INNEE ET GRANDE MALFORMATION EXTERNE,11,ANOMALIE CHROMOSOMIQUE,21,TRISOMIE (SAI),TRISOMIE (SAI),oui,
1122,1,MALADIE INNEE ET GRANDE MALFORMATION EXTERNE,11,ANOMALIE CHROMOSOMIQUE,22,TRISOMIE 8,TRISOMIE 8,non,
1123,1,MALADIE INNEE ET GRANDE MALFORMATION EXTERNE,11,ANOMALIE CHROMOSOMIQUE,23,TRISOMIE 13,TRISOMIE 13,non,1998 MODIF
1125,1,MALADIE INNEE ET GRANDE MALFORMATION EXTERNE,11,ANOMALIE CHROMOSOMIQUE,25,TRISOMIE 18,TRISOMIE 18,non,1998 MODIF
1127,1,MALADIE INNEE ET GRANDE MALFORMATION EXTERNE,11,ANOMALIE CHROMOSOMIQUE,27,TRISOMIE 21,TRISOMIE 21,non,1998 MODIF
1128,1,MALADIE INNEE ET GRANDE MALFORMATION EXTERNE,11,ANOMALIE CHROMOSOMIQUE,28,MONOSOMIE AUTOSOMIQUE (TOUTE FORME),MONOSOMIE AUTOSOMIQUE (TOUTE FORME),non,
1129,1,MALADIE INNEE ET GRANDE MALFORMATION EXTERNE,11,ANOMALIE CHROMOSOMIQUE,29,MOSAIQUE AUTOSOMIQUE (SAI),MOSAIQUE AUTOSOMIQUE (SAI),oui,
1130,1,MALADIE INNEE ET GRANDE MALFORMATION EXTERNE,11,ANOMALIE CHROMOSOMIQUE,30,ANOMALIE AUTOSOMIQUE DE STRUCTURE,ANOMALIE AUTOSOMIQUE DE STRUCTURE,non,
1131,1,MALADIE INNEE ET GRANDE MALFORMATION EXTERNE,11,ANOMALIE CHROMOSOMIQUE,31,DELETION DU BRAS COURT DU CHROMOSOME 4,DELETION DU BRAS COURT DU CHROMOSOME 4,non,
1132,1,MALADIE INNEE ET GRANDE MALFORMATION EXTERNE,11,ANOMALIE CHROMOSOMIQUE,32,DELETION DU BRAS COURT DU CHROMOSOME 5 - MALADIE DU CRI DU CHAT,DELETION DU BRAS COURT DU CHROMOSOME 5 - MALADIE DU CRI DU CHAT,non,1992 AJOUT
1133,1,MALADIE INNEE ET GRANDE MALFORMATION EXTERNE,11,ANOMALIE CHROMOSOMIQUE,33,DELETION AVEC TRISOMIE PARTIELLE,DELETION AVEC TRISOMIE PARTIELLE,non,1992 AJOUT
1134,1,MALADIE INNEE ET GRANDE MALFORMATION EXTERNE,11,ANOMALIE CHROMOSOMIQUE,34,DELETIONS AVEC MONOSOMIE PARTIELLE AUTOSOMIQUES OU AUTRE DELETION (SAI),DELETIONS AVEC MONOSOMIE PARTIELLE AUTOSOMIQUES OU AUTRE DELETION (SAI),oui,1992 AJOUT
1135,1,MALADIE INNEE ET GRANDE MALFORMATION EXTERNE,11,ANOMALIE CHROMOSOMIQUE,35,DELETION PARTIELLE DU BRAS LONG DU CHROMOSOME 13 AVEC RETINOBLASTOME,DELETION PARTIELLE DU BRAS LONG DU CHROMOSOME 13 AVEC RETINOBLASTOME,non,
1136,1,MALADIE INNEE ET GRANDE MALFORMATION EXTERNE,11,ANOMALIE CHROMOSOMIQUE,36,DELETION PARTIELLE DU BRAS COURT DU CHROMOSOME 11 - SYNDROME WRAG (TUMEUR DE WILMS - ANIRIDIE),DELETION PARTIELLE DU BRAS COURT DU CHROMOSOME 11 - SYNDROME WRAG (TUMEUR DE WILMS - ANIRIDIE),non,
1137,1,MALADIE INNEE ET GRANDE MALFORMATION EXTERNE,11,ANOMALIE CHROMOSOMIQUE,37,DELETION DU BRAS COURT DU CHROMOSOME 18,DELETION DU BRAS COURT DU CHROMOSOME 18,non,
1139,1,MALADIE INNEE ET GRANDE MALFORMATION EXTERNE,11,ANOMALIE CHROMOSOMIQUE,39,DELETION DU BRAS LONG DU CHROMOSOME 18,DELETION DU BRAS LONG DU CHROMOSOME 18,non,
1140,1,MALADIE INNEE ET GRANDE MALFORMATION EXTERNE,11,ANOMALIE CHROMOSOMIQUE,40,DELETION PARTIELLE DU BRAS LONG DU 22 (DEL 22Q11) AVEC CARDIOPATHIE - CATCH 22 SEQUENCE,DELETION PARTIELLE DU BRAS LONG DU 22 (DEL 22Q11) AVEC CARDIOPATHIE - CATCH 22 SEQUENCE,non,1997 AJOUT
1141,1,MALADIE INNEE ET GRANDE MALFORMATION EXTERNE,11,ANOMALIE CHROMOSOMIQUE,41,TRANSLOCATION AUTOSOMIQUE (TOUTE FORME),TRANSLOCATION AUTOSOMIQUE (TOUTE FORME),non,
1142,1,MALADIE INNEE ET GRANDE MALFORMATION EXTERNE,11,ANOMALIE CHROMOSOMIQUE,42,TRANSLOCATION X - AUTOSOME (TOUTE FORME),TRANSLOCATION X - AUTOSOME (TOUTE FORME),non,1992 AJOUT
1143,1,MALADIE INNEE ET GRANDE MALFORMATION EXTERNE,11,ANOMALIE CHROMOSOMIQUE,43,CHROMOSOME EN ANNEAU,CHROMOSOME EN ANNEAU,non,
1144,1,MALADIE INNEE ET GRANDE MALFORMATION EXTERNE,11,ANOMALIE CHROMOSOMIQUE,44,DUPLICATION CHROMOSOMIQUE,DUPLICATION CHROMOSOMIQUE,non,1992 AJOUT
1145,1,MALADIE INNEE ET GRANDE MALFORMATION EXTERNE,11,ANOMALIE CHROMOSOMIQUE,45,INVERSION CHROMOSOMIQUE,INVERSION CHROMOSOMIQUE,non,
1146,1,MALADIE INNEE ET GRANDE MALFORMATION EXTERNE,11,ANOMALIE CHROMOSOMIQUE,46,INSERTION CHROMOSOMIQUE,INSERTION CHROMOSOMIQUE,non,1992 AJOUT
1147,1,MALADIE INNEE ET GRANDE MALFORMATION EXTERNE,11,ANOMALIE CHROMOSOMIQUE,47,ISOCHROMOSOME (DIVISION TRANSVERSALE),ISOCHROMOSOME (DIVISION TRANSVERSALE),non,
1148,1,MALADIE INNEE ET GRANDE MALFORMATION EXTERNE,11,ANOMALIE CHROMOSOMIQUE,48,CHROMOSOME SURNUMERAIRE NON ETIQUETE AVEC CARYOTYPE PARENTAL NORMAL,CHROMOSOME SURNUMERAIRE NON ETIQUETE AVEC CARYOTYPE PARENTAL NORMAL,non,1992 AJOUT
1150,1,MALADIE INNEE ET GRANDE MALFORMATION EXTERNE,11,ANOMALIE CHROMOSOMIQUE,50,ANOMALIE NUMERIQUE DES CHROMOSOMES SEXUELS,ANOMALIE NUMERIQUE DES CHROMOSOMES SEXUELS,non,
1151,1,MALADIE INNEE ET GRANDE MALFORMATION EXTERNE,11,ANOMALIE CHROMOSOMIQUE,51,TRISOMIE X - TRIPLO X,TRISOMIE X - TRIPLO X,non,
1152,1,MALADIE INNEE ET GRANDE MALFORMATION EXTERNE,11,ANOMALIE CHROMOSOMIQUE,52,TRISOMIE X EN MOSAIQUE,TRISOMIE X EN MOSAIQUE,non,1992 AJOUT
1153,1,MALADIE INNEE ET GRANDE MALFORMATION EXTERNE,11,ANOMALIE CHROMOSOMIQUE,53,"SYNDROME DE KLINEFELTER (47,XXY)","SYNDROME DE KLINEFELTER (47,XXY)",non,
1154,1,MALADIE INNEE ET GRANDE MALFORMATION EXTERNE,11,ANOMALIE CHROMOSOMIQUE,54,SYNDROME DE KLINEFELTER AVEC MOSAIQUE,SYNDROME DE KLINEFELTER AVEC MOSAIQUE,non,
1155,1,MALADIE INNEE ET GRANDE MALFORMATION EXTERNE,11,ANOMALIE CHROMOSOMIQUE,55,POLYSOMIE GONOSOMIQUE (NCA),POLYSOMIE GONOSOMIQUE (NCA),non,1992 AJOUT
1156,1,MALADIE INNEE ET GRANDE MALFORMATION EXTERNE,11,ANOMALIE CHROMOSOMIQUE,56,MONOSOMIE X LETHALE,MONOSOMIE X LETHALE,non,
1157,1,MALADIE INNEE ET GRANDE MALFORMATION EXTERNE,11,ANOMALIE CHROMOSOMIQUE,57,"SYNDROME DE TURNER (45,X)","SYNDROME DE TURNER (45,X)",non,
1158,1,MALADIE INNEE ET GRANDE MALFORMATION EXTERNE,11,ANOMALIE CHROMOSOMIQUE,58,SYNDROME DE TURNER AVEC MOSAIQUE,SYNDROME DE TURNER AVEC MOSAIQUE,non,
1159,1,MALADIE INNEE ET GRANDE MALFORMATION EXTERNE,11,ANOMALIE CHROMOSOMIQUE,59,SYNDROME DE NOONAN (PSEUDOTURNER A CARYOTYPE NORMAL),SYNDROME DE NOONAN (PSEUDOTURNER A CARYOTYPE NORMAL),non,
1170,1,MALADIE INNEE ET GRANDE MALFORMATION EXTERNE,11,ANOMALIE CHROMOSOMIQUE,70,ANOMALIE DE STRUCTURE DES CHROMOSOMES SEXUELS,ANOMALIE DE STRUCTURE DES CHROMOSOMES SEXUELS,non,
1171,1,MALADIE INNEE ET GRANDE MALFORMATION EXTERNE,11,ANOMALIE CHROMOSOMIQUE,71,ANOMALIE DE STRUCTURE CHROMOSOME X,ANOMALIE DE STRUCTURE CHROMOSOME X,non,
1172,1,MALADIE INNEE ET GRANDE MALFORMATION EXTERNE,11,ANOMALIE CHROMOSOMIQUE,72,CHROMOSOME XQ - FRA,CHROMOSOME XQ - FRA,non,1992 AJOUT
1173,1,MALADIE INNEE ET GRANDE MALFORMATION EXTERNE,11,ANOMALIE CHROMOSOMIQUE,73,CHROMOSOME X : ISOCHROMOSOME,CHROMOSOME X : ISOCHROMOSOME,non,1992 AJOUT
1174,1,MALADIE INNEE ET GRANDE MALFORMATION EXTERNE,11,ANOMALIE CHROMOSOMIQUE,74,CHROMOSOME X : MONOSOMIE XP (XP22 - PTER),CHROMOSOME X : MONOSOMIE XP (XP22 - PTER),non,1992 AJOUT
1175,1,MALADIE INNEE ET GRANDE MALFORMATION EXTERNE,11,ANOMALIE CHROMOSOMIQUE,75,CHROMOSOME Y : ANOMALIE DE STRUCTURE,CHROMOSOME Y : ANOMALIE DE STRUCTURE,non,
1180,1,MALADIE INNEE ET GRANDE MALFORMATION EXTERNE,11,ANOMALIE CHROMOSOMIQUE,80,AUTOSOME : ANOMALIE NON CODEE PAR AILLEURS,AUTOSOME : ANOMALIE NON CODEE PAR AILLEURS,non,1992 AJOUT
1181,1,MALADIE INNEE ET GRANDE MALFORMATION EXTERNE,11,ANOMALIE CHROMOSOMIQUE,81,TRANSLOCATION RECIPROQUE EQUILIBREE,TRANSLOCATION RECIPROQUE EQUILIBREE,non,1992 AJOUT
1183,1,MALADIE INNEE ET GRANDE MALFORMATION EXTERNE,11,ANOMALIE CHROMOSOMIQUE,83,TRANSLOCATION ROBERTSONIENNE EQUILIBREE,TRANSLOCATION ROBERTSONIENNE EQUILIBREE,non,1992 AJOUT
1185,1,MALADIE INNEE ET GRANDE MALFORMATION EXTERNE,11,ANOMALIE CHROMOSOMIQUE,85,CHROMOSOME CARYOTYPE NON EQUILIBRE PAR REMANIEMENT PARENTAL,CHROMOSOME CARYOTYPE NON EQUILIBRE PAR REMANIEMENT PARENTAL,non,1992 AJOUT
1187,1,MALADIE INNEE ET GRANDE MALFORMATION EXTERNE,11,ANOMALIE CHROMOSOMIQUE,87,MONOSOMIE PARTIELLE PAR TRANSLOCATION,MONOSOMIE PARTIELLE PAR TRANSLOCATION,non,1992 AJOUT
1189,1,MALADIE INNEE ET GRANDE MALFORMATION EXTERNE,11,ANOMALIE CHROMOSOMIQUE,89,TRISOMIE PARTIELLE PAR TRANSLOCATION,TRISOMIE PARTIELLE PAR TRANSLOCATION,non,1992 AJOUT
1191,1,MALADIE INNEE ET GRANDE MALFORMATION EXTERNE,11,ANOMALIE CHROMOSOMIQUE,91,CHROMOSOME PHILADELPHIE,CHROMOSOME PHILADELPHIE,non,1992 AJOUT
1193,1,MALADIE INNEE ET GRANDE MALFORMATION EXTERNE,11,ANOMALIE CHROMOSOMIQUE,93,TRANSLOCATION 14 - 18,TRANSLOCATION 14 - 18,non,1992 AJOUT
1195,1,MALADIE INNEE ET GRANDE MALFORMATION EXTERNE,11,ANOMALIE CHROMOSOMIQUE,95,CHROMOSOME VARIANT A PATHOLOGIE DISCUTEE,CHROMOSOME VARIANT A PATHOLOGIE DISCUTEE,non,1992 AJOUT
1197,1,MALADIE INNEE ET GRANDE MALFORMATION EXTERNE,11,ANOMALIE CHROMOSOMIQUE,97,"CHROMOSOME ALLONGEMENT DU BRAS COURT D'UN ACROCENTRIQUE (13P+, 14P+, 15P+, 21P+, 22P+) EMBRYOFOETOPATHIES","CHROMOSOME ALLONGEMENT DU BRAS COURT D'UN ACROCENTRIQUE (13P+, 14P+, 15P+, 21P+, 22P+) EMBRYOFOETOPATHIES",non,1992 AJOUT
1200,1,MALADIE INNEE ET GRANDE MALFORMATION EXTERNE,12,EMBRYOFOETOPATHIE,00,EMBRYOFOETOPATHIE,EMBRYOFOETOPATHIE,non,
1210,1,MALADIE INNEE ET GRANDE MALFORMATION EXTERNE,12,EMBRYOFOETOPATHIE,10,EMBRYOFOETOPATHIE INFECTIEUSE,EMBRYOFOETOPATHIE INFECTIEUSE,non,1992 AJOUT
1211,1,MALADIE INNEE ET GRANDE MALFORMATION EXTERNE,12,EMBRYOFOETOPATHIE,11,INFECTION MATERNOFOETALE D'ORIGINE ASCENDANTE,INFECTION MATERNOFOETALE D'ORIGINE ASCENDANTE,non,1998 AJOUT
1212,1,MALADIE INNEE ET GRANDE MALFORMATION EXTERNE,12,EMBRYOFOETOPATHIE,12,INFECTION MATERNOFOETALE D'ORIGINE GENERALE,INFECTION MATERNOFOETALE D'ORIGINE GENERALE,non,1998 AJOUT
1220,1,MALADIE INNEE ET GRANDE MALFORMATION EXTERNE,12,EMBRYOFOETOPATHIE,20,EMBRYOFOETOPATHIE D'EXPOSITION MEDICAMENTEUSE OU TOXIQUE,EMBRYOFOETOPATHIE D'EXPOSITION MEDICAMENTEUSE OU TOXIQUE,non,1992 AJOUT
1230,1,MALADIE INNEE ET GRANDE MALFORMATION EXTERNE,12,EMBRYOFOETOPATHIE,30,EMBRYOFOETOPATHIE PAR MALADIE MATERNELLE,EMBRYOFOETOPATHIE PAR MALADIE MATERNELLE,non,1992 AJOUT
1231,1,MALADIE INNEE ET GRANDE MALFORMATION EXTERNE,12,EMBRYOFOETOPATHIE,31,EMBRYOFOETOPATHIE PAR DIABETE MATERNEL,EMBRYOFOETOPATHIE PAR DIABETE MATERNEL,non,1992 AJOUT
1232,1,MALADIE INNEE ET GRANDE MALFORMATION EXTERNE,12,EMBRYOFOETOPATHIE,32,EMBRYOFOETOPATHIE PAR PHENYLCETONURIE MATERNELLE,EMBRYOFOETOPATHIE PAR PHENYLCETONURIE MATERNELLE,non,1992 AJOUT
1233,1,MALADIE INNEE ET GRANDE MALFORMATION EXTERNE,12,EMBRYOFOETOPATHIE,33,EMBRYOFOETOPATHIE PAR EPILEPSIE MATERNELLE,EMBRYOFOETOPATHIE PAR EPILEPSIE MATERNELLE,non,1992 AJOUT
1234,1,MALADIE INNEE ET GRANDE MALFORMATION EXTERNE,12,EMBRYOFOETOPATHIE,34,"EMBRYOFOETOPATHIE PAR PATHOLOGIE VASCULAIRE MATERNELLE (HTA, TOXEMIE, SYNDROME VASCULO-RENAL)","EMBRYOFOETOPATHIE PAR PATHOLOGIE VASCULAIRE MATERNELLE (HTA, TOXEMIE, SYNDROME VASCULO-RENAL)",non,1992 AJOUT
1235,1,MALADIE INNEE ET GRANDE MALFORMATION EXTERNE,12,EMBRYOFOETOPATHIE,35,EMBRYOFOETOPATHIE PAR TABAGISME MATERNEL MALFORMATIONS NEURO-AXIALES ET NEURO-FACIALES,EMBRYOFOETOPATHIE PAR TABAGISME MATERNEL MALFORMATIONS NEURO-AXIALES ET NEURO-FACIALES,non,1992 AJOUT
1400,1,MALADIE INNEE ET GRANDE MALFORMATION EXTERNE,14,MALFORMATION NEURO-AXIALE ET NEUROFACIALE,00,MALFORMATION NEURO-AXIALE ET NEUROFACIALE,MALFORMATION NEURO-AXIALE ET NEUROFACIALE,non,
1410,1,MALADIE INNEE ET GRANDE MALFORMATION EXTERNE,14,MALFORMATION NEURO-AXIALE ET NEUROFACIALE,10,MALFORMATION NEURO-AXIALE,MALFORMATION NEURO-AXIALE,non,
1411,1,MALADIE INNEE ET GRANDE MALFORMATION EXTERNE,14,MALFORMATION NEURO-AXIALE ET NEUROFACIALE,11,ANENCEPHALIE,ANENCEPHALIE,non,1992 AJOUT
1412,1,MALADIE INNEE ET GRANDE MALFORMATION EXTERNE,14,MALFORMATION NEURO-AXIALE ET NEUROFACIALE,12,ARAPHIE - NEUROSCHIZIS - AMYELIE,ARAPHIE - NEUROSCHIZIS - AMYELIE,non,
1413,1,MALADIE INNEE ET GRANDE MALFORMATION EXTERNE,14,MALFORMATION NEURO-AXIALE ET NEUROFACIALE,13,APLASIE CUTANEE CONGENITALE DU VERTEX,APLASIE CUTANEE CONGENITALE DU VERTEX,non,1992 AJOUT
1414,1,MALADIE INNEE ET GRANDE MALFORMATION EXTERNE,14,MALFORMATION NEURO-AXIALE ET NEUROFACIALE,14,SPINA BIFIDA - DYSRAPHIE NEURO-AXIALE,SPINA BIFIDA - DYSRAPHIE NEURO-AXIALE,non,
1415,1,MALADIE INNEE ET GRANDE MALFORMATION EXTERNE,14,MALFORMATION NEURO-AXIALE ET NEUROFACIALE,15,SPINA BIFIDA OCCULTA,SPINA BIFIDA OCCULTA,non,
1416,1,MALADIE INNEE ET GRANDE MALFORMATION EXTERNE,14,MALFORMATION NEURO-AXIALE ET NEUROFACIALE,16,DYSRAPHIE AVEC MENINGOCELE - MENINGOCELE,DYSRAPHIE AVEC MENINGOCELE - MENINGOCELE,non,
1417,1,MALADIE INNEE ET GRANDE MALFORMATION EXTERNE,14,MALFORMATION NEURO-AXIALE ET NEUROFACIALE,17,LACUNE CRANIENNE CONGENITALE,LACUNE CRANIENNE CONGENITALE,non,1992 AJOUT
1418,1,MALADIE INNEE ET GRANDE MALFORMATION EXTERNE,14,MALFORMATION NEURO-AXIALE ET NEUROFACIALE,18,DYSRAPHIE AVEC ENCEPHALOCELE - ENCEPHALOCELE,DYSRAPHIE AVEC ENCEPHALOCELE - ENCEPHALOCELE,non,
1419,1,MALADIE INNEE ET GRANDE MALFORMATION EXTERNE,14,MALFORMATION NEURO-AXIALE ET NEUROFACIALE,19,DYSRAPHIE AVEC MYELOMENINGOCELE - MYELOMENINGOCELE,DYSRAPHIE AVEC MYELOMENINGOCELE - MYELOMENINGOCELE,non,
1420,1,MALADIE INNEE ET GRANDE MALFORMATION EXTERNE,14,MALFORMATION NEURO-AXIALE ET NEUROFACIALE,20,MALFORMATION NEUROFACIALE,MALFORMATION NEUROFACIALE,non,
1421,1,MALADIE INNEE ET GRANDE MALFORMATION EXTERNE,14,MALFORMATION NEURO-AXIALE ET NEUROFACIALE,21,ARHINENCEPHALIE,ARHINENCEPHALIE,non,
1422,1,MALADIE INNEE ET GRANDE MALFORMATION EXTERNE,14,MALFORMATION NEURO-AXIALE ET NEUROFACIALE,22,CEBOCEPHALIE,CEBOCEPHALIE,non,
1423,1,MALADIE INNEE ET GRANDE MALFORMATION EXTERNE,14,MALFORMATION NEURO-AXIALE ET NEUROFACIALE,23,CYCLOPIE - CYCLOCEPHALIE - SYNOPHTALMIE - DIOPHTALMIE,CYCLOPIE - CYCLOCEPHALIE - SYNOPHTALMIE - DIOPHTALMIE,non,
1424,1,MALADIE INNEE ET GRANDE MALFORMATION EXTERNE,14,MALFORMATION NEURO-AXIALE ET NEUROFACIALE,24,EXENCEPHALIE,EXENCEPHALIE,non,
1425,1,MALADIE INNEE ET GRANDE MALFORMATION EXTERNE,14,MALFORMATION NEURO-AXIALE ET NEUROFACIALE,25,HYDRANENCEPHALIE,HYDRANENCEPHALIE,non,
1426,1,MALADIE INNEE ET GRANDE MALFORMATION EXTERNE,14,MALFORMATION NEURO-AXIALE ET NEUROFACIALE,26,INIENCEPHALIE,INIENCEPHALIE,non,
1427,1,MALADIE INNEE ET GRANDE MALFORMATION EXTERNE,14,MALFORMATION NEURO-AXIALE ET NEUROFACIALE,27,MACROCEPHALIE - MEGALENCEPHALIE,MACROCEPHALIE - MEGALENCEPHALIE,non,
1428,1,MALADIE INNEE ET GRANDE MALFORMATION EXTERNE,14,MALFORMATION NEURO-AXIALE ET NEUROFACIALE,28,MICROCEPHALIE,MICROCEPHALIE,non,
1429,1,MALADIE INNEE ET GRANDE MALFORMATION EXTERNE,14,MALFORMATION NEURO-AXIALE ET NEUROFACIALE,29,PORENCEPHALIE,PORENCEPHALIE,non,
1430,1,MALADIE INNEE ET GRANDE MALFORMATION EXTERNE,14,MALFORMATION NEURO-AXIALE ET NEUROFACIALE,30,HYDROCEPHALIE CONGENITALE,HYDROCEPHALIE CONGENITALE,non,
1431,1,MALADIE INNEE ET GRANDE MALFORMATION EXTERNE,14,MALFORMATION NEURO-AXIALE ET NEUROFACIALE,31,HYDROCEPHALIE PAR STENOSE CONGENITALE DE L'AQUEDUC DE SYLVIUS,HYDROCEPHALIE PAR STENOSE CONGENITALE DE L'AQUEDUC DE SYLVIUS,non,
1440,1,MALADIE INNEE ET GRANDE MALFORMATION EXTERNE,14,MALFORMATION NEURO-AXIALE ET NEUROFACIALE,40,MALFORMATION NEURO-AXIALE PARTICULIERE,MALFORMATION NEURO-AXIALE PARTICULIERE,non,
1442,1,MALADIE INNEE ET GRANDE MALFORMATION EXTERNE,14,MALFORMATION NEURO-AXIALE ET NEUROFACIALE,42,ARNOLD-CHIARI,ARNOLD-CHIARI,non,
1444,1,MALADIE INNEE ET GRANDE MALFORMATION EXTERNE,14,MALFORMATION NEURO-AXIALE ET NEUROFACIALE,44,MALFORMATION DE DANDY-WALKER,MALFORMATION DE DANDY-WALKER,non,
1446,1,MALADIE INNEE ET GRANDE MALFORMATION EXTERNE,14,MALFORMATION NEURO-AXIALE ET NEUROFACIALE,46,SYRINGOMYELIE,SYRINGOMYELIE,non,
1448,1,MALADIE INNEE ET GRANDE MALFORMATION EXTERNE,14,MALFORMATION NEURO-AXIALE ET NEUROFACIALE,48,SYRINGOMYELOBULBIE,SYRINGOMYELOBULBIE,non,
1450,1,MALADIE INNEE ET GRANDE MALFORMATION EXTERNE,14,MALFORMATION NEURO-AXIALE ET NEUROFACIALE,50,MALFORMATION DE LA MOELLE EPINIERE,MALFORMATION DE LA MOELLE EPINIERE,non,1992 AJOUT
1451,1,MALADIE INNEE ET GRANDE MALFORMATION EXTERNE,14,MALFORMATION NEURO-AXIALE ET NEUROFACIALE,51,AMYELIE,AMYELIE,non,1992 AJOUT
1452,1,MALADIE INNEE ET GRANDE MALFORMATION EXTERNE,14,MALFORMATION NEURO-AXIALE ET NEUROFACIALE,52,DIASTEMATOMYELIE,DIASTEMATOMYELIE,non,1992 AJOUT
1454,1,MALADIE INNEE ET GRANDE MALFORMATION EXTERNE,14,MALFORMATION NEURO-AXIALE ET NEUROFACIALE,54,FOSSETTE SACROCOCCYGIENNE,FOSSETTE SACROCOCCYGIENNE,non,1992 AJOUT
1460,1,MALADIE INNEE ET GRANDE MALFORMATION EXTERNE,14,MALFORMATION NEURO-AXIALE ET NEUROFACIALE,60,MALFORMATION DU CRANE - ANOMALIE DE FORME DU CRANE,MALFORMATION DU CRANE - ANOMALIE DE FORME DU CRANE,non,1992 AJOUT
1461,1,MALADIE INNEE ET GRANDE MALFORMATION EXTERNE,14,MALFORMATION NEURO-AXIALE ET NEUROFACIALE,61,CRANIOSYNOSTOSE,CRANIOSYNOSTOSE,non,1992 AJOUT
1462,1,MALADIE INNEE ET GRANDE MALFORMATION EXTERNE,14,MALFORMATION NEURO-AXIALE ET NEUROFACIALE,62,CRANE EN TREFLE MALFORMATIONS DE LA TÊTE ET DU COU,CRANE EN TREFLE MALFORMATIONS DE LA TETE ET DU COU,non,1992 AJOUT
1500,1,MALADIE INNEE ET GRANDE MALFORMATION EXTERNE,15,MALFORMATION OROFACIALE,00,MALFORMATION OROFACIALE,MALFORMATION OROFACIALE,non,
1510,1,MALADIE INNEE ET GRANDE MALFORMATION EXTERNE,15,MALFORMATION OROFACIALE,10,DYSRAPHIE FACIALE – FENTE FACIALE - FISSURE FACIALE,DYSRAPHIE FACIALE – FENTE FACIALE - FISSURE FACIALE,non,
1511,1,MALADIE INNEE ET GRANDE MALFORMATION EXTERNE,15,MALFORMATION OROFACIALE,11,FENTE PALATINE,FENTE PALATINE,non,
1512,1,MALADIE INNEE ET GRANDE MALFORMATION EXTERNE,15,MALFORMATION OROFACIALE,12,FENTE LABIALE,FENTE LABIALE,non,
1513,1,MALADIE INNEE ET GRANDE MALFORMATION EXTERNE,15,MALFORMATION OROFACIALE,13,FENTE LABIOGINGIVALE,FENTE LABIOGINGIVALE,non,1992 AJOUT
1514,1,MALADIE INNEE ET GRANDE MALFORMATION EXTERNE,15,MALFORMATION OROFACIALE,14,FENTE LABIOPALATINE,FENTE LABIOPALATINE,non,1992 AJOUT
1515,1,MALADIE INNEE ET GRANDE MALFORMATION EXTERNE,15,MALFORMATION OROFACIALE,15,MALFORMATION DU PALAIS,MALFORMATION DU PALAIS,non,1992 AJOUT
1516,1,MALADIE INNEE ET GRANDE MALFORMATION EXTERNE,15,MALFORMATION OROFACIALE,16,FENTE DU PALAIS POSTERIEUR - LUETTE BIFIDE,FENTE DU PALAIS POSTERIEUR - LUETTE BIFIDE,non,1992 AJOUT
1517,1,MALADIE INNEE ET GRANDE MALFORMATION EXTERNE,15,MALFORMATION OROFACIALE,17,PALAIS OGIVAL,PALAIS OGIVAL,non,1992 AJOUT
1520,1,MALADIE INNEE ET GRANDE MALFORMATION EXTERNE,15,MALFORMATION OROFACIALE,20,MALFORMATION DES MAXILLAIRES SUPERIEURS,MALFORMATION DES MAXILLAIRES SUPERIEURS,non,
1521,1,MALADIE INNEE ET GRANDE MALFORMATION EXTERNE,15,MALFORMATION OROFACIALE,21,FENTE FACIALE MEDIANE - AGENESIE DU MASSIF MEDIAN - AGENESIE PREMAXILLAIRE,FENTE FACIALE MEDIANE - AGENESIE DU MASSIF MEDIAN - AGENESIE PREMAXILLAIRE,non,1992 AJOUT
1525,1,MALADIE INNEE ET GRANDE MALFORMATION EXTERNE,15,MALFORMATION OROFACIALE,25,MALFORMATION DU PHILTRUM,MALFORMATION DU PHILTRUM,non,1992 AJOUT
1527,1,MALADIE INNEE ET GRANDE MALFORMATION EXTERNE,15,MALFORMATION OROFACIALE,27,DYSMORPHIE DE L'ETAGE MOYEN DE LA FACE,DYSMORPHIE DE L'ETAGE MOYEN DE LA FACE,non,1992 AJOUT
1528,1,MALADIE INNEE ET GRANDE MALFORMATION EXTERNE,15,MALFORMATION OROFACIALE,28,DYSMORPHIE DE L'ETAGE MOYEN DE LA FACE : ENFONCEMENT,DYSMORPHIE DE L'ETAGE MOYEN DE LA FACE : ENFONCEMENT,non,1992 AJOUT
1529,1,MALADIE INNEE ET GRANDE MALFORMATION EXTERNE,15,MALFORMATION OROFACIALE,29,DYSMORPHIE DE L'ETAGE MOYEN DE LA FACE : PROTRUSION,DYSMORPHIE DE L'ETAGE MOYEN DE LA FACE : PROTRUSION,non,1992 AJOUT
1530,1,MALADIE INNEE ET GRANDE MALFORMATION EXTERNE,15,MALFORMATION OROFACIALE,30,MALFORMATION DE L'ARC MANDIBULAIRE,MALFORMATION DE L'ARC MANDIBULAIRE,non,
1531,1,MALADIE INNEE ET GRANDE MALFORMATION EXTERNE,15,MALFORMATION OROFACIALE,31,OTOCEPHALIE,OTOCEPHALIE,non,
1532,1,MALADIE INNEE ET GRANDE MALFORMATION EXTERNE,15,MALFORMATION OROFACIALE,32,AGNATHIE - MICROGNATHIE,AGNATHIE - MICROGNATHIE,non,
1533,1,MALADIE INNEE ET GRANDE MALFORMATION EXTERNE,15,MALFORMATION OROFACIALE,33,MALFORMATION DE LA BOUCHE,MALFORMATION DE LA BOUCHE,non,
1534,1,MALADIE INNEE ET GRANDE MALFORMATION EXTERNE,15,MALFORMATION OROFACIALE,34,MICROSTOMIE,MICROSTOMIE,non,
1535,1,MALADIE INNEE ET GRANDE MALFORMATION EXTERNE,15,MALFORMATION OROFACIALE,35,MACROSTOMIE,MACROSTOMIE,non,
1536,1,MALADIE INNEE ET GRANDE MALFORMATION EXTERNE,15,MALFORMATION OROFACIALE,36,MALFORMATION DE LA BOUCHE : ANOMALIE DE FORME,MALFORMATION DE LA BOUCHE : ANOMALIE DE FORME,non,
1537,1,MALADIE INNEE ET GRANDE MALFORMATION EXTERNE,15,MALFORMATION OROFACIALE,37,MALFORMATION DE LA LANGUE,MALFORMATION DE LA LANGUE,non,1992 AJOUT
1538,1,MALADIE INNEE ET GRANDE MALFORMATION EXTERNE,15,MALFORMATION OROFACIALE,38,HYPOGNATHIE - SYNDROME DE PIERRE ROBIN,HYPOGNATHIE - SYNDROME DE PIERRE ROBIN,non,
1539,1,MALADIE INNEE ET GRANDE MALFORMATION EXTERNE,15,MALFORMATION OROFACIALE,39,MALFORMATION DU FREIN DE LA LANGUE,MALFORMATION DU FREIN DE LA LANGUE,non,1992 AJOUT
1540,1,MALADIE INNEE ET GRANDE MALFORMATION EXTERNE,15,MALFORMATION OROFACIALE,40,DYSMORPHIE FACIALE,DYSMORPHIE FACIALE,non,1992 AJOUT
1541,1,MALADIE INNEE ET GRANDE MALFORMATION EXTERNE,15,MALFORMATION OROFACIALE,41,DYSMORPHIE SYNDROMIQUE,DYSMORPHIE SYNDROMIQUE,non,1992 AJOUT
1542,1,MALADIE INNEE ET GRANDE MALFORMATION EXTERNE,15,MALFORMATION OROFACIALE,42,DYSMORPHIE DE POTTER,DYSMORPHIE DE POTTER,non,1992 AJOUT
1543,1,MALADIE INNEE ET GRANDE MALFORMATION EXTERNE,15,MALFORMATION OROFACIALE,43,DYSMORPHIE DE L'IMMOBILITE FOETALE - SEQUENCE D'AKINESIE FOETALE,DYSMORPHIE DE L'IMMOBILITE FOETALE - SEQUENCE D'AKINESIE FOETALE,non,1992 AJOUT
1544,1,MALADIE INNEE ET GRANDE MALFORMATION EXTERNE,15,MALFORMATION OROFACIALE,44,DYSMORPHIE FACIALE LIEE A L'HOLOPROSENCEPHALIE,DYSMORPHIE FACIALE LIEE A L'HOLOPROSENCEPHALIE,non,1992 AJOUT
1550,1,MALADIE INNEE ET GRANDE MALFORMATION EXTERNE,15,MALFORMATION OROFACIALE,50,MALFORMATION DES YEUX ET/OU DES ORBITES,MALFORMATION DES YEUX ET/OU DES ORBITES,non,1992 AJOUT
1551,1,MALADIE INNEE ET GRANDE MALFORMATION EXTERNE,15,MALFORMATION OROFACIALE,51,HYPERTELORISME,HYPERTELORISME,non,1992 AJOUT
1552,1,MALADIE INNEE ET GRANDE MALFORMATION EXTERNE,15,MALFORMATION OROFACIALE,52,HYPOTELORISME,HYPOTELORISME,non,1992 AJOUT
1553,1,MALADIE INNEE ET GRANDE MALFORMATION EXTERNE,15,MALFORMATION OROFACIALE,53,FENTE PALPEBRALE MONGOLOIDE,FENTE PALPEBRALE MONGOLOIDE,non,1992 AJOUT
1554,1,MALADIE INNEE ET GRANDE MALFORMATION EXTERNE,15,MALFORMATION OROFACIALE,54,FENTE PALPEBRALE ANTIMONGOLOIDE,FENTE PALPEBRALE ANTIMONGOLOIDE,non,1992 AJOUT
1555,1,MALADIE INNEE ET GRANDE MALFORMATION EXTERNE,15,MALFORMATION OROFACIALE,55,FENTE PALPEBRALE ETROITE,FENTE PALPEBRALE ETROITE,non,1992 AJOUT
1556,1,MALADIE INNEE ET GRANDE MALFORMATION EXTERNE,15,MALFORMATION OROFACIALE,56,CRYPTOLPHTALMIE,CRYPTOLPHTALMIE,non,1992 AJOUT
1558,1,MALADIE INNEE ET GRANDE MALFORMATION EXTERNE,15,MALFORMATION OROFACIALE,58,MALFORMATION DES SOURCILS,MALFORMATION DES SOURCILS,non,1992 AJOUT
1560,1,MALADIE INNEE ET GRANDE MALFORMATION EXTERNE,15,MALFORMATION OROFACIALE,60,MALFORMATION EXTERNE DU NEZ,MALFORMATION EXTERNE DU NEZ,non,1992 AJOUT
1561,1,MALADIE INNEE ET GRANDE MALFORMATION EXTERNE,15,MALFORMATION OROFACIALE,61,ANOMALIE DE LA RACINE DU NEZ,ANOMALIE DE LA RACINE DU NEZ,non,1992 AJOUT
1562,1,MALADIE INNEE ET GRANDE MALFORMATION EXTERNE,15,MALFORMATION OROFACIALE,62,MACRORHINIE,MACRORHINIE,non,1992 AJOUT
1563,1,MALADIE INNEE ET GRANDE MALFORMATION EXTERNE,15,MALFORMATION OROFACIALE,63,NEZ BUSQUE,NEZ BUSQUE,non,1992 AJOUT
1564,1,MALADIE INNEE ET GRANDE MALFORMATION EXTERNE,15,MALFORMATION OROFACIALE,64,NARINE ANTEVERSEE,NARINE ANTEVERSEE,non,1992 AJOUT
1565,1,MALADIE INNEE ET GRANDE MALFORMATION EXTERNE,15,MALFORMATION OROFACIALE,65,HYPOPLASIE DES AILES DU NEZ,HYPOPLASIE DES AILES DU NEZ,non,1992 AJOUT
1566,1,MALADIE INNEE ET GRANDE MALFORMATION EXTERNE,15,MALFORMATION OROFACIALE,66,BIFIDITE NASALE,BIFIDITE NASALE,non,1992 AJOUT
1567,1,MALADIE INNEE ET GRANDE MALFORMATION EXTERNE,15,MALFORMATION OROFACIALE,67,MONORHINIE,MONORHINIE,non,1992 AJOUT
1568,1,MALADIE INNEE ET GRANDE MALFORMATION EXTERNE,15,MALFORMATION OROFACIALE,68,ARHINIE,ARHINIE,non,1992 AJOUT
1569,1,MALADIE INNEE ET GRANDE MALFORMATION EXTERNE,15,MALFORMATION OROFACIALE,69,PROBOSCIS,PROBOSCIS,non,1992 AJOUT
1585,1,MALADIE INNEE ET GRANDE MALFORMATION EXTERNE,15,MALFORMATION OROFACIALE,85,APPENDICE PRETRAGIEN OU PREAURICULAIRE - TRAGUS ACCESSOIRE,APPENDICE PRETRAGIEN OU PREAURICULAIRE - TRAGUS ACCESSOIRE,non,1992 AJOUT
1586,1,MALADIE INNEE ET GRANDE MALFORMATION EXTERNE,15,MALFORMATION OROFACIALE,86,FISTULE PRETRAGIENNE,FISTULE PRETRAGIENNE,non,1992 AJOUT
1590,1,MALADIE INNEE ET GRANDE MALFORMATION EXTERNE,15,MALFORMATION OROFACIALE,90,ANOMALIE CONSTITUTIONNELLE DU COU,ANOMALIE CONSTITUTIONNELLE DU COU,non,1992 AJOUT
1591,1,MALADIE INNEE ET GRANDE MALFORMATION EXTERNE,15,MALFORMATION OROFACIALE,91,COU COURT,COU COURT,non,1992 AJOUT
1592,1,MALADIE INNEE ET GRANDE MALFORMATION EXTERNE,15,MALFORMATION OROFACIALE,92,HYGROMA KYSTIQUE DU COU,HYGROMA KYSTIQUE DU COU,non,1992 AJOUT
1593,1,MALADIE INNEE ET GRANDE MALFORMATION EXTERNE,15,MALFORMATION OROFACIALE,93,PTERYGIUM,PTERYGIUM,non,1992 AJOUT
1594,1,MALADIE INNEE ET GRANDE MALFORMATION EXTERNE,15,MALFORMATION OROFACIALE,94,NUQUE EPAISSE,NUQUE EPAISSE,non,1992 AJOUT
1596,1,MALADIE INNEE ET GRANDE MALFORMATION EXTERNE,15,MALFORMATION OROFACIALE,96,FISTULE BRANCHIALE MALFORMATIONS DU TRONC,FISTULE BRANCHIALE MALFORMATIONS DU TRONC,non,1992 AJOUT
1600,1,MALADIE INNEE ET GRANDE MALFORMATION EXTERNE,16,MALFORMATION THORACO-ABDOMINO-CAUDALE,00,MALFORMATION THORACO-ABDOMINO-CAUDALE,MALFORMATION THORACO-ABDOMINO-CAUDALE,non,
1610,1,MALADIE INNEE ET GRANDE MALFORMATION EXTERNE,16,MALFORMATION THORACO-ABDOMINO-CAUDALE,10,DYSRAPHIE THORACIQUE (SAI),DYSRAPHIE THORACIQUE (SAI),oui,
1620,1,MALADIE INNEE ET GRANDE MALFORMATION EXTERNE,16,MALFORMATION THORACO-ABDOMINO-CAUDALE,20,DYSRAPHIE THORACIQUE - DYSRAPHIE THORACO-ABDOMINALE AVEC ECTOCARDIE - COELOSOMIE,DYSRAPHIE THORACIQUE - DYSRAPHIE THORACO-ABDOMINALE AVEC ECTOCARDIE - COELOSOMIE,non,
1630,1,MALADIE INNEE ET GRANDE MALFORMATION EXTERNE,16,MALFORMATION THORACO-ABDOMINO-CAUDALE,30,DYSRAPHIE ABDOMINALE,DYSRAPHIE ABDOMINALE,non,
1632,1,MALADIE INNEE ET GRANDE MALFORMATION EXTERNE,16,MALFORMATION THORACO-ABDOMINO-CAUDALE,32,DYSRAPHIE ABDOMINALE AVEC OMPHALOCELE,DYSRAPHIE ABDOMINALE AVEC OMPHALOCELE,non,
1633,1,MALADIE INNEE ET GRANDE MALFORMATION EXTERNE,16,MALFORMATION THORACO-ABDOMINO-CAUDALE,33,ORGANE HERNIE DANS UN OMPHALOCELE,ORGANE HERNIE DANS UN OMPHALOCELE,non,
1634,1,MALADIE INNEE ET GRANDE MALFORMATION EXTERNE,16,MALFORMATION THORACO-ABDOMINO-CAUDALE,34,DYSRAPHIE ABDOMINALE AVEC EXSTROPHIE VESICALE,DYSRAPHIE ABDOMINALE AVEC EXSTROPHIE VESICALE,non,
1636,1,MALADIE INNEE ET GRANDE MALFORMATION EXTERNE,16,MALFORMATION THORACO-ABDOMINO-CAUDALE,36,LAPAROSCHIZIS,LAPAROSCHIZIS,non,
1637,1,MALADIE INNEE ET GRANDE MALFORMATION EXTERNE,16,MALFORMATION THORACO-ABDOMINO-CAUDALE,37,HERNIE OMBILICALE CONGENITALE,HERNIE OMBILICALE CONGENITALE,non,1992 AJOUT
1640,1,MALADIE INNEE ET GRANDE MALFORMATION EXTERNE,16,MALFORMATION THORACO-ABDOMINO-CAUDALE,40,MALFORMATION CAUDALE - ANOMALIE DE LA REGRESSION CAUDALE,MALFORMATION CAUDALE - ANOMALIE DE LA REGRESSION CAUDALE,non,
1642,1,MALADIE INNEE ET GRANDE MALFORMATION EXTERNE,16,MALFORMATION THORACO-ABDOMINO-CAUDALE,42,ANCHOPODIE,ANCHOPODIE,non,
1644,1,MALADIE INNEE ET GRANDE MALFORMATION EXTERNE,16,MALFORMATION THORACO-ABDOMINO-CAUDALE,44,SYMPODIE OU SIRENOMELIE,SYMPODIE OU SIRENOMELIE,non,
1646,1,MALADIE INNEE ET GRANDE MALFORMATION EXTERNE,16,MALFORMATION THORACO-ABDOMINO-CAUDALE,46,MONOPODIE SIRENOIDE - PSEUDOSIRENE,MONOPODIE SIRENOIDE - PSEUDOSIRENE,non,
1647,1,MALADIE INNEE ET GRANDE MALFORMATION EXTERNE,16,MALFORMATION THORACO-ABDOMINO-CAUDALE,47,AGENESIE SACREE,AGENESIE SACREE,non,
1648,1,MALADIE INNEE ET GRANDE MALFORMATION EXTERNE,16,MALFORMATION THORACO-ABDOMINO-CAUDALE,48,APPENDICE CAUDAL,APPENDICE CAUDAL,non,
1649,1,MALADIE INNEE ET GRANDE MALFORMATION EXTERNE,16,MALFORMATION THORACO-ABDOMINO-CAUDALE,49,STROPHOSOMIE (PATHOLOGIE VETERINAIRE),STROPHOSOMIE (PATHOLOGIE VETERINAIRE),non,
1650,1,MALADIE INNEE ET GRANDE MALFORMATION EXTERNE,16,MALFORMATION THORACO-ABDOMINO-CAUDALE,50,DYSOSTOSE RACHIDIENNE,DYSOSTOSE RACHIDIENNE,non,1992 AJOUT
1651,1,MALADIE INNEE ET GRANDE MALFORMATION EXTERNE,16,MALFORMATION THORACO-ABDOMINO-CAUDALE,51,PLATYSPONDYLIE,PLATYSPONDYLIE,non,1992 AJOUT
1652,1,MALADIE INNEE ET GRANDE MALFORMATION EXTERNE,16,MALFORMATION THORACO-ABDOMINO-CAUDALE,52,ANOMALIE DE LA SEGMENTATION RACHIDIENNE,ANOMALIE DE LA SEGMENTATION RACHIDIENNE,non,1992 AJOUT
1653,1,MALADIE INNEE ET GRANDE MALFORMATION EXTERNE,16,MALFORMATION THORACO-ABDOMINO-CAUDALE,53,HEMI-VERTEBRE,HEMI-VERTEBRE,non,1992 AJOUT
1654,1,MALADIE INNEE ET GRANDE MALFORMATION EXTERNE,16,MALFORMATION THORACO-ABDOMINO-CAUDALE,54,RACHIS EN PUZZLE,RACHIS EN PUZZLE,non,1992 AJOUT
1655,1,MALADIE INNEE ET GRANDE MALFORMATION EXTERNE,16,MALFORMATION THORACO-ABDOMINO-CAUDALE,55,VERTEBRE SURNUMERAIRE,VERTEBRE SURNUMERAIRE,non,1992 AJOUT
1656,1,MALADIE INNEE ET GRANDE MALFORMATION EXTERNE,16,MALFORMATION THORACO-ABDOMINO-CAUDALE,56,BLOCS VERTEBRAUX,BLOCS VERTEBRAUX,non,1992 AJOUT
1657,1,MALADIE INNEE ET GRANDE MALFORMATION EXTERNE,16,MALFORMATION THORACO-ABDOMINO-CAUDALE,57,ANOMALIE DE LA CHARNIERE LOMBO-SACREE,ANOMALIE DE LA CHARNIERE LOMBO-SACREE,non,1992 AJOUT
1658,1,MALADIE INNEE ET GRANDE MALFORMATION EXTERNE,16,MALFORMATION THORACO-ABDOMINO-CAUDALE,58,ANOMALIE DE LA CHARNIERE CERVICO-OCCIPITALE,ANOMALIE DE LA CHARNIERE CERVICO-OCCIPITALE,non,1992 AJOUT
1659,1,MALADIE INNEE ET GRANDE MALFORMATION EXTERNE,16,MALFORMATION THORACO-ABDOMINO-CAUDALE,59,TROU OCCIPITAL - MALFORMATION DU BASI-OCCIPITAL,TROU OCCIPITAL - MALFORMATION DU BASI-OCCIPITAL,non,1992 AJOUT
1660,1,MALADIE INNEE ET GRANDE MALFORMATION EXTERNE,16,MALFORMATION THORACO-ABDOMINO-CAUDALE,60,DYSOSTOSE COSTALE,DYSOSTOSE COSTALE,non,1992 AJOUT
1661,1,MALADIE INNEE ET GRANDE MALFORMATION EXTERNE,16,MALFORMATION THORACO-ABDOMINO-CAUDALE,61,DYSOSTOSE SPONDYLO-COSTALE,DYSOSTOSE SPONDYLO-COSTALE,non,1992 AJOUT
1662,1,MALADIE INNEE ET GRANDE MALFORMATION EXTERNE,16,MALFORMATION THORACO-ABDOMINO-CAUDALE,62,COTE SURNUMERAIRE,COTE SURNUMERAIRE,non,1992 AJOUT
1663,1,MALADIE INNEE ET GRANDE MALFORMATION EXTERNE,16,MALFORMATION THORACO-ABDOMINO-CAUDALE,63,ABSENCE CONGENITALE D'UNE OU PLUSIEURS COTES,ABSENCE CONGENITALE D'UNE OU PLUSIEURS COTES,non,1992 AJOUT
1664,1,MALADIE INNEE ET GRANDE MALFORMATION EXTERNE,16,MALFORMATION THORACO-ABDOMINO-CAUDALE,64,SYNOSTOSE COSTALE CONGENITALE,SYNOSTOSE COSTALE CONGENITALE,non,1992 AJOUT
1665,1,MALADIE INNEE ET GRANDE MALFORMATION EXTERNE,16,MALFORMATION THORACO-ABDOMINO-CAUDALE,65,COTE ASYMETRIQUE - COTE BIFIDE,COTE ASYMETRIQUE - COTE BIFIDE,non,1992 AJOUT
1666,1,MALADIE INNEE ET GRANDE MALFORMATION EXTERNE,16,MALFORMATION THORACO-ABDOMINO-CAUDALE,66,COTE COURTE CONGENITALE,COTE COURTE CONGENITALE,non,1992 AJOUT
1667,1,MALADIE INNEE ET GRANDE MALFORMATION EXTERNE,16,MALFORMATION THORACO-ABDOMINO-CAUDALE,67,COTE GRELE CONGENITALE,COTE GRELE CONGENITALE,non,1992 AJOUT
1668,1,MALADIE INNEE ET GRANDE MALFORMATION EXTERNE,16,MALFORMATION THORACO-ABDOMINO-CAUDALE,68,CAL COSTAL CONGENITAL,CAL COSTAL CONGENITAL,non,1992 AJOUT
1669,1,MALADIE INNEE ET GRANDE MALFORMATION EXTERNE,16,MALFORMATION THORACO-ABDOMINO-CAUDALE,69,FRACTURE SPONTANEE CONGENITALE DES COTES,FRACTURE SPONTANEE CONGENITALE DES COTES,non,1992 AJOUT
1670,1,MALADIE INNEE ET GRANDE MALFORMATION EXTERNE,16,MALFORMATION THORACO-ABDOMINO-CAUDALE,70,MALFORMATION DES OS DES CEINTURES,MALFORMATION DES OS DES CEINTURES,non,1992 AJOUT
1672,1,MALADIE INNEE ET GRANDE MALFORMATION EXTERNE,16,MALFORMATION THORACO-ABDOMINO-CAUDALE,72,OMOPLATE : SURELEVATION CONGENITALE,OMOPLATE : SURELEVATION CONGENITALE,non,1992 AJOUT
1673,1,MALADIE INNEE ET GRANDE MALFORMATION EXTERNE,16,MALFORMATION THORACO-ABDOMINO-CAUDALE,73,LUXATION CONGENITALE MALFORMATIONS DES MEMBRES,LUXATION CONGENITALE MALFORMATIONS DES MEMBRES,non,1992 AJOUT
1700,1,MALADIE INNEE ET GRANDE MALFORMATION EXTERNE,17,MALFORMATION DES MEMBRES,00,MALFORMATION DES MEMBRES,MALFORMATION DES MEMBRES,non,
1710,1,MALADIE INNEE ET GRANDE MALFORMATION EXTERNE,17,MALFORMATION DES MEMBRES,10,"MALFORMATION GLOBALE DES MEMBRES (ECTROMELIE, PHOCOMELIE, MICROMELIE, HEMIMELIE ETC)","MALFORMATION GLOBALE DES MEMBRES (ECTROMELIE, PHOCOMELIE, MICROMELIE, HEMIMELIE ETC)",non,
1711,1,MALADIE INNEE ET GRANDE MALFORMATION EXTERNE,17,MALFORMATION DES MEMBRES,11,AGENESIE OSSEUSE DES MEMBRES,AGENESIE OSSEUSE DES MEMBRES,non,1992 AJOUT
1712,1,MALADIE INNEE ET GRANDE MALFORMATION EXTERNE,17,MALFORMATION DES MEMBRES,12,APLASIE TERMINALE DES MEMBRES - AMELIE,APLASIE TERMINALE DES MEMBRES - AMELIE,non,1992 AJOUT
1713,1,MALADIE INNEE ET GRANDE MALFORMATION EXTERNE,17,MALFORMATION DES MEMBRES,13,HEMIMELIE TOTALE OU PARTIELLE,HEMIMELIE TOTALE OU PARTIELLE,non,1992 AJOUT
1714,1,MALADIE INNEE ET GRANDE MALFORMATION EXTERNE,17,MALFORMATION DES MEMBRES,14,ACHEIRIE (ABSENCE DE MAIN),ACHEIRIE (ABSENCE DE MAIN),non,1992 AJOUT
1715,1,MALADIE INNEE ET GRANDE MALFORMATION EXTERNE,17,MALFORMATION DES MEMBRES,15,APODIE (ABSENCE DE PIED),APODIE (ABSENCE DE PIED),non,1992 AJOUT
1716,1,MALADIE INNEE ET GRANDE MALFORMATION EXTERNE,17,MALFORMATION DES MEMBRES,16,HEMI-APLASIE LATERALE DES MEMBRES,HEMI-APLASIE LATERALE DES MEMBRES,non,1992 AJOUT
1720,1,MALADIE INNEE ET GRANDE MALFORMATION EXTERNE,17,MALFORMATION DES MEMBRES,20,MALFORMATION DES MAINS ET DES PIEDS (ECTROCARPIE - ECTROMETACARPIE - ECTROTARSIE – ECTROMETATARSIE - PIED BOT ETC),MALFORMATION DES MAINS ET DES PIEDS (ECTROCARPIE - ECTROMETACARPIE - ECTROTARSIE – ECTROMETATARSIE - PIED BOT ETC),non,
1721,1,MALADIE INNEE ET GRANDE MALFORMATION EXTERNE,17,MALFORMATION DES MEMBRES,21,MAIN BOTE RADIALE,MAIN BOTE RADIALE,non,1992 AJOUT
1722,1,MALADIE INNEE ET GRANDE MALFORMATION EXTERNE,17,MALFORMATION DES MEMBRES,22,MAIN BOTE CUBITALE,MAIN BOTE CUBITALE,non,1992 AJOUT
1723,1,MALADIE INNEE ET GRANDE MALFORMATION EXTERNE,17,MALFORMATION DES MEMBRES,23,PIED BOT,PIED BOT,non,1992 AJOUT
1725,1,MALADIE INNEE ET GRANDE MALFORMATION EXTERNE,17,MALFORMATION DES MEMBRES,25,ECTROMETACARPIE (MAIN FENDUE) - ECTROMETATARSIE (PIED FENDU) - PINCE DE HOMARD,ECTROMETACARPIE (MAIN FENDUE) - ECTROMETATARSIE (PIED FENDU) - PINCE DE HOMARD,non,1992 AJOUT
1727,1,MALADIE INNEE ET GRANDE MALFORMATION EXTERNE,17,MALFORMATION DES MEMBRES,27,SYNOSTOSE DU CARPE ET DU TARSE,SYNOSTOSE DU CARPE ET DU TARSE,non,1992 AJOUT
1730,1,MALADIE INNEE ET GRANDE MALFORMATION EXTERNE,17,MALFORMATION DES MEMBRES,30,"MALFORMATION DES DOIGTS ET ORTEILS (ECTRODACTYLIE, POLYDACTYLIE, SYNDACTYLIE)","MALFORMATION DES DOIGTS ET ORTEILS (ECTRODACTYLIE, POLYDACTYLIE, SYNDACTYLIE)",non,
1731,1,MALADIE INNEE ET GRANDE MALFORMATION EXTERNE,17,MALFORMATION DES MEMBRES,31,SYNOSTOSE DES DOIGTS ET DES ORTEILS,SYNOSTOSE DES DOIGTS ET DES ORTEILS,non,1992 AJOUT
1732,1,MALADIE INNEE ET GRANDE MALFORMATION EXTERNE,17,MALFORMATION DES MEMBRES,32,ECTRODACTYLIE,ECTRODACTYLIE,non,1992 AJOUT
1733,1,MALADIE INNEE ET GRANDE MALFORMATION EXTERNE,17,MALFORMATION DES MEMBRES,33,POLYDACTYLIE PRE AXIALE,POLYDACTYLIE PRE AXIALE,non,1992 AJOUT
1734,1,MALADIE INNEE ET GRANDE MALFORMATION EXTERNE,17,MALFORMATION DES MEMBRES,34,POLYDACTYLIE POST AXIALE,POLYDACTYLIE POST AXIALE,non,1992 AJOUT
1735,1,MALADIE INNEE ET GRANDE MALFORMATION EXTERNE,17,MALFORMATION DES MEMBRES,35,SYNDACTYLIE,SYNDACTYLIE,non,1992 AJOUT
1736,1,MALADIE INNEE ET GRANDE MALFORMATION EXTERNE,17,MALFORMATION DES MEMBRES,36,SYMPHALANGIE,SYMPHALANGIE,non,1992 AJOUT
1737,1,MALADIE INNEE ET GRANDE MALFORMATION EXTERNE,17,MALFORMATION DES MEMBRES,37,CLINODACTYLIE,CLINODACTYLIE,non,1992 AJOUT
1738,1,MALADIE INNEE ET GRANDE MALFORMATION EXTERNE,17,MALFORMATION DES MEMBRES,38,CAMPTODACTYLIE,CAMPTODACTYLIE,non,1992 AJOUT
1739,1,MALADIE INNEE ET GRANDE MALFORMATION EXTERNE,17,MALFORMATION DES MEMBRES,39,POUCE TRIPHALANGE,POUCE TRIPHALANGE,non,1992 AJOUT
1740,1,MALADIE INNEE ET GRANDE MALFORMATION EXTERNE,17,MALFORMATION DES MEMBRES,40,MALFORMATION SEGMENTAIRE DES MEMBRES,MALFORMATION SEGMENTAIRE DES MEMBRES,non,1992 AJOUT
1742,1,MALADIE INNEE ET GRANDE MALFORMATION EXTERNE,17,MALFORMATION DES MEMBRES,42,ANOMALIE DE LA CORTICALE DIAPHYSAIRE DES OS LONGS,ANOMALIE DE LA CORTICALE DIAPHYSAIRE DES OS LONGS,non,
1744,1,MALADIE INNEE ET GRANDE MALFORMATION EXTERNE,17,MALFORMATION DES MEMBRES,44,ANOMALIE DU MODELAGE METAPHYSAIRE,ANOMALIE DU MODELAGE METAPHYSAIRE,non,
1745,1,MALADIE INNEE ET GRANDE MALFORMATION EXTERNE,17,MALFORMATION DES MEMBRES,45,INCURVATION CONGENITALE DES OS LONGS GEMELLITE ET ANOMALIES DE LA GEMELLITE,INCURVATION CONGENITALE DES OS LONGS GEMELLITE ET ANOMALIES DE LA GEMELLITE,non,
1800,1,MALADIE INNEE ET GRANDE MALFORMATION EXTERNE,18,GROSSESSE GEMELLAIRE SPONTANEE,00,GROSSESSE GEMELLAIRE SPONTANEE,GROSSESSE GEMELLAIRE SPONTANEE,non,1997 MODIF
1802,1,MALADIE INNEE ET GRANDE MALFORMATION EXTERNE,18,GROSSESSE GEMELLAIRE SPONTANEE,02,GROSSESSE GEMELLAIRE INDUITE,GROSSESSE GEMELLAIRE INDUITE,non,1997 AJOUT
1810,1,MALADIE INNEE ET GRANDE MALFORMATION EXTERNE,18,GROSSESSE GEMELLAIRE SPONTANEE,10,GROSSESSE GEMELLAIRE BICHORIALE BIAMNIOTIQUE,GROSSESSE GEMELLAIRE BICHORIALE BIAMNIOTIQUE,non,
1812,1,MALADIE INNEE ET GRANDE MALFORMATION EXTERNE,18,GROSSESSE GEMELLAIRE SPONTANEE,12,GROSSESSE GEMELLAIRE BICHORIALE BIAMNIOTIQUE A PLACENTA NON FUSIONNES,GROSSESSE GEMELLAIRE BICHORIALE BIAMNIOTIQUE A PLACENTA NON FUSIONNES,non,
1814,1,MALADIE INNEE ET GRANDE MALFORMATION EXTERNE,18,GROSSESSE GEMELLAIRE SPONTANEE,14,GROSSESSE GEMELLAIRE BICHORIALE BIAMNIOTIQUE A PLACENTA FUSIONNES,GROSSESSE GEMELLAIRE BICHORIALE BIAMNIOTIQUE A PLACENTA FUSIONNES,non,
1820,1,MALADIE INNEE ET GRANDE MALFORMATION EXTERNE,18,GROSSESSE GEMELLAIRE SPONTANEE,20,GROSSESSE GEMELLAIRE MONOCHORIALE BIAMNIOTIQUE,GROSSESSE GEMELLAIRE MONOCHORIALE BIAMNIOTIQUE,non,
1822,1,MALADIE INNEE ET GRANDE MALFORMATION EXTERNE,18,GROSSESSE GEMELLAIRE SPONTANEE,22,GROSSESSE GEMELLAIRE MONOCHORIALE BIAMNIOTIQUE SANS SYNDROME TRANSFUSEUR-TRANSFUSE,GROSSESSE GEMELLAIRE MONOCHORIALE BIAMNIOTIQUE SANS SYNDROME TRANSFUSEUR-TRANSFUSE,non,
1824,1,MALADIE INNEE ET GRANDE MALFORMATION EXTERNE,18,GROSSESSE GEMELLAIRE SPONTANEE,24,GROSSESSE GEMELLAIRE MONOCHORIALE BIAMNIOTIQUE AVEC SYNDROME TRANSFUSEUR-TRANSFUSE,GROSSESSE GEMELLAIRE MONOCHORIALE BIAMNIOTIQUE AVEC SYNDROME TRANSFUSEUR-TRANSFUSE,non,
1825,1,MALADIE INNEE ET GRANDE MALFORMATION EXTERNE,18,GROSSESSE GEMELLAIRE SPONTANEE,25,"GROSSESSE GEMELLAIRE MONOCHORIALE BIAMNIOTIQUE AVEC SYNDROME TRANSFUSEUR-TRANSFUSE, JUMEAU TRANSFUSEUR","GROSSESSE GEMELLAIRE MONOCHORIALE BIAMNIOTIQUE AVEC SYNDROME TRANSFUSEUR-TRANSFUSE, JUMEAU TRANSFUSEUR",non,2009 AJOUT
1826,1,MALADIE INNEE ET GRANDE MALFORMATION EXTERNE,18,GROSSESSE GEMELLAIRE SPONTANEE,26,"GROSSESSE GEMELLAIRE MONOCHORIALE BIAMNIOTIQUE AVEC SYNDROME TRANSFUSEUR-TRANSFUSE, JUMEAU TRANSFUSE","GROSSESSE GEMELLAIRE MONOCHORIALE BIAMNIOTIQUE AVEC SYNDROME TRANSFUSEUR-TRANSFUSE, JUMEAU TRANSFUSE",non,2009 AJOUT
1830,1,MALADIE INNEE ET GRANDE MALFORMATION EXTERNE,18,GROSSESSE GEMELLAIRE SPONTANEE,30,GROSSESSE GEMELLAIRE MONOCHORIALE MONOAMNIOTIQUE,GROSSESSE GEMELLAIRE MONOCHORIALE MONOAMNIOTIQUE,non,
1850,1,MALADIE INNEE ET GRANDE MALFORMATION EXTERNE,18,GROSSESSE GEMELLAIRE SPONTANEE,50,MALFORMATION DE LA GEMELLITE,MALFORMATION DE LA GEMELLITE,non,
1851,1,MALADIE INNEE ET GRANDE MALFORMATION EXTERNE,18,GROSSESSE GEMELLAIRE SPONTANEE,51,ACARDIAQUE – SEQUENCE TRAP – MONSTRE OMPHALOSITE,ACARDIAQUE – SEQUENCE TRAP – MONSTRE OMPHALOSITE,non,2003 MODIF
1852,1,MALADIE INNEE ET GRANDE MALFORMATION EXTERNE,18,GROSSESSE GEMELLAIRE SPONTANEE,52,JUMEAUX CONJOINTS CRANIOPAGES – JUMEAUX CONJOINTS PYGOPAGES,JUMEAUX CONJOINTS CRANIOPAGES – JUMEAUX CONJOINTS PYGOPAGES,non,2009 AJOUT
1853,1,MALADIE INNEE ET GRANDE MALFORMATION EXTERNE,18,GROSSESSE GEMELLAIRE SPONTANEE,53,JUMEAUX CONJOINTS THORACOPAGES,JUMEAUX CONJOINTS THORACOPAGES,non,2009 AJOUT
1854,1,MALADIE INNEE ET GRANDE MALFORMATION EXTERNE,18,GROSSESSE GEMELLAIRE SPONTANEE,54,JUMEAUX CONJOINTS CEPHALOPAGES – JUMEAUX CONJOINTS BICEPHALES,JUMEAUX CONJOINTS CEPHALOPAGES – JUMEAUX CONJOINTS BICEPHALES,non,2009 AJOUT
1855,1,MALADIE INNEE ET GRANDE MALFORMATION EXTERNE,18,GROSSESSE GEMELLAIRE SPONTANEE,55,"JUMEAUX CONJOINTS ISOPAGE – JUMEAUX ""SIAMOIS"" – JUMEAUX CONJOINTS OMPHALOPAGES","JUMEAUX CONJOINTS ISOPAGE – JUMEAUX ""SIAMOIS"" – JUMEAUX CONJOINTS OMPHALOPAGES",non,2009 MODIF
1856,1,MALADIE INNEE ET GRANDE MALFORMATION EXTERNE,18,GROSSESSE GEMELLAIRE SPONTANEE,56,JUMEAUX CONJOINTS ISCHIOPAGES,JUMEAUX CONJOINTS ISCHIOPAGES,non,2009 AJOUT
1857,1,MALADIE INNEE ET GRANDE MALFORMATION EXTERNE,18,GROSSESSE GEMELLAIRE SPONTANEE,57,JUMEAUX CONJOINTS ANISOPAGE – JUMEAUX PARASITE – FOETUS IN FOETO,JUMEAUX CONJOINTS ANISOPAGE – JUMEAUX PARASITE – FOETUS IN FOETO,non,2009 MODIF
1880,1,MALADIE INNEE ET GRANDE MALFORMATION EXTERNE,18,GROSSESSE GEMELLAIRE SPONTANEE,80,GROSSESSE SPONTANEE A PLUS DE DEUX FOETUS OU A FOETUS MULTIPLES,GROSSESSE SPONTANEE A PLUS DE DEUX FOETUS OU A FOETUS MULTIPLES,non,1997 MODIF
1881,1,MALADIE INNEE ET GRANDE MALFORMATION EXTERNE,18,GROSSESSE GEMELLAIRE SPONTANEE,81,GROSSESSE A PLUS DE DEUX FOETUS OU A FOETUS MULTIPLES APRES INDUCTION,GROSSESSE A PLUS DE DEUX FOETUS OU A FOETUS MULTIPLES APRES INDUCTION,non,1997 AJOUT
1882,1,MALADIE INNEE ET GRANDE MALFORMATION EXTERNE,18,GROSSESSE GEMELLAIRE SPONTANEE,82,REDUCTION EMBRYONNAIRE AU COURS D'UNE GROSSESSE MULTIPLE,REDUCTION EMBRYONNAIRE AU COURS D'UNE GROSSESSE MULTIPLE,non,1997 AJOUT
1891,1,MALADIE INNEE ET GRANDE MALFORMATION EXTERNE,18,GROSSESSE GEMELLAIRE SPONTANEE,91,GROSSESSE MULTIPLE POST-INDUCTION AUTRES MALFORMATIONS EXTERNES,GROSSESSE MULTIPLE POST-INDUCTION AUTRES MALFORMATIONS EXTERNES,non,1997 AJOUT
1900,1,MALADIE INNEE ET GRANDE MALFORMATION EXTERNE,19,MALFORMATION OU DEFORMATION DIVERSE NON CODEE PAR AILLEURS,00,MALFORMATION OU DEFORMATION DIVERSE NON CODEE PAR AILLEURS,MALFORMATION OU DEFORMATION DIVERSE NON CODEE PAR AILLEURS,non,
1910,1,MALADIE INNEE ET GRANDE MALFORMATION EXTERNE,19,MALFORMATION OU DEFORMATION DIVERSE NON CODEE PAR AILLEURS,10,BRIDE AMNIOTIQUE - MALADIE AMNIOTIQUE,BRIDE AMNIOTIQUE - MALADIE AMNIOTIQUE,non,
1920,1,MALADIE INNEE ET GRANDE MALFORMATION EXTERNE,19,MALFORMATION OU DEFORMATION DIVERSE NON CODEE PAR AILLEURS,20,SILLON CONGENITAL,SILLON CONGENITAL,non,
1930,1,MALADIE INNEE ET GRANDE MALFORMATION EXTERNE,19,MALFORMATION OU DEFORMATION DIVERSE NON CODEE PAR AILLEURS,30,AMPUTATION CONGENITALE,AMPUTATION CONGENITALE,non,
1940,1,MALADIE INNEE ET GRANDE MALFORMATION EXTERNE,19,MALFORMATION OU DEFORMATION DIVERSE NON CODEE PAR AILLEURS,40,EXSTROPHIE VISCERALE,EXSTROPHIE VISCERALE,non,
1950,1,MALADIE INNEE ET GRANDE MALFORMATION EXTERNE,19,MALFORMATION OU DEFORMATION DIVERSE NON CODEE PAR AILLEURS,50,MALFORMATIONS EXTERNES MULTIPLES COMPLEXES OU ASSOCIEES A DES MALFORMATIONS VISCERALES (SAI),MALFORMATIONS EXTERNES MULTIPLES COMPLEXES OU ASSOCIEES A DES MALFORMATIONS VISCERALES (SAI),oui,
1952,1,MALADIE INNEE ET GRANDE MALFORMATION EXTERNE,19,MALFORMATION OU DEFORMATION DIVERSE NON CODEE PAR AILLEURS,52,ARTHROGRYPOSE,ARTHROGRYPOSE,non,
1960,1,MALADIE INNEE ET GRANDE MALFORMATION EXTERNE,19,MALFORMATION OU DEFORMATION DIVERSE NON CODEE PAR AILLEURS,60,HERMAPHRODISME (SAI),HERMAPHRODISME (SAI),oui,
1970,1,MALADIE INNEE ET GRANDE MALFORMATION EXTERNE,19,MALFORMATION OU DEFORMATION DIVERSE NON CODEE PAR AILLEURS,70,PSEUDOHERMAPHRODISME (SAI),PSEUDOHERMAPHRODISME (SAI),oui,
1971,1,MALADIE INNEE ET GRANDE MALFORMATION EXTERNE,19,MALFORMATION OU DEFORMATION DIVERSE NON CODEE PAR AILLEURS,71,PSEUDOHERMAPHRODISME MASCULIN,PSEUDOHERMAPHRODISME MASCULIN,non,
1972,1,MALADIE INNEE ET GRANDE MALFORMATION EXTERNE,19,MALFORMATION OU DEFORMATION DIVERSE NON CODEE PAR AILLEURS,72,PSEUDOHERMAPHRODISME FEMININ,PSEUDOHERMAPHRODISME FEMININ,non,
1980,1,MALADIE INNEE ET GRANDE MALFORMATION EXTERNE,19,MALFORMATION OU DEFORMATION DIVERSE NON CODEE PAR AILLEURS,80,AMBIGUITE SEXUELLE (SAI),AMBIGUITE SEXUELLE (SAI),oui,1992 AJOUT
1981,1,MALADIE INNEE ET GRANDE MALFORMATION EXTERNE,19,MALFORMATION OU DEFORMATION DIVERSE NON CODEE PAR AILLEURS,81,AMBIGUITE SEXUELLE : STADE 1 DE LA CLASSIFICATION DE PRADER,AMBIGUITE SEXUELLE : STADE 1 DE LA CLASSIFICATION DE PRADER,non,1992 AJOUT
1982,1,MALADIE INNEE ET GRANDE MALFORMATION EXTERNE,19,MALFORMATION OU DEFORMATION DIVERSE NON CODEE PAR AILLEURS,82,AMBIGUITE SEXUELLE : STADE 2 DE LA CLASSIFICATION DE PRADER,AMBIGUITE SEXUELLE : STADE 2 DE LA CLASSIFICATION DE PRADER,non,1992 AJOUT
1983,1,MALADIE INNEE ET GRANDE MALFORMATION EXTERNE,19,MALFORMATION OU DEFORMATION DIVERSE NON CODEE PAR AILLEURS,83,AMBIGUITE SEXUELLE : STADE 3 DE LA CLASSIFICATION DE PRADER,AMBIGUITE SEXUELLE : STADE 3 DE LA CLASSIFICATION DE PRADER,non,1992 AJOUT
1984,1,MALADIE INNEE ET GRANDE MALFORMATION EXTERNE,19,MALFORMATION OU DEFORMATION DIVERSE NON CODEE PAR AILLEURS,84,AMBIGUITE SEXUELLE : STADE 4 DE LA CLASSIFICATION DE PRADER,AMBIGUITE SEXUELLE : STADE 4 DE LA CLASSIFICATION DE PRADER,non,1992 AJOUT
1985,1,MALADIE INNEE ET GRANDE MALFORMATION EXTERNE,19,MALFORMATION OU DEFORMATION DIVERSE NON CODEE PAR AILLEURS,85,AMBIGUITE SEXUELLE : STADE 5 DE LA CLASSIFICATION DE PRADER,AMBIGUITE SEXUELLE : STADE 5 DE LA CLASSIFICATION DE PRADER,non,1992 AJOUT
2000,2,MALFORMATION ET DYSGENESIE DES TISSUS ET DES VISCERES,20,MALFORMATION ET DYSGENESIE DES TISSUS ET DES VISCERES DYSPLASIE CONSTITUTIONNELLE,00,MALFORMATION ET DYSGENESIE DES TISSUS ET DES VISCERES DYSPLASIE CONSTITUTIONNELLE,MALFORMATION ET DYSGENESIE DES TISSUS ET DES VISCERES DYSPLASIE CONSTITUTIONNELLE,non,
2010,2,MALFORMATION ET DYSGENESIE DES TISSUS ET DES VISCERES,20,MALFORMATION ET DYSGENESIE DES TISSUS ET DES VISCERES DYSPLASIE CONSTITUTIONNELLE,10,DYSPLASIE CONSTITUTIONNELLE (SAI),DYSPLASIE CONSTITUTIONNELLE (SAI),oui,
2012,2,MALFORMATION ET DYSGENESIE DES TISSUS ET DES VISCERES,20,MALFORMATION ET DYSGENESIE DES TISSUS ET DES VISCERES DYSPLASIE CONSTITUTIONNELLE,12,DYSPLASIE NEURONALE,DYSPLASIE NEURONALE,non,
2014,2,MALFORMATION ET DYSGENESIE DES TISSUS ET DES VISCERES,20,MALFORMATION ET DYSGENESIE DES TISSUS ET DES VISCERES DYSPLASIE CONSTITUTIONNELLE,14,DYSPLASIE DES PLEXUS NERVEUX,DYSPLASIE DES PLEXUS NERVEUX,non,
2016,2,MALFORMATION ET DYSGENESIE DES TISSUS ET DES VISCERES,20,MALFORMATION ET DYSGENESIE DES TISSUS ET DES VISCERES DYSPLASIE CONSTITUTIONNELLE,16,DYSPLASIE MUSCULAIRE LISSE : MYOPATHIE VISCERALE,DYSPLASIE MUSCULAIRE LISSE : MYOPATHIE VISCERALE,non,1992 AJOUT
2020,2,MALFORMATION ET DYSGENESIE DES TISSUS ET DES VISCERES,20,MALFORMATION ET DYSGENESIE DES TISSUS ET DES VISCERES DYSPLASIE CONSTITUTIONNELLE,20,DYSPLASIE SEGMENTAIRE OU FOCALE CONSTITUTIONNELLE (SAI),DYSPLASIE SEGMENTAIRE OU FOCALE CONSTITUTIONNELLE (SAI),oui,
2022,2,MALFORMATION ET DYSGENESIE DES TISSUS ET DES VISCERES,20,MALFORMATION ET DYSGENESIE DES TISSUS ET DES VISCERES DYSPLASIE CONSTITUTIONNELLE,22,DYSPLASIE SEGMENTAIRE BILATERALE CONSTITUTIONNELLE,DYSPLASIE SEGMENTAIRE BILATERALE CONSTITUTIONNELLE,non,
2024,2,MALFORMATION ET DYSGENESIE DES TISSUS ET DES VISCERES,20,MALFORMATION ET DYSGENESIE DES TISSUS ET DES VISCERES DYSPLASIE CONSTITUTIONNELLE,24,DYSPLASIE SEGMENTAIRE UNILATERALE CONSTITUTIONNELLE,DYSPLASIE SEGMENTAIRE UNILATERALE CONSTITUTIONNELLE,non,
2030,2,MALFORMATION ET DYSGENESIE DES TISSUS ET DES VISCERES,20,MALFORMATION ET DYSGENESIE DES TISSUS ET DES VISCERES DYSPLASIE CONSTITUTIONNELLE,30,DYSPLASIE DIFFUSE CONSTITUTIONNELLE (SAI),DYSPLASIE DIFFUSE CONSTITUTIONNELLE (SAI),oui,
2032,2,MALFORMATION ET DYSGENESIE DES TISSUS ET DES VISCERES,20,MALFORMATION ET DYSGENESIE DES TISSUS ET DES VISCERES DYSPLASIE CONSTITUTIONNELLE,32,DYSPLASIE DIFFUSE CONSTITUTIONNELLE BILATERALE,DYSPLASIE DIFFUSE CONSTITUTIONNELLE BILATERALE,non,
2034,2,MALFORMATION ET DYSGENESIE DES TISSUS ET DES VISCERES,20,MALFORMATION ET DYSGENESIE DES TISSUS ET DES VISCERES DYSPLASIE CONSTITUTIONNELLE,34,DYSPLASIE DIFFUSE CONSTITUTIONNELLE UNILATERALE ANOMALIE DE VOLUME OU DE LONGUEUR,DYSPLASIE DIFFUSE CONSTITUTIONNELLE UNILATERALE ANOMALIE DE VOLUME OU DE LONGUEUR,non,
2100,2,MALFORMATION ET DYSGENESIE DES TISSUS ET DES VISCERES,21,ANOMALIE CONSTITUTIONNELLE DE VOLUME ET DE LONGUEUR DES ORGANES (SAI),00,ANOMALIE CONSTITUTIONNELLE DE VOLUME ET DE LONGUEUR DES ORGANES (SAI),ANOMALIE CONSTITUTIONNELLE DE VOLUME ET DE LONGUEUR DES ORGANES (SAI),oui,
2110,2,MALFORMATION ET DYSGENESIE DES TISSUS ET DES VISCERES,21,ANOMALIE CONSTITUTIONNELLE DE VOLUME ET DE LONGUEUR DES ORGANES (SAI),10,APLASIE CONSTITUTIONNELLE,APLASIE CONSTITUTIONNELLE,non,
2111,2,MALFORMATION ET DYSGENESIE DES TISSUS ET DES VISCERES,21,ANOMALIE CONSTITUTIONNELLE DE VOLUME ET DE LONGUEUR DES ORGANES (SAI),11,AGYRIE - LISSENCEPHALIE,AGYRIE - LISSENCEPHALIE,non,
2120,2,MALFORMATION ET DYSGENESIE DES TISSUS ET DES VISCERES,21,ANOMALIE CONSTITUTIONNELLE DE VOLUME ET DE LONGUEUR DES ORGANES (SAI),20,BRACHYSPLANCHNIE,BRACHYSPLANCHNIE,non,
2130,2,MALFORMATION ET DYSGENESIE DES TISSUS ET DES VISCERES,21,ANOMALIE CONSTITUTIONNELLE DE VOLUME ET DE LONGUEUR DES ORGANES (SAI),30,DOLICHOSPLANCHNIE,DOLICHOSPLANCHNIE,non,
2140,2,MALFORMATION ET DYSGENESIE DES TISSUS ET DES VISCERES,21,ANOMALIE CONSTITUTIONNELLE DE VOLUME ET DE LONGUEUR DES ORGANES (SAI),40,HYPERPLASIE CONSTITUTIONNELLE,HYPERPLASIE CONSTITUTIONNELLE,non,
2141,2,MALFORMATION ET DYSGENESIE DES TISSUS ET DES VISCERES,21,ANOMALIE CONSTITUTIONNELLE DE VOLUME ET DE LONGUEUR DES ORGANES (SAI),41,PACHYGYRIE,PACHYGYRIE,non,
2143,2,MALFORMATION ET DYSGENESIE DES TISSUS ET DES VISCERES,21,ANOMALIE CONSTITUTIONNELLE DE VOLUME ET DE LONGUEUR DES ORGANES (SAI),43,HYPERPLASIE CONSTITUTIONNELLE NEUROBLASTIQUE,HYPERPLASIE CONSTITUTIONNELLE NEUROBLASTIQUE,non,1992 AJOUT
2150,2,MALFORMATION ET DYSGENESIE DES TISSUS ET DES VISCERES,21,ANOMALIE CONSTITUTIONNELLE DE VOLUME ET DE LONGUEUR DES ORGANES (SAI),50,HYPOPLASIE CONSTITUTIONNELLE (SAI),HYPOPLASIE CONSTITUTIONNELLE (SAI),oui,
2151,2,MALFORMATION ET DYSGENESIE DES TISSUS ET DES VISCERES,21,ANOMALIE CONSTITUTIONNELLE DE VOLUME ET DE LONGUEUR DES ORGANES (SAI),51,MICROGYRIE,MICROGYRIE,non,
2152,2,MALFORMATION ET DYSGENESIE DES TISSUS ET DES VISCERES,21,ANOMALIE CONSTITUTIONNELLE DE VOLUME ET DE LONGUEUR DES ORGANES (SAI),52,HYPOPLASIE DIFFUSE CONSTITUTIONNELLE SYNDROMIQUE,HYPOPLASIE DIFFUSE CONSTITUTIONNELLE SYNDROMIQUE,non,
2153,2,MALFORMATION ET DYSGENESIE DES TISSUS ET DES VISCERES,21,ANOMALIE CONSTITUTIONNELLE DE VOLUME ET DE LONGUEUR DES ORGANES (SAI),53,HYPOPLASIE DIFFUSE CONSTITUTIONNELLE NON SYNDROMIQUE,HYPOPLASIE DIFFUSE CONSTITUTIONNELLE NON SYNDROMIQUE,non,1992 AJOUT
2154,2,MALFORMATION ET DYSGENESIE DES TISSUS ET DES VISCERES,21,ANOMALIE CONSTITUTIONNELLE DE VOLUME ET DE LONGUEUR DES ORGANES (SAI),54,HYPOPLASIE SEGMENTAIRE OU PARTIELLE CONSTITUTIONNELLE,HYPOPLASIE SEGMENTAIRE OU PARTIELLE CONSTITUTIONNELLE,non,
2156,2,MALFORMATION ET DYSGENESIE DES TISSUS ET DES VISCERES,21,ANOMALIE CONSTITUTIONNELLE DE VOLUME ET DE LONGUEUR DES ORGANES (SAI),56,HYPOPLASIE CONSTITUTIONNELLE AVEC MATURATION NORMALE,HYPOPLASIE CONSTITUTIONNELLE AVEC MATURATION NORMALE,non,1992 AJOUT
2158,2,MALFORMATION ET DYSGENESIE DES TISSUS ET DES VISCERES,21,ANOMALIE CONSTITUTIONNELLE DE VOLUME ET DE LONGUEUR DES ORGANES (SAI),58,HYPOPLASIE CONSTITUTIONNELLE AVEC MATURATION RETARDEE,HYPOPLASIE CONSTITUTIONNELLE AVEC MATURATION RETARDEE,non,1992 AJOUT
2159,2,MALFORMATION ET DYSGENESIE DES TISSUS ET DES VISCERES,21,ANOMALIE CONSTITUTIONNELLE DE VOLUME ET DE LONGUEUR DES ORGANES (SAI),59,HYPOPLASIE CONSTITUTIONNELLE UNILATERALE,HYPOPLASIE CONSTITUTIONNELLE UNILATERALE,non,1992 AJOUT
2161,2,MALFORMATION ET DYSGENESIE DES TISSUS ET DES VISCERES,21,ANOMALIE CONSTITUTIONNELLE DE VOLUME ET DE LONGUEUR DES ORGANES (SAI),61,HYPOPLASIE CONSTITUTIONNELLE BILATERALE,HYPOPLASIE CONSTITUTIONNELLE BILATERALE,non,1992 AJOUT
2170,2,MALFORMATION ET DYSGENESIE DES TISSUS ET DES VISCERES,21,ANOMALIE CONSTITUTIONNELLE DE VOLUME ET DE LONGUEUR DES ORGANES (SAI),70,MEGASPLANSCHNIE (SAI) - MEGAORGANE CONGENITAL (SAI) - MEGAORGANE CONGENITAL AVEC LESION DES PLEXUS NERVEUX (SAI),MEGASPLANSCHNIE (SAI) - MEGAORGANE CONGENITAL (SAI) - MEGAORGANE CONGENITAL AVEC LESION DES PLEXUS NERVEUX (SAI),oui,
2171,2,MALFORMATION ET DYSGENESIE DES TISSUS ET DES VISCERES,21,ANOMALIE CONSTITUTIONNELLE DE VOLUME ET DE LONGUEUR DES ORGANES (SAI),71,APLEXIE,APLEXIE,non,1992 AJOUT
2172,2,MALFORMATION ET DYSGENESIE DES TISSUS ET DES VISCERES,21,ANOMALIE CONSTITUTIONNELLE DE VOLUME ET DE LONGUEUR DES ORGANES (SAI),72,AGANGLIONOSE TOTALE,AGANGLIONOSE TOTALE,non,1992 AJOUT
2173,2,MALFORMATION ET DYSGENESIE DES TISSUS ET DES VISCERES,21,ANOMALIE CONSTITUTIONNELLE DE VOLUME ET DE LONGUEUR DES ORGANES (SAI),73,"AGANGLIONOSE PARTIELLE, SEGMENTAIRE OU DISTALE","AGANGLIONOSE PARTIELLE, SEGMENTAIRE OU DISTALE",non,1992 AJOUT
2175,2,MALFORMATION ET DYSGENESIE DES TISSUS ET DES VISCERES,21,ANOMALIE CONSTITUTIONNELLE DE VOLUME ET DE LONGUEUR DES ORGANES (SAI),75,HYPOGANGLIONOSE,HYPOGANGLIONOSE,non,1992 AJOUT
2180,2,MALFORMATION ET DYSGENESIE DES TISSUS ET DES VISCERES,21,ANOMALIE CONSTITUTIONNELLE DE VOLUME ET DE LONGUEUR DES ORGANES (SAI),80,ANOMALIE CONGENITALE DE LONGUEUR (SAI),ANOMALIE CONGENITALE DE LONGUEUR (SAI),oui,1992 AJOUT
2182,2,MALFORMATION ET DYSGENESIE DES TISSUS ET DES VISCERES,21,ANOMALIE CONSTITUTIONNELLE DE VOLUME ET DE LONGUEUR DES ORGANES (SAI),82,ANOMALIE CONGENITALE DE LONGUEUR - ALLONGEMENT CONGENITAL,ANOMALIE CONGENITALE DE LONGUEUR - ALLONGEMENT CONGENITAL,non,1992 AJOUT
2184,2,MALFORMATION ET DYSGENESIE DES TISSUS ET DES VISCERES,21,ANOMALIE CONSTITUTIONNELLE DE VOLUME ET DE LONGUEUR DES ORGANES (SAI),84,ANOMALIE CONGENITALE DE LONGUEUR - RACCOURCISSEMENT CONGENITAL ANOMALIES DE NOMBRE,ANOMALIE CONGENITALE DE LONGUEUR - RACCOURCISSEMENT CONGENITAL ANOMALIES DE NOMBRE,non,1992 AJOUT
2200,2,MALFORMATION ET DYSGENESIE DES TISSUS ET DES VISCERES,22,ANOMALIE DE NOMBRE DES ORGANES (SAI),00,ANOMALIE DE NOMBRE DES ORGANES (SAI),ANOMALIE DE NOMBRE DES ORGANES (SAI),oui,
2210,2,MALFORMATION ET DYSGENESIE DES TISSUS ET DES VISCERES,22,ANOMALIE DE NOMBRE DES ORGANES (SAI),10,AGENESIE (SAI),AGENESIE (SAI),oui,
2211,2,MALFORMATION ET DYSGENESIE DES TISSUS ET DES VISCERES,22,ANOMALIE DE NOMBRE DES ORGANES (SAI),11,AGENESIE UNILATERALE,AGENESIE UNILATERALE,non,
2212,2,MALFORMATION ET DYSGENESIE DES TISSUS ET DES VISCERES,22,ANOMALIE DE NOMBRE DES ORGANES (SAI),12,AGENESIE BILATERALE,AGENESIE BILATERALE,non,
2214,2,MALFORMATION ET DYSGENESIE DES TISSUS ET DES VISCERES,22,ANOMALIE DE NOMBRE DES ORGANES (SAI),14,AGENESIE PARTIELLE,AGENESIE PARTIELLE,non,
2215,2,MALFORMATION ET DYSGENESIE DES TISSUS ET DES VISCERES,22,ANOMALIE DE NOMBRE DES ORGANES (SAI),15,AGENESIE TOTALE,AGENESIE TOTALE,non,
2220,2,MALFORMATION ET DYSGENESIE DES TISSUS ET DES VISCERES,22,ANOMALIE DE NOMBRE DES ORGANES (SAI),20,DEDOUBLEMENT- BIFIDITE (SAI),DEDOUBLEMENT- BIFIDITE (SAI),oui,
2230,2,MALFORMATION ET DYSGENESIE DES TISSUS ET DES VISCERES,22,ANOMALIE DE NOMBRE DES ORGANES (SAI),30,DUPLICATION (SAI),DUPLICATION (SAI),oui,
2240,2,MALFORMATION ET DYSGENESIE DES TISSUS ET DES VISCERES,22,ANOMALIE DE NOMBRE DES ORGANES (SAI),40,SEQUESTRATION (SAI),SEQUESTRATION (SAI),oui,
2250,2,MALFORMATION ET DYSGENESIE DES TISSUS ET DES VISCERES,22,ANOMALIE DE NOMBRE DES ORGANES (SAI),50,LOBE OU ORGANE SURNUMERAIRE (SAI),LOBE OU ORGANE SURNUMERAIRE (SAI),oui,
2252,2,MALFORMATION ET DYSGENESIE DES TISSUS ET DES VISCERES,22,ANOMALIE DE NOMBRE DES ORGANES (SAI),52,LOBE OU ORGANE ABERRANT,LOBE OU ORGANE ABERRANT,non,
2254,2,MALFORMATION ET DYSGENESIE DES TISSUS ET DES VISCERES,22,ANOMALIE DE NOMBRE DES ORGANES (SAI),54,ORGANE ACCESSOIRE,ORGANE ACCESSOIRE,non,
2300,2,MALFORMATION ET DYSGENESIE DES TISSUS ET DES VISCERES,23,"ANOMALIE DE SITUATION, D'ORIENTATION, DE ROTATION, ET DE TRAJET DES TISSUS ET DES ORGANES (SAI)",00,"ANOMALIE DE SITUATION, D'ORIENTATION, DE ROTATION, ET DE TRAJET DES TISSUS ET DES ORGANES (SAI)","ANOMALIE DE SITUATION, D'ORIENTATION, DE ROTATION, ET DE TRAJET DES TISSUS ET DES ORGANES (SAI)",oui,
2310,2,MALFORMATION ET DYSGENESIE DES TISSUS ET DES VISCERES,23,"ANOMALIE DE SITUATION, D'ORIENTATION, DE ROTATION, ET DE TRAJET DES TISSUS ET DES ORGANES (SAI)",10,ANOMALIE D'INSERTION ET D'ABOUCHEMENT (SAI),ANOMALIE D'INSERTION ET D'ABOUCHEMENT (SAI),oui,
2315,2,MALFORMATION ET DYSGENESIE DES TISSUS ET DES VISCERES,23,"ANOMALIE DE SITUATION, D'ORIENTATION, DE ROTATION, ET DE TRAJET DES TISSUS ET DES ORGANES (SAI)",15,ANOMALIE D'ABOUCHEMENT: ABSENCE D'ABOUCHEMENT - CONDUIT BORGNE,ANOMALIE D'ABOUCHEMENT: ABSENCE D'ABOUCHEMENT - CONDUIT BORGNE,non,
2320,2,MALFORMATION ET DYSGENESIE DES TISSUS ET DES VISCERES,23,"ANOMALIE DE SITUATION, D'ORIENTATION, DE ROTATION, ET DE TRAJET DES TISSUS ET DES ORGANES (SAI)",20,ANOMALIE DE TRAJET DES TISSUS ET DES ORGANES,ANOMALIE DE TRAJET DES TISSUS ET DES ORGANES,non,
2322,2,MALFORMATION ET DYSGENESIE DES TISSUS ET DES VISCERES,23,"ANOMALIE DE SITUATION, D'ORIENTATION, DE ROTATION, ET DE TRAJET DES TISSUS ET DES ORGANES (SAI)",22,ANOMALIE DE LA MIGRATION DES TISSUS ET DES ORGANES,ANOMALIE DE LA MIGRATION DES TISSUS ET DES ORGANES,non,
2325,2,MALFORMATION ET DYSGENESIE DES TISSUS ET DES VISCERES,23,"ANOMALIE DE SITUATION, D'ORIENTATION, DE ROTATION, ET DE TRAJET DES TISSUS ET DES ORGANES (SAI)",25,ANOMALIE D'ORIENTATION ET DE ROTATION,ANOMALIE D'ORIENTATION ET DE ROTATION,non,1992 AJOUT
2330,2,MALFORMATION ET DYSGENESIE DES TISSUS ET DES VISCERES,23,"ANOMALIE DE SITUATION, D'ORIENTATION, DE ROTATION, ET DE TRAJET DES TISSUS ET DES ORGANES (SAI)",30,HETEROTOPIE TISSULAIRE CONSTITUTIONNELLE (SAI),HETEROTOPIE TISSULAIRE CONSTITUTIONNELLE (SAI),oui,
2331,2,MALFORMATION ET DYSGENESIE DES TISSUS ET DES VISCERES,23,"ANOMALIE DE SITUATION, D'ORIENTATION, DE ROTATION, ET DE TRAJET DES TISSUS ET DES ORGANES (SAI)",31,HETEROTOPIE ANTROPYLORIQUE CONSTITUTIONNELLE,HETEROTOPIE ANTROPYLORIQUE CONSTITUTIONNELLE,non,
2332,2,MALFORMATION ET DYSGENESIE DES TISSUS ET DES VISCERES,23,"ANOMALIE DE SITUATION, D'ORIENTATION, DE ROTATION, ET DE TRAJET DES TISSUS ET DES ORGANES (SAI)",32,HETEROTOPIE FUNDIQUE CONSTITUTIONNELLE,HETEROTOPIE FUNDIQUE CONSTITUTIONNELLE,non,
2333,2,MALFORMATION ET DYSGENESIE DES TISSUS ET DES VISCERES,23,"ANOMALIE DE SITUATION, D'ORIENTATION, DE ROTATION, ET DE TRAJET DES TISSUS ET DES ORGANES (SAI)",33,HETEROTOPIE INTESTINALE CONSTITUTIONNELLE,HETEROTOPIE INTESTINALE CONSTITUTIONNELLE,non,
2334,2,MALFORMATION ET DYSGENESIE DES TISSUS ET DES VISCERES,23,"ANOMALIE DE SITUATION, D'ORIENTATION, DE ROTATION, ET DE TRAJET DES TISSUS ET DES ORGANES (SAI)",34,HETEROTOPIE GLIALE CONSTITUTIONNELLE,HETEROTOPIE GLIALE CONSTITUTIONNELLE,non,
2335,2,MALFORMATION ET DYSGENESIE DES TISSUS ET DES VISCERES,23,"ANOMALIE DE SITUATION, D'ORIENTATION, DE ROTATION, ET DE TRAJET DES TISSUS ET DES ORGANES (SAI)",35,HETEROTOPIE GLANDULAIRE CONSTITUTIONNELLE,HETEROTOPIE GLANDULAIRE CONSTITUTIONNELLE,non,
2336,2,MALFORMATION ET DYSGENESIE DES TISSUS ET DES VISCERES,23,"ANOMALIE DE SITUATION, D'ORIENTATION, DE ROTATION, ET DE TRAJET DES TISSUS ET DES ORGANES (SAI)",36,HETEROTOPIE LEYDIGIENNE CONSTITUTIONNELLE,HETEROTOPIE LEYDIGIENNE CONSTITUTIONNELLE,non,
2337,2,MALFORMATION ET DYSGENESIE DES TISSUS ET DES VISCERES,23,"ANOMALIE DE SITUATION, D'ORIENTATION, DE ROTATION, ET DE TRAJET DES TISSUS ET DES ORGANES (SAI)",37,HETEROTOPIE MALPIGHIENNE CONSTITUTIONNELLE,HETEROTOPIE MALPIGHIENNE CONSTITUTIONNELLE,non,
2338,2,MALFORMATION ET DYSGENESIE DES TISSUS ET DES VISCERES,23,"ANOMALIE DE SITUATION, D'ORIENTATION, DE ROTATION, ET DE TRAJET DES TISSUS ET DES ORGANES (SAI)",38,HETEROTOPIE NAEVIQUE CONSTITUTIONNELLE,HETEROTOPIE NAEVIQUE CONSTITUTIONNELLE,non,
2339,2,MALFORMATION ET DYSGENESIE DES TISSUS ET DES VISCERES,23,"ANOMALIE DE SITUATION, D'ORIENTATION, DE ROTATION, ET DE TRAJET DES TISSUS ET DES ORGANES (SAI)",39,HETEROTOPIE PANCREATIQUE CONSTITUTIONNELLE,HETEROTOPIE PANCREATIQUE CONSTITUTIONNELLE,non,
2340,2,MALFORMATION ET DYSGENESIE DES TISSUS ET DES VISCERES,23,"ANOMALIE DE SITUATION, D'ORIENTATION, DE ROTATION, ET DE TRAJET DES TISSUS ET DES ORGANES (SAI)",40,HETEROTOPIE GANGLIONNAIRE,HETEROTOPIE GANGLIONNAIRE,non,1997 AJOUT
2341,2,MALFORMATION ET DYSGENESIE DES TISSUS ET DES VISCERES,23,"ANOMALIE DE SITUATION, D'ORIENTATION, DE ROTATION, ET DE TRAJET DES TISSUS ET DES ORGANES (SAI)",41,HETEROTOPIE PARATHYROIDIENNE CONSTITUTIONNELLE,HETEROTOPIE PARATHYROIDIENNE CONSTITUTIONNELLE,non,
2342,2,MALFORMATION ET DYSGENESIE DES TISSUS ET DES VISCERES,23,"ANOMALIE DE SITUATION, D'ORIENTATION, DE ROTATION, ET DE TRAJET DES TISSUS ET DES ORGANES (SAI)",42,HETEROTOPIE SALIVAIRE CONSTITUTIONNELLE,HETEROTOPIE SALIVAIRE CONSTITUTIONNELLE,non,
2343,2,MALFORMATION ET DYSGENESIE DES TISSUS ET DES VISCERES,23,"ANOMALIE DE SITUATION, D'ORIENTATION, DE ROTATION, ET DE TRAJET DES TISSUS ET DES ORGANES (SAI)",43,HETEROTOPIE SPLENIQUE CONSTITUTIONNELLE,HETEROTOPIE SPLENIQUE CONSTITUTIONNELLE,non,
2344,2,MALFORMATION ET DYSGENESIE DES TISSUS ET DES VISCERES,23,"ANOMALIE DE SITUATION, D'ORIENTATION, DE ROTATION, ET DE TRAJET DES TISSUS ET DES ORGANES (SAI)",44,HETEROTOPIE SURRENALIENNE CONSTITUTIONNELLE,HETEROTOPIE SURRENALIENNE CONSTITUTIONNELLE,non,
2345,2,MALFORMATION ET DYSGENESIE DES TISSUS ET DES VISCERES,23,"ANOMALIE DE SITUATION, D'ORIENTATION, DE ROTATION, ET DE TRAJET DES TISSUS ET DES ORGANES (SAI)",45,HETEROTOPIE THYROIDIENNE CONSTITUTIONNELLE,HETEROTOPIE THYROIDIENNE CONSTITUTIONNELLE,non,
2346,2,MALFORMATION ET DYSGENESIE DES TISSUS ET DES VISCERES,23,"ANOMALIE DE SITUATION, D'ORIENTATION, DE ROTATION, ET DE TRAJET DES TISSUS ET DES ORGANES (SAI)",46,HETEROTOPIE THYMIQUE CONSTITUTIONNELLE,HETEROTOPIE THYMIQUE CONSTITUTIONNELLE,non,
2347,2,MALFORMATION ET DYSGENESIE DES TISSUS ET DES VISCERES,23,"ANOMALIE DE SITUATION, D'ORIENTATION, DE ROTATION, ET DE TRAJET DES TISSUS ET DES ORGANES (SAI)",47,HETEROTOPIE SEBACEE CONSTITUTIONNELLE (GRAIN DE FORDYCE),HETEROTOPIE SEBACEE CONSTITUTIONNELLE (GRAIN DE FORDYCE),non,
2348,2,MALFORMATION ET DYSGENESIE DES TISSUS ET DES VISCERES,23,"ANOMALIE DE SITUATION, D'ORIENTATION, DE ROTATION, ET DE TRAJET DES TISSUS ET DES ORGANES (SAI)",48,HETEROTOPIE NEURONALE CONSTITUTIONNELLE,HETEROTOPIE NEURONALE CONSTITUTIONNELLE,non,
2349,2,MALFORMATION ET DYSGENESIE DES TISSUS ET DES VISCERES,23,"ANOMALIE DE SITUATION, D'ORIENTATION, DE ROTATION, ET DE TRAJET DES TISSUS ET DES ORGANES (SAI)",49,HETEROTOPIE PITUITAIRE CONSTITUTIONNELLE,HETEROTOPIE PITUITAIRE CONSTITUTIONNELLE,non,1992 AJOUT
2350,2,MALFORMATION ET DYSGENESIE DES TISSUS ET DES VISCERES,23,"ANOMALIE DE SITUATION, D'ORIENTATION, DE ROTATION, ET DE TRAJET DES TISSUS ET DES ORGANES (SAI)",50,ECTOPIE D'ORGANE (SAI),ECTOPIE D'ORGANE (SAI),oui,
2351,2,MALFORMATION ET DYSGENESIE DES TISSUS ET DES VISCERES,23,"ANOMALIE DE SITUATION, D'ORIENTATION, DE ROTATION, ET DE TRAJET DES TISSUS ET DES ORGANES (SAI)",51,ECTOPIE SALIVAIRE,ECTOPIE SALIVAIRE,non,
2352,2,MALFORMATION ET DYSGENESIE DES TISSUS ET DES VISCERES,23,"ANOMALIE DE SITUATION, D'ORIENTATION, DE ROTATION, ET DE TRAJET DES TISSUS ET DES ORGANES (SAI)",52,ECTOPIE MAMMAIRE,ECTOPIE MAMMAIRE,non,
2354,2,MALFORMATION ET DYSGENESIE DES TISSUS ET DES VISCERES,23,"ANOMALIE DE SITUATION, D'ORIENTATION, DE ROTATION, ET DE TRAJET DES TISSUS ET DES ORGANES (SAI)",54,ECTOPIE CROISEE,ECTOPIE CROISEE,non,
2355,2,MALFORMATION ET DYSGENESIE DES TISSUS ET DES VISCERES,23,"ANOMALIE DE SITUATION, D'ORIENTATION, DE ROTATION, ET DE TRAJET DES TISSUS ET DES ORGANES (SAI)",55,SITUS INVERSUS,SITUS INVERSUS,non,
2356,2,MALFORMATION ET DYSGENESIE DES TISSUS ET DES VISCERES,23,"ANOMALIE DE SITUATION, D'ORIENTATION, DE ROTATION, ET DE TRAJET DES TISSUS ET DES ORGANES (SAI)",56,SITUS AMBIGUUS,SITUS AMBIGUUS,non,1992 AJOUT
2357,2,MALFORMATION ET DYSGENESIE DES TISSUS ET DES VISCERES,23,"ANOMALIE DE SITUATION, D'ORIENTATION, DE ROTATION, ET DE TRAJET DES TISSUS ET DES ORGANES (SAI)",57,ISOMERISME DROIT,ISOMERISME DROIT,non,1992 AJOUT
2358,2,MALFORMATION ET DYSGENESIE DES TISSUS ET DES VISCERES,23,"ANOMALIE DE SITUATION, D'ORIENTATION, DE ROTATION, ET DE TRAJET DES TISSUS ET DES ORGANES (SAI)",58,ISOMERISME GAUCHE,ISOMERISME GAUCHE,non,1992 AJOUT
2359,2,MALFORMATION ET DYSGENESIE DES TISSUS ET DES VISCERES,23,"ANOMALIE DE SITUATION, D'ORIENTATION, DE ROTATION, ET DE TRAJET DES TISSUS ET DES ORGANES (SAI)",59,SITUS SOLITUS,SITUS SOLITUS,non,1992 AJOUT
2360,2,MALFORMATION ET DYSGENESIE DES TISSUS ET DES VISCERES,23,"ANOMALIE DE SITUATION, D'ORIENTATION, DE ROTATION, ET DE TRAJET DES TISSUS ET DES ORGANES (SAI)",60,TRANSPOSITION - DEXTROPOSITION ANOMALIE DE FORME ET DE STRUCTURE,TRANSPOSITION - DEXTROPOSITION ANOMALIE DE FORME ET DE STRUCTURE,non,
2400,2,MALFORMATION ET DYSGENESIE DES TISSUS ET DES VISCERES,24,ANOMALIE DE FORME ET DE STRUCTURE DES TISSUS ET DES ORGANES (SAI),00,ANOMALIE DE FORME ET DE STRUCTURE DES TISSUS ET DES ORGANES (SAI),ANOMALIE DE FORME ET DE STRUCTURE DES TISSUS ET DES ORGANES (SAI),oui,
2401,2,MALFORMATION ET DYSGENESIE DES TISSUS ET DES VISCERES,24,ANOMALIE DE FORME ET DE STRUCTURE DES TISSUS ET DES ORGANES (SAI),01,LOBULATION FOETALE PERSISTANTE,LOBULATION FOETALE PERSISTANTE,non,1992 AJOUT
2410,2,MALFORMATION ET DYSGENESIE DES TISSUS ET DES VISCERES,24,ANOMALIE DE FORME ET DE STRUCTURE DES TISSUS ET DES ORGANES (SAI),10,ATRESIES (SAI),ATRESIES (SAI),oui,
2411,2,MALFORMATION ET DYSGENESIE DES TISSUS ET DES VISCERES,24,ANOMALIE DE FORME ET DE STRUCTURE DES TISSUS ET DES ORGANES (SAI),11,ATRESIE PARTIELLE OU SEGMENTAIRE,ATRESIE PARTIELLE OU SEGMENTAIRE,non,
2413,2,MALFORMATION ET DYSGENESIE DES TISSUS ET DES VISCERES,24,ANOMALIE DE FORME ET DE STRUCTURE DES TISSUS ET DES ORGANES (SAI),13,ATRESIE TOTALE OU DIFFUSE,ATRESIE TOTALE OU DIFFUSE,non,
2415,2,MALFORMATION ET DYSGENESIE DES TISSUS ET DES VISCERES,24,ANOMALIE DE FORME ET DE STRUCTURE DES TISSUS ET DES ORGANES (SAI),15,ATRESIE PAR HYPERTROPHIE MUSCULAIRE CONGENITALE,ATRESIE PAR HYPERTROPHIE MUSCULAIRE CONGENITALE,non,
2417,2,MALFORMATION ET DYSGENESIE DES TISSUS ET DES VISCERES,24,ANOMALIE DE FORME ET DE STRUCTURE DES TISSUS ET DES ORGANES (SAI),17,ATRESIE AVEC FISTULE,ATRESIE AVEC FISTULE,non,1992 AJOUT
2420,2,MALFORMATION ET DYSGENESIE DES TISSUS ET DES VISCERES,24,ANOMALIE DE FORME ET DE STRUCTURE DES TISSUS ET DES ORGANES (SAI),20,ANOMALIES DE LA SEGMENTATION - MORCELLEMENT,ANOMALIES DE LA SEGMENTATION - MORCELLEMENT,non,
2430,2,MALFORMATION ET DYSGENESIE DES TISSUS ET DES VISCERES,24,ANOMALIE DE FORME ET DE STRUCTURE DES TISSUS ET DES ORGANES (SAI),30,DILATATION OU ECTASIE CONSTITUTIONNELLE (SAI),DILATATION OU ECTASIE CONSTITUTIONNELLE (SAI),oui,
2431,2,MALFORMATION ET DYSGENESIE DES TISSUS ET DES VISCERES,24,ANOMALIE DE FORME ET DE STRUCTURE DES TISSUS ET DES ORGANES (SAI),31,DILATATION OU ECTASIE SEGMENTAIRE CONSTITUTIONNELLE,DILATATION OU ECTASIE SEGMENTAIRE CONSTITUTIONNELLE,non,
2433,2,MALFORMATION ET DYSGENESIE DES TISSUS ET DES VISCERES,24,ANOMALIE DE FORME ET DE STRUCTURE DES TISSUS ET DES ORGANES (SAI),33,DILATATION OU ECTASIE DIFFUSE CONSTITUTIONNELLE,DILATATION OU ECTASIE DIFFUSE CONSTITUTIONNELLE,non,
2434,2,MALFORMATION ET DYSGENESIE DES TISSUS ET DES VISCERES,24,ANOMALIE DE FORME ET DE STRUCTURE DES TISSUS ET DES ORGANES (SAI),34,DILATATION VENTRICULAIRE CONSTITUTIONNELLE,DILATATION VENTRICULAIRE CONSTITUTIONNELLE,non,
2440,2,MALFORMATION ET DYSGENESIE DES TISSUS ET DES VISCERES,24,ANOMALIE DE FORME ET DE STRUCTURE DES TISSUS ET DES ORGANES (SAI),40,FISTULE CONGENITALE (SAI),FISTULE CONGENITALE (SAI),oui,
2442,2,MALFORMATION ET DYSGENESIE DES TISSUS ET DES VISCERES,24,ANOMALIE DE FORME ET DE STRUCTURE DES TISSUS ET DES ORGANES (SAI),42,FISTULE CONGENITALE OUVERTE A LA PEAU,FISTULE CONGENITALE OUVERTE A LA PEAU,non,
2443,2,MALFORMATION ET DYSGENESIE DES TISSUS ET DES VISCERES,24,ANOMALIE DE FORME ET DE STRUCTURE DES TISSUS ET DES ORGANES (SAI),43,FISTULE CONGENITALE OUVERTE A UNE MUQUEUSE,FISTULE CONGENITALE OUVERTE A UNE MUQUEUSE,non,
2450,2,MALFORMATION ET DYSGENESIE DES TISSUS ET DES VISCERES,24,ANOMALIE DE FORME ET DE STRUCTURE DES TISSUS ET DES ORGANES (SAI),50,IMPERFORATION,IMPERFORATION,non,
2460,2,MALFORMATION ET DYSGENESIE DES TISSUS ET DES VISCERES,24,ANOMALIE DE FORME ET DE STRUCTURE DES TISSUS ET DES ORGANES (SAI),60,"STENOSE CONGENITALE PAR RETRECISSEMENT, MEMBRANE OU DIAPHRAGME","STENOSE CONGENITALE PAR RETRECISSEMENT, MEMBRANE OU DIAPHRAGME",non,
2470,2,MALFORMATION ET DYSGENESIE DES TISSUS ET DES VISCERES,24,ANOMALIE DE FORME ET DE STRUCTURE DES TISSUS ET DES ORGANES (SAI),70,SYMPHYSE - COALESCENCE - FUSION,SYMPHYSE - COALESCENCE - FUSION,non,
2471,2,MALFORMATION ET DYSGENESIE DES TISSUS ET DES VISCERES,24,ANOMALIE DE FORME ET DE STRUCTURE DES TISSUS ET DES ORGANES (SAI),71,FUSION SPLENIQUE AVEC UN AUTRE ORGANE (PRECISER L'ORGANE FUSIONNE PAR SON CODE),FUSION SPLENIQUE AVEC UN AUTRE ORGANE (PRECISER L'ORGANE FUSIONNE PAR SON CODE),non,1998 AJOUT
2480,2,MALFORMATION ET DYSGENESIE DES TISSUS ET DES VISCERES,24,ANOMALIE DE FORME ET DE STRUCTURE DES TISSUS ET DES ORGANES (SAI),80,ANOMALIE DE CLOISONNEMENT (SAI),ANOMALIE DE CLOISONNEMENT (SAI),oui,1992 AJOUT
2482,2,MALFORMATION ET DYSGENESIE DES TISSUS ET DES VISCERES,24,ANOMALIE DE FORME ET DE STRUCTURE DES TISSUS ET DES ORGANES (SAI),82,"ANOMALIE DE CLOISONNEMENT PAR DIAPHRAGME, MEMBRANE OU VALVE","ANOMALIE DE CLOISONNEMENT PAR DIAPHRAGME, MEMBRANE OU VALVE",non,1992 AJOUT
2484,2,MALFORMATION ET DYSGENESIE DES TISSUS ET DES VISCERES,24,ANOMALIE DE FORME ET DE STRUCTURE DES TISSUS ET DES ORGANES (SAI),84,ANOMALIE DE CLOISONNEMENT PAR EPERON,ANOMALIE DE CLOISONNEMENT PAR EPERON,non,1992 AJOUT
2486,2,MALFORMATION ET DYSGENESIE DES TISSUS ET DES VISCERES,24,ANOMALIE DE FORME ET DE STRUCTURE DES TISSUS ET DES ORGANES (SAI),86,ANOMALIE DE CLOISONNEMENT PAR SEPTUM,ANOMALIE DE CLOISONNEMENT PAR SEPTUM,non,1992 AJOUT
2490,2,MALFORMATION ET DYSGENESIE DES TISSUS ET DES VISCERES,24,ANOMALIE DE FORME ET DE STRUCTURE DES TISSUS ET DES ORGANES (SAI),90,PROLONGEMENT CONGENITAL,PROLONGEMENT CONGENITAL,non,
2500,2,MALFORMATION ET DYSGENESIE DES TISSUS ET DES VISCERES,25,DYSRAPHIE (SAI),00,DYSRAPHIE (SAI),DYSRAPHIE (SAI),oui,
2510,2,MALFORMATION ET DYSGENESIE DES TISSUS ET DES VISCERES,25,DYSRAPHIE (SAI),10,HERNIE CONGENITALE INTERNE,HERNIE CONGENITALE INTERNE,non,
2512,2,MALFORMATION ET DYSGENESIE DES TISSUS ET DES VISCERES,25,DYSRAPHIE (SAI),12,ORGANE HERNIE DANS UNE HERNIE CONGENITALE INTERNE VESTIGES CONSTITUTIONNEL – KYSTES CONGENITAUX,ORGANE HERNIE DANS UNE HERNIE CONGENITALE INTERNE VESTIGES CONSTITUTIONNEL – KYSTES CONGENITAUX,non,1992 AJOUT
2600,2,MALFORMATION ET DYSGENESIE DES TISSUS ET DES VISCERES,26,MALADIE KYSTIQUE CONGENITALE (SAI),00,MALADIE KYSTIQUE CONGENITALE (SAI),MALADIE KYSTIQUE CONGENITALE (SAI),oui,
2610,2,MALFORMATION ET DYSGENESIE DES TISSUS ET DES VISCERES,26,MALADIE KYSTIQUE CONGENITALE (SAI),10,KYSTES CONGENITAUX MULTIPLES,KYSTES CONGENITAUX MULTIPLES,non,
2630,2,MALFORMATION ET DYSGENESIE DES TISSUS ET DES VISCERES,26,MALADIE KYSTIQUE CONGENITALE (SAI),30,POLYKYSTOSES (SAI),POLYKYSTOSES (SAI),oui,
2631,2,MALFORMATION ET DYSGENESIE DES TISSUS ET DES VISCERES,26,MALADIE KYSTIQUE CONGENITALE (SAI),31,POLYKYSTOSE AUTOSOMIQUE RECESSIVE,POLYKYSTOSE AUTOSOMIQUE RECESSIVE,non,1992 AJOUT
2632,2,MALFORMATION ET DYSGENESIE DES TISSUS ET DES VISCERES,26,MALADIE KYSTIQUE CONGENITALE (SAI),32,POLYKYSTOSE NEONATALE,POLYKYSTOSE NEONATALE,non,
2633,2,MALFORMATION ET DYSGENESIE DES TISSUS ET DES VISCERES,26,MALADIE KYSTIQUE CONGENITALE (SAI),33,POLYKYSTOSE A TRANSMISSION DOMINANTE,POLYKYSTOSE A TRANSMISSION DOMINANTE,non,1992 AJOUT
2634,2,MALFORMATION ET DYSGENESIE DES TISSUS ET DES VISCERES,26,MALADIE KYSTIQUE CONGENITALE (SAI),34,POLYKYSTOSE INFANTILE,POLYKYSTOSE INFANTILE,non,
2636,2,MALFORMATION ET DYSGENESIE DES TISSUS ET DES VISCERES,26,MALADIE KYSTIQUE CONGENITALE (SAI),36,POLYKYSTOSE DE L'ADULTE,POLYKYSTOSE DE L'ADULTE,non,
2700,2,MALFORMATION ET DYSGENESIE DES TISSUS ET DES VISCERES,27,VESTIGE CONSTITUTIONNEL KYSTIQUE OU NON (SAI),00,VESTIGE CONSTITUTIONNEL KYSTIQUE OU NON (SAI),VESTIGE CONSTITUTIONNEL KYSTIQUE OU NON (SAI),oui,
2710,2,MALFORMATION ET DYSGENESIE DES TISSUS ET DES VISCERES,27,VESTIGE CONSTITUTIONNEL KYSTIQUE OU NON (SAI),10,CANAL VESTIGIAIRE,CANAL VESTIGIAIRE,non,
2711,2,MALFORMATION ET DYSGENESIE DES TISSUS ET DES VISCERES,27,VESTIGE CONSTITUTIONNEL KYSTIQUE OU NON (SAI),11,CANAL VESTIGIAIRE COMPLET,CANAL VESTIGIAIRE COMPLET,non,
2715,2,MALFORMATION ET DYSGENESIE DES TISSUS ET DES VISCERES,27,VESTIGE CONSTITUTIONNEL KYSTIQUE OU NON (SAI),15,CANAL VESTIGIAIRE INCOMPLET: SINUS CONSTITUTIONNEL,CANAL VESTIGIAIRE INCOMPLET: SINUS CONSTITUTIONNEL,non,
2720,2,MALFORMATION ET DYSGENESIE DES TISSUS ET DES VISCERES,27,VESTIGE CONSTITUTIONNEL KYSTIQUE OU NON (SAI),20,DIVERTICULE CONGENITAL (SAI),DIVERTICULE CONGENITAL (SAI),oui,
2730,2,MALFORMATION ET DYSGENESIE DES TISSUS ET DES VISCERES,27,VESTIGE CONSTITUTIONNEL KYSTIQUE OU NON (SAI),30,KYSTE CONGENITAL (SAI),KYSTE CONGENITAL (SAI),oui,
2731,2,MALFORMATION ET DYSGENESIE DES TISSUS ET DES VISCERES,27,VESTIGE CONSTITUTIONNEL KYSTIQUE OU NON (SAI),31,KYSTE CONGENITAL ALLANTOIDIEN,KYSTE CONGENITAL ALLANTOIDIEN,non,
2732,2,MALFORMATION ET DYSGENESIE DES TISSUS ET DES VISCERES,27,VESTIGE CONSTITUTIONNEL KYSTIQUE OU NON (SAI),32,KYSTE CONGENITAL BRANCHIAL (SAI),KYSTE CONGENITAL BRANCHIAL (SAI),oui,
2733,2,MALFORMATION ET DYSGENESIE DES TISSUS ET DES VISCERES,27,VESTIGE CONSTITUTIONNEL KYSTIQUE OU NON (SAI),33,KYSTE CONGENITAL BRONCHOGENIQUE (SAI),KYSTE CONGENITAL BRONCHOGENIQUE (SAI),oui,
2734,2,MALFORMATION ET DYSGENESIE DES TISSUS ET DES VISCERES,27,VESTIGE CONSTITUTIONNEL KYSTIQUE OU NON (SAI),34,KYSTE BRONCHOGENIQUE REMANIE,KYSTE BRONCHOGENIQUE REMANIE,non,
2736,2,MALFORMATION ET DYSGENESIE DES TISSUS ET DES VISCERES,27,VESTIGE CONSTITUTIONNEL KYSTIQUE OU NON (SAI),36,KYSTE CONGENITAL COELOMIQUE,KYSTE CONGENITAL COELOMIQUE,non,
2738,2,MALFORMATION ET DYSGENESIE DES TISSUS ET DES VISCERES,27,VESTIGE CONSTITUTIONNEL KYSTIQUE OU NON (SAI),38,KYSTE CONGENITAL COLLOIDE,KYSTE CONGENITAL COLLOIDE,non,
2739,2,MALFORMATION ET DYSGENESIE DES TISSUS ET DES VISCERES,27,VESTIGE CONSTITUTIONNEL KYSTIQUE OU NON (SAI),39,KYSTE CONGENITAL DERMOIDE,KYSTE CONGENITAL DERMOIDE,non,
2741,2,MALFORMATION ET DYSGENESIE DES TISSUS ET DES VISCERES,27,VESTIGE CONSTITUTIONNEL KYSTIQUE OU NON (SAI),41,KYSTE CONGENITAL ENTEROIDE OU MUCOIDE,KYSTE CONGENITAL ENTEROIDE OU MUCOIDE,non,
2743,2,MALFORMATION ET DYSGENESIE DES TISSUS ET DES VISCERES,27,VESTIGE CONSTITUTIONNEL KYSTIQUE OU NON (SAI),43,KYSTE CONGENITAL EPIDERMOIDE OU EPIDERMIQUE - SINUS OU KYSTE PILONIDAL CONGENITAL,KYSTE CONGENITAL EPIDERMOIDE OU EPIDERMIQUE - SINUS OU KYSTE PILONIDAL CONGENITAL,non,
2744,2,MALFORMATION ET DYSGENESIE DES TISSUS ET DES VISCERES,27,VESTIGE CONSTITUTIONNEL KYSTIQUE OU NON (SAI),44,KYSTE CONGENITAL LEPTOMENINGE - KYSTE CONGENITAL ARACHNOIDIEN,KYSTE CONGENITAL LEPTOMENINGE - KYSTE CONGENITAL ARACHNOIDIEN,non,1992 AJOUT
2745,2,MALFORMATION ET DYSGENESIE DES TISSUS ET DES VISCERES,27,VESTIGE CONSTITUTIONNEL KYSTIQUE OU NON (SAI),45,KYSTE CONGENITAL ET VESTIGE OURAQUIENS,KYSTE CONGENITAL ET VESTIGE OURAQUIENS,non,
2746,2,MALFORMATION ET DYSGENESIE DES TISSUS ET DES VISCERES,27,VESTIGE CONSTITUTIONNEL KYSTIQUE OU NON (SAI),46,KYSTE CONGENITAL PERIPYELIQUE,KYSTE CONGENITAL PERIPYELIQUE,non,
2747,2,MALFORMATION ET DYSGENESIE DES TISSUS ET DES VISCERES,27,VESTIGE CONSTITUTIONNEL KYSTIQUE OU NON (SAI),47,KYSTE CONGENITAL PYELOGENIQUE,KYSTE CONGENITAL PYELOGENIQUE,non,
2749,2,MALFORMATION ET DYSGENESIE DES TISSUS ET DES VISCERES,27,VESTIGE CONSTITUTIONNEL KYSTIQUE OU NON (SAI),49,KYSTE CONGENITAL ET VESTIGE VITELLINS,KYSTE CONGENITAL ET VESTIGE VITELLINS,non,
2750,2,MALFORMATION ET DYSGENESIE DES TISSUS ET DES VISCERES,27,VESTIGE CONSTITUTIONNEL KYSTIQUE OU NON (SAI),50,KYSTE CONGENITAL MAXILLAIRE NON ODONTOGENE (SAI),KYSTE CONGENITAL MAXILLAIRE NON ODONTOGENE (SAI),oui,
2751,2,MALFORMATION ET DYSGENESIE DES TISSUS ET DES VISCERES,27,VESTIGE CONSTITUTIONNEL KYSTIQUE OU NON (SAI),51,KYSTE CONGENITAL NASOPALATIN,KYSTE CONGENITAL NASOPALATIN,non,
2752,2,MALFORMATION ET DYSGENESIE DES TISSUS ET DES VISCERES,27,VESTIGE CONSTITUTIONNEL KYSTIQUE OU NON (SAI),52,KYSTE CONGENITAL NASOLABIAL (NASOALVEOLAIRE),KYSTE CONGENITAL NASOLABIAL (NASOALVEOLAIRE),non,
2753,2,MALFORMATION ET DYSGENESIE DES TISSUS ET DES VISCERES,27,VESTIGE CONSTITUTIONNEL KYSTIQUE OU NON (SAI),53,KYSTE CONGENITAL FISSURAIRE,KYSTE CONGENITAL FISSURAIRE,non,
2754,2,MALFORMATION ET DYSGENESIE DES TISSUS ET DES VISCERES,27,VESTIGE CONSTITUTIONNEL KYSTIQUE OU NON (SAI),54,KYSTE CONGENITAL GLOBOMAXILLAIRE,KYSTE CONGENITAL GLOBOMAXILLAIRE,non,
2755,2,MALFORMATION ET DYSGENESIE DES TISSUS ET DES VISCERES,27,VESTIGE CONSTITUTIONNEL KYSTIQUE OU NON (SAI),55,KYSTE CONGENITAL MEDIOMANDIBULAIRE,KYSTE CONGENITAL MEDIOMANDIBULAIRE,non,
2756,2,MALFORMATION ET DYSGENESIE DES TISSUS ET DES VISCERES,27,VESTIGE CONSTITUTIONNEL KYSTIQUE OU NON (SAI),56,KYSTE CONGENITAL MEDIOPALATIN,KYSTE CONGENITAL MEDIOPALATIN,non,
2760,2,MALFORMATION ET DYSGENESIE DES TISSUS ET DES VISCERES,27,VESTIGE CONSTITUTIONNEL KYSTIQUE OU NON (SAI),60,KYSTE CONGENITAL DENTAIRE ODONTOGENE,KYSTE CONGENITAL DENTAIRE ODONTOGENE,non,
2762,2,MALFORMATION ET DYSGENESIE DES TISSUS ET DES VISCERES,27,VESTIGE CONSTITUTIONNEL KYSTIQUE OU NON (SAI),62,KERATOKYSTE CONGENITAL (KYSTE EPIDERMOIDE DES MAXILLAIRES),KERATOKYSTE CONGENITAL (KYSTE EPIDERMOIDE DES MAXILLAIRES),non,
2763,2,MALFORMATION ET DYSGENESIE DES TISSUS ET DES VISCERES,27,VESTIGE CONSTITUTIONNEL KYSTIQUE OU NON (SAI),63,KYSTE CONGENITAL DENTIGERE OU FOLLICULAIRE OU PERICORONAIRE,KYSTE CONGENITAL DENTIGERE OU FOLLICULAIRE OU PERICORONAIRE,non,
2764,2,MALFORMATION ET DYSGENESIE DES TISSUS ET DES VISCERES,27,VESTIGE CONSTITUTIONNEL KYSTIQUE OU NON (SAI),64,KYSTE CONGENITAL D'ERUPTION DENTAIRE,KYSTE CONGENITAL D'ERUPTION DENTAIRE,non,
2765,2,MALFORMATION ET DYSGENESIE DES TISSUS ET DES VISCERES,27,VESTIGE CONSTITUTIONNEL KYSTIQUE OU NON (SAI),65,KYSTE CONGENITAL GINGIVAL,KYSTE CONGENITAL GINGIVAL,non,
2766,2,MALFORMATION ET DYSGENESIE DES TISSUS ET DES VISCERES,27,VESTIGE CONSTITUTIONNEL KYSTIQUE OU NON (SAI),66,KYSTE CONGENITAL MARGINAL POSTERIEUR D'ORIGINE ODONTOGENE,KYSTE CONGENITAL MARGINAL POSTERIEUR D'ORIGINE ODONTOGENE,non,
2767,2,MALFORMATION ET DYSGENESIE DES TISSUS ET DES VISCERES,27,VESTIGE CONSTITUTIONNEL KYSTIQUE OU NON (SAI),67,KYSTE CONGENITAL PARODONTAL LATERAL,KYSTE CONGENITAL PARODONTAL LATERAL,non,
2768,2,MALFORMATION ET DYSGENESIE DES TISSUS ET DES VISCERES,27,VESTIGE CONSTITUTIONNEL KYSTIQUE OU NON (SAI),68,KYSTE CONGENITAL PRIMORDIAL,KYSTE CONGENITAL PRIMORDIAL,non,
2770,2,MALFORMATION ET DYSGENESIE DES TISSUS ET DES VISCERES,27,VESTIGE CONSTITUTIONNEL KYSTIQUE OU NON (SAI),70,KYSTE CONGENITAL ET VESTIGE MULLERIENS,KYSTE CONGENITAL ET VESTIGE MULLERIENS,non,
2771,2,MALFORMATION ET DYSGENESIE DES TISSUS ET DES VISCERES,27,VESTIGE CONSTITUTIONNEL KYSTIQUE OU NON (SAI),71,HYDATIDE SESSILE DE MORGAGNI,HYDATIDE SESSILE DE MORGAGNI,non,
2780,2,MALFORMATION ET DYSGENESIE DES TISSUS ET DES VISCERES,27,VESTIGE CONSTITUTIONNEL KYSTIQUE OU NON (SAI),80,KYSTE CONGENITAL DU TRACTUS THYREOGLOSSE (SAI),KYSTE CONGENITAL DU TRACTUS THYREOGLOSSE (SAI),oui,
2781,2,MALFORMATION ET DYSGENESIE DES TISSUS ET DES VISCERES,27,VESTIGE CONSTITUTIONNEL KYSTIQUE OU NON (SAI),81,KYSTE CONGENITAL DU TRACTUS THYREOGLOSSE A REVETEMENT MALPIGHIEN,KYSTE CONGENITAL DU TRACTUS THYREOGLOSSE A REVETEMENT MALPIGHIEN,non,
2782,2,MALFORMATION ET DYSGENESIE DES TISSUS ET DES VISCERES,27,VESTIGE CONSTITUTIONNEL KYSTIQUE OU NON (SAI),82,KYSTE CONGENITAL DU TRACTUS THYREOGLOSSE A REVETEMENT CYLINDRIQUE CILIE,KYSTE CONGENITAL DU TRACTUS THYREOGLOSSE A REVETEMENT CYLINDRIQUE CILIE,non,
2783,2,MALFORMATION ET DYSGENESIE DES TISSUS ET DES VISCERES,27,VESTIGE CONSTITUTIONNEL KYSTIQUE OU NON (SAI),83,KYSTE CONGENITAL DU TRACTUS THYREOGLOSSE A REVETEMENT MIXTE,KYSTE CONGENITAL DU TRACTUS THYREOGLOSSE A REVETEMENT MIXTE,non,
2785,2,MALFORMATION ET DYSGENESIE DES TISSUS ET DES VISCERES,27,VESTIGE CONSTITUTIONNEL KYSTIQUE OU NON (SAI),85,KYSTE CONGENITAL DU TRACTUS THYREOGLOSSE REMANIE,KYSTE CONGENITAL DU TRACTUS THYREOGLOSSE REMANIE,non,
2790,2,MALFORMATION ET DYSGENESIE DES TISSUS ET DES VISCERES,27,VESTIGE CONSTITUTIONNEL KYSTIQUE OU NON (SAI),90,KYSTE CONGENITAL WOLFFIEN - VESTIGE WOLFFIEN (SAI),KYSTE CONGENITAL WOLFFIEN - VESTIGE WOLFFIEN (SAI),oui,
2791,2,MALFORMATION ET DYSGENESIE DES TISSUS ET DES VISCERES,27,VESTIGE CONSTITUTIONNEL KYSTIQUE OU NON (SAI),91,HYDATIDE PEDICULEE DE MORGAGNI,HYDATIDE PEDICULEE DE MORGAGNI,non,
2792,2,MALFORMATION ET DYSGENESIE DES TISSUS ET DES VISCERES,27,VESTIGE CONSTITUTIONNEL KYSTIQUE OU NON (SAI),92,ORGANE DE GIRALDES - PARADYME,ORGANE DE GIRALDES - PARADYME,non,
2793,2,MALFORMATION ET DYSGENESIE DES TISSUS ET DES VISCERES,27,VESTIGE CONSTITUTIONNEL KYSTIQUE OU NON (SAI),93,VAS ABERRANS,VAS ABERRANS,non,
2794,2,MALFORMATION ET DYSGENESIE DES TISSUS ET DES VISCERES,27,VESTIGE CONSTITUTIONNEL KYSTIQUE OU NON (SAI),94,PARAOOPHORE MALFORMATIONS VASCULAIRES,PARAOOPHORE MALFORMATIONS VASCULAIRES,non,1992 AJOUT
2800,2,MALFORMATION ET DYSGENESIE DES TISSUS ET DES VISCERES,28,MALFORMATION VASCULAIRE - ANGIODYSPLASIE (SAI),00,MALFORMATION VASCULAIRE - ANGIODYSPLASIE (SAI),MALFORMATION VASCULAIRE - ANGIODYSPLASIE (SAI),oui,
2810,2,MALFORMATION ET DYSGENESIE DES TISSUS ET DES VISCERES,28,MALFORMATION VASCULAIRE - ANGIODYSPLASIE (SAI),10,ANOMALIE DE NOMBRE DES VAISSEAUX (SAI),ANOMALIE DE NOMBRE DES VAISSEAUX (SAI),oui,
2811,2,MALFORMATION ET DYSGENESIE DES TISSUS ET DES VISCERES,28,MALFORMATION VASCULAIRE - ANGIODYSPLASIE (SAI),11,ARTERE SURNUMERAIRE,ARTERE SURNUMERAIRE,non,
2812,2,MALFORMATION ET DYSGENESIE DES TISSUS ET DES VISCERES,28,MALFORMATION VASCULAIRE - ANGIODYSPLASIE (SAI),12,ARTERE DEDOUBLEE,ARTERE DEDOUBLEE,non,
2815,2,MALFORMATION ET DYSGENESIE DES TISSUS ET DES VISCERES,28,MALFORMATION VASCULAIRE - ANGIODYSPLASIE (SAI),15,VEINE SURNUMERAIRE,VEINE SURNUMERAIRE,non,
2816,2,MALFORMATION ET DYSGENESIE DES TISSUS ET DES VISCERES,28,MALFORMATION VASCULAIRE - ANGIODYSPLASIE (SAI),16,PERSISTANCE ARTERIELLE ANORMALE,PERSISTANCE ARTERIELLE ANORMALE,non,1992 AJOUT
2817,2,MALFORMATION ET DYSGENESIE DES TISSUS ET DES VISCERES,28,MALFORMATION VASCULAIRE - ANGIODYSPLASIE (SAI),17,ABSENCE OU AGENESIE D'UNE ARTERE,ABSENCE OU AGENESIE D'UNE ARTERE,non,
2818,2,MALFORMATION ET DYSGENESIE DES TISSUS ET DES VISCERES,28,MALFORMATION VASCULAIRE - ANGIODYSPLASIE (SAI),18,ABSENCE OU AGENESIE D'UNE VEINE,ABSENCE OU AGENESIE D'UNE VEINE,non,
2819,2,MALFORMATION ET DYSGENESIE DES TISSUS ET DES VISCERES,28,MALFORMATION VASCULAIRE - ANGIODYSPLASIE (SAI),19,PERSISTANCE VEINEUSE ANORMALE,PERSISTANCE VEINEUSE ANORMALE,non,1992 AJOUT
2820,2,MALFORMATION ET DYSGENESIE DES TISSUS ET DES VISCERES,28,MALFORMATION VASCULAIRE - ANGIODYSPLASIE (SAI),20,ANOMALIE DE TRAJET DES VAISSEAUX (SAI),ANOMALIE DE TRAJET DES VAISSEAUX (SAI),oui,
2822,2,MALFORMATION ET DYSGENESIE DES TISSUS ET DES VISCERES,28,MALFORMATION VASCULAIRE - ANGIODYSPLASIE (SAI),22,ANOMALIE DE TRAJET DES VEINES - RETOUR VEINEUX ANORMAL,ANOMALIE DE TRAJET DES VEINES - RETOUR VEINEUX ANORMAL,non,1992 AJOUT
2830,2,MALFORMATION ET DYSGENESIE DES TISSUS ET DES VISCERES,28,MALFORMATION VASCULAIRE - ANGIODYSPLASIE (SAI),30,ANOMALIE CONSTITUTIONNELLE DE STRUCTURE DES ARTERES (SAI),ANOMALIE CONSTITUTIONNELLE DE STRUCTURE DES ARTERES (SAI),oui,
2831,2,MALFORMATION ET DYSGENESIE DES TISSUS ET DES VISCERES,28,MALFORMATION VASCULAIRE - ANGIODYSPLASIE (SAI),31,APLASIE CONSTITUTIONNELLE SEGMENTAIRE DES ARTERES,APLASIE CONSTITUTIONNELLE SEGMENTAIRE DES ARTERES,non,
2832,2,MALFORMATION ET DYSGENESIE DES TISSUS ET DES VISCERES,28,MALFORMATION VASCULAIRE - ANGIODYSPLASIE (SAI),32,HYPOPLASIE DES ARTERES,HYPOPLASIE DES ARTERES,non,
2833,2,MALFORMATION ET DYSGENESIE DES TISSUS ET DES VISCERES,28,MALFORMATION VASCULAIRE - ANGIODYSPLASIE (SAI),33,STENOSE CONGENITALE DES ARTERES,STENOSE CONGENITALE DES ARTERES,non,
2835,2,MALFORMATION ET DYSGENESIE DES TISSUS ET DES VISCERES,28,MALFORMATION VASCULAIRE - ANGIODYSPLASIE (SAI),35,ANEVRISME FUSIFORME CONGENITAL DES ARTERES,ANEVRISME FUSIFORME CONGENITAL DES ARTERES,non,
2836,2,MALFORMATION ET DYSGENESIE DES TISSUS ET DES VISCERES,28,MALFORMATION VASCULAIRE - ANGIODYSPLASIE (SAI),36,ANEVRISME SACCIFORME CONGENITAL DES ARTERES,ANEVRISME SACCIFORME CONGENITAL DES ARTERES,non,
2837,2,MALFORMATION ET DYSGENESIE DES TISSUS ET DES VISCERES,28,MALFORMATION VASCULAIRE - ANGIODYSPLASIE (SAI),37,MALADIE DES ARTERES MACARONI,MALADIE DES ARTERES MACARONI,non,
2838,2,MALFORMATION ET DYSGENESIE DES TISSUS ET DES VISCERES,28,MALFORMATION VASCULAIRE - ANGIODYSPLASIE (SAI),38,DOLICHOMEGA-ARTERE,DOLICHOMEGA-ARTERE,non,
2850,2,MALFORMATION ET DYSGENESIE DES TISSUS ET DES VISCERES,28,MALFORMATION VASCULAIRE - ANGIODYSPLASIE (SAI),50,ANOMALIE CONSTITUTIONNELLE DE STRUCTURE DES VEINES (SAI),ANOMALIE CONSTITUTIONNELLE DE STRUCTURE DES VEINES (SAI),oui,
2851,2,MALFORMATION ET DYSGENESIE DES TISSUS ET DES VISCERES,28,MALFORMATION VASCULAIRE - ANGIODYSPLASIE (SAI),51,APLASIE CONSTITUTIONNELLE SEGMENTAIRE DES VEINES,APLASIE CONSTITUTIONNELLE SEGMENTAIRE DES VEINES,non,
2852,2,MALFORMATION ET DYSGENESIE DES TISSUS ET DES VISCERES,28,MALFORMATION VASCULAIRE - ANGIODYSPLASIE (SAI),52,HYPOPLASIE CONSTITUTIONNELLE DES VEINES,HYPOPLASIE CONSTITUTIONNELLE DES VEINES,non,
2853,2,MALFORMATION ET DYSGENESIE DES TISSUS ET DES VISCERES,28,MALFORMATION VASCULAIRE - ANGIODYSPLASIE (SAI),53,STENOSE CONGENITALE DES VEINES,STENOSE CONGENITALE DES VEINES,non,
2855,2,MALFORMATION ET DYSGENESIE DES TISSUS ET DES VISCERES,28,MALFORMATION VASCULAIRE - ANGIODYSPLASIE (SAI),55,ECTASIE CONSTITUTIONNELLE DES VEINES,ECTASIE CONSTITUTIONNELLE DES VEINES,non,
2859,2,MALFORMATION ET DYSGENESIE DES TISSUS ET DES VISCERES,28,MALFORMATION VASCULAIRE - ANGIODYSPLASIE (SAI),59,ANGIOMATOSE VEINEUSE,ANGIOMATOSE VEINEUSE,non,
2860,2,MALFORMATION ET DYSGENESIE DES TISSUS ET DES VISCERES,28,MALFORMATION VASCULAIRE - ANGIODYSPLASIE (SAI),60,ANOMALIE CONSTITUTIONNELLE DE STRUCTURE DES ARTERES ET DES VEINES (SAI),ANOMALIE CONSTITUTIONNELLE DE STRUCTURE DES ARTERES ET DES VEINES (SAI),oui,
2865,2,MALFORMATION ET DYSGENESIE DES TISSUS ET DES VISCERES,28,MALFORMATION VASCULAIRE - ANGIODYSPLASIE (SAI),65,FISTULE ARTERIOVEINEUSE MALFORMATIVE,FISTULE ARTERIOVEINEUSE MALFORMATIVE,non,
2870,2,MALFORMATION ET DYSGENESIE DES TISSUS ET DES VISCERES,28,MALFORMATION VASCULAIRE - ANGIODYSPLASIE (SAI),70,ANOMALIE CONSTITUTIONNELLE DES CAPILLAIRES (SAI),ANOMALIE CONSTITUTIONNELLE DES CAPILLAIRES (SAI),oui,
2872,2,MALFORMATION ET DYSGENESIE DES TISSUS ET DES VISCERES,28,MALFORMATION VASCULAIRE - ANGIODYSPLASIE (SAI),72,TELANGIECTASIE CONGENITALE,TELANGIECTASIE CONGENITALE,non,
2880,2,MALFORMATION ET DYSGENESIE DES TISSUS ET DES VISCERES,28,MALFORMATION VASCULAIRE - ANGIODYSPLASIE (SAI),80,FIBRODYSPLASIES (SAI),FIBRODYSPLASIES (SAI),oui,
2882,2,MALFORMATION ET DYSGENESIE DES TISSUS ET DES VISCERES,28,MALFORMATION VASCULAIRE - ANGIODYSPLASIE (SAI),82,FIBRODYSPLASIE INTIMALE,FIBRODYSPLASIE INTIMALE,non,
2884,2,MALFORMATION ET DYSGENESIE DES TISSUS ET DES VISCERES,28,MALFORMATION VASCULAIRE - ANGIODYSPLASIE (SAI),84,FIBRODYSPLASIE MEDIALE AVEC ANEVRISME,FIBRODYSPLASIE MEDIALE AVEC ANEVRISME,non,
2885,2,MALFORMATION ET DYSGENESIE DES TISSUS ET DES VISCERES,28,MALFORMATION VASCULAIRE - ANGIODYSPLASIE (SAI),85,FIBRODYSPLASIE AVEC HYPERPLASIE MEDIALE VRAIE,FIBRODYSPLASIE AVEC HYPERPLASIE MEDIALE VRAIE,non,
2886,2,MALFORMATION ET DYSGENESIE DES TISSUS ET DES VISCERES,28,MALFORMATION VASCULAIRE - ANGIODYSPLASIE (SAI),86,FIBRODYSPLASIE PERIMEDIALE (SOUS ADVENTICIELLE),FIBRODYSPLASIE PERIMEDIALE (SOUS ADVENTICIELLE),non,
2888,2,MALFORMATION ET DYSGENESIE DES TISSUS ET DES VISCERES,28,MALFORMATION VASCULAIRE - ANGIODYSPLASIE (SAI),88,FIBRODYSPLASIE ADVENTICIELLE,FIBRODYSPLASIE ADVENTICIELLE,non,
2890,2,MALFORMATION ET DYSGENESIE DES TISSUS ET DES VISCERES,28,MALFORMATION VASCULAIRE - ANGIODYSPLASIE (SAI),90,MALFORMATION VASCULAIRE PARTICULIERE OU COMPLEXE (SAI),MALFORMATION VASCULAIRE PARTICULIERE OU COMPLEXE (SAI),oui,
2892,2,MALFORMATION ET DYSGENESIE DES TISSUS ET DES VISCERES,28,MALFORMATION VASCULAIRE - ANGIODYSPLASIE (SAI),92,CAVERNOME CONGENITAL,CAVERNOME CONGENITAL,non,1998 MODIF
2894,2,MALFORMATION ET DYSGENESIE DES TISSUS ET DES VISCERES,28,MALFORMATION VASCULAIRE - ANGIODYSPLASIE (SAI),94,MOYA-MOYA,MOYA-MOYA,non,
2895,2,MALFORMATION ET DYSGENESIE DES TISSUS ET DES VISCERES,28,MALFORMATION VASCULAIRE - ANGIODYSPLASIE (SAI),95,PATHOLOGIE DES ANASTOMOSES ARTERIO-ARTERIELLES CONGENITALES AUTRES MALFORMATIONS INTERNES,PATHOLOGIE DES ANASTOMOSES ARTERIO-ARTERIELLES CONGENITALES AUTRES MALFORMATIONS INTERNES,non,1992 AJOUT
2900,2,MALFORMATION ET DYSGENESIE DES TISSUS ET DES VISCERES,29,DYSGENESE DIVERSE (NCA),00,DYSGENESE DIVERSE (NCA),DYSGENESE DIVERSE (NCA),non,
2901,2,MALFORMATION ET DYSGENESIE DES TISSUS ET DES VISCERES,29,DYSGENESE DIVERSE (NCA),01,POLYPE CONGENITAL,POLYPE CONGENITAL,non,1992 AJOUT
2910,2,MALFORMATION ET DYSGENESIE DES TISSUS ET DES VISCERES,29,DYSGENESE DIVERSE (NCA),10,PATHOLOGIE CONGENITALE DES CILS,PATHOLOGIE CONGENITALE DES CILS,non,
2920,2,MALFORMATION ET DYSGENESIE DES TISSUS ET DES VISCERES,29,DYSGENESE DIVERSE (NCA),20,ANOMALIE CONSTITUTIONNELLE DE LA DIFFERENCIATION ET DE LA MATURATION - IMMATURITE CONSTITUTIONNELLE (SAI),ANOMALIE CONSTITUTIONNELLE DE LA DIFFERENCIATION ET DE LA MATURATION - IMMATURITE CONSTITUTIONNELLE (SAI),oui,
2922,2,MALFORMATION ET DYSGENESIE DES TISSUS ET DES VISCERES,29,DYSGENESE DIVERSE (NCA),22,ABSENCE CONGENITALE DE DIFFERENCIATION,ABSENCE CONGENITALE DE DIFFERENCIATION,non,
2925,2,MALFORMATION ET DYSGENESIE DES TISSUS ET DES VISCERES,29,DYSGENESE DIVERSE (NCA),25,DYSERYTHROPOIESE CONSTITUTIONNELLE,DYSERYTHROPOIESE CONSTITUTIONNELLE,non,
2930,2,MALFORMATION ET DYSGENESIE DES TISSUS ET DES VISCERES,29,DYSGENESE DIVERSE (NCA),30,DYSGENESE GONADIQUE (SAI),DYSGENESE GONADIQUE (SAI),oui,1992 AJOUT
2931,2,MALFORMATION ET DYSGENESIE DES TISSUS ET DES VISCERES,29,DYSGENESE DIVERSE (NCA),31,OVOTESTIS,OVOTESTIS,non,1992 AJOUT
2960,2,MALFORMATION ET DYSGENESIE DES TISSUS ET DES VISCERES,29,DYSGENESE DIVERSE (NCA),60,FIBROSE CONGENITALE - FIBROADENOMATOSE CONGENITALE,FIBROSE CONGENITALE - FIBROADENOMATOSE CONGENITALE,non,
2962,2,MALFORMATION ET DYSGENESIE DES TISSUS ET DES VISCERES,29,DYSGENESE DIVERSE (NCA),62,COMPLEXE DE MEYENBURG - CHOLANGIOHAMARTOME BILIAIRE LESIONS TRAUMATIQUES ET MECANIQUES,COMPLEXE DE MEYENBURG - CHOLANGIOHAMARTOME BILIAIRE LESIONS TRAUMATIQUES ET MECANIQUES,non,
3000,3,"LESION TRAUMATIQUE ET MECANIQUE, DEFORMATION ACQUISE, LESION PAR AGENT PHYSIQUE, CHIMIQUE ET MEDICAMENTEUX",30,LESION TRAUMATIQUE - ORGANE TRAUMATIQUE (SAI),00,LESION TRAUMATIQUE - ORGANE TRAUMATIQUE (SAI),LESION TRAUMATIQUE - ORGANE TRAUMATIQUE (SAI),oui,
3002,3,"LESION TRAUMATIQUE ET MECANIQUE, DEFORMATION ACQUISE, LESION PAR AGENT PHYSIQUE, CHIMIQUE ET MEDICAMENTEUX",30,LESION TRAUMATIQUE - ORGANE TRAUMATIQUE (SAI),02,LESION TRAUMATIQUE MICROSCOPIQUE - MICROTRAUMATISME,LESION TRAUMATIQUE MICROSCOPIQUE - MICROTRAUMATISME,non,
3010,3,"LESION TRAUMATIQUE ET MECANIQUE, DEFORMATION ACQUISE, LESION PAR AGENT PHYSIQUE, CHIMIQUE ET MEDICAMENTEUX",30,LESION TRAUMATIQUE - ORGANE TRAUMATIQUE (SAI),10,CONTUSION,CONTUSION,non,
3020,3,"LESION TRAUMATIQUE ET MECANIQUE, DEFORMATION ACQUISE, LESION PAR AGENT PHYSIQUE, CHIMIQUE ET MEDICAMENTEUX",30,LESION TRAUMATIQUE - ORGANE TRAUMATIQUE (SAI),20,PERFORATION TRAUMATIQUE – PLAIE PERFORANTE,PERFORATION TRAUMATIQUE – PLAIE PERFORANTE,non,2003 MODIF
3021,3,"LESION TRAUMATIQUE ET MECANIQUE, DEFORMATION ACQUISE, LESION PAR AGENT PHYSIQUE, CHIMIQUE ET MEDICAMENTEUX",30,LESION TRAUMATIQUE - ORGANE TRAUMATIQUE (SAI),21,PLAIE NON PERFORANTE,PLAIE NON PERFORANTE,non,2003 AJOUT
3025,3,"LESION TRAUMATIQUE ET MECANIQUE, DEFORMATION ACQUISE, LESION PAR AGENT PHYSIQUE, CHIMIQUE ET MEDICAMENTEUX",30,LESION TRAUMATIQUE - ORGANE TRAUMATIQUE (SAI),25,EROSION TRAUMATIQUE,EROSION TRAUMATIQUE,non,2003 AJOUT
3030,3,"LESION TRAUMATIQUE ET MECANIQUE, DEFORMATION ACQUISE, LESION PAR AGENT PHYSIQUE, CHIMIQUE ET MEDICAMENTEUX",30,LESION TRAUMATIQUE - ORGANE TRAUMATIQUE (SAI),30,PLAIE - ULCERATION TRAUMATIQUE,PLAIE - ULCERATION TRAUMATIQUE,non,
3031,3,"LESION TRAUMATIQUE ET MECANIQUE, DEFORMATION ACQUISE, LESION PAR AGENT PHYSIQUE, CHIMIQUE ET MEDICAMENTEUX",30,LESION TRAUMATIQUE - ORGANE TRAUMATIQUE (SAI),31,PLAIE PAR BALLE - PLAIE PAR ARME A FEU,PLAIE PAR BALLE - PLAIE PAR ARME A FEU,non,1992 AJOUT
3034,3,"LESION TRAUMATIQUE ET MECANIQUE, DEFORMATION ACQUISE, LESION PAR AGENT PHYSIQUE, CHIMIQUE ET MEDICAMENTEUX",30,LESION TRAUMATIQUE - ORGANE TRAUMATIQUE (SAI),34,PLAIE PAR ARME BLANCHE,PLAIE PAR ARME BLANCHE,non,1992 AJOUT
3040,3,"LESION TRAUMATIQUE ET MECANIQUE, DEFORMATION ACQUISE, LESION PAR AGENT PHYSIQUE, CHIMIQUE ET MEDICAMENTEUX",30,LESION TRAUMATIQUE - ORGANE TRAUMATIQUE (SAI),40,RUPTURE TRAUMATIQUE - DECHIRURE - ARRACHEMENT - SECTION - DESINSERTION,RUPTURE TRAUMATIQUE - DECHIRURE - ARRACHEMENT - SECTION - DESINSERTION,non,
3045,3,"LESION TRAUMATIQUE ET MECANIQUE, DEFORMATION ACQUISE, LESION PAR AGENT PHYSIQUE, CHIMIQUE ET MEDICAMENTEUX",30,LESION TRAUMATIQUE - ORGANE TRAUMATIQUE (SAI),45,LUXATION TRAUMATIQUE,LUXATION TRAUMATIQUE,non,1992 AJOUT
3050,3,"LESION TRAUMATIQUE ET MECANIQUE, DEFORMATION ACQUISE, LESION PAR AGENT PHYSIQUE, CHIMIQUE ET MEDICAMENTEUX",30,LESION TRAUMATIQUE - ORGANE TRAUMATIQUE (SAI),50,FOYER DE DESTRUCTION - FRACTURE,FOYER DE DESTRUCTION - FRACTURE,non,
3051,3,"LESION TRAUMATIQUE ET MECANIQUE, DEFORMATION ACQUISE, LESION PAR AGENT PHYSIQUE, CHIMIQUE ET MEDICAMENTEUX",30,LESION TRAUMATIQUE - ORGANE TRAUMATIQUE (SAI),51,FRACTURE FERMEE,FRACTURE FERMEE,non,
3052,3,"LESION TRAUMATIQUE ET MECANIQUE, DEFORMATION ACQUISE, LESION PAR AGENT PHYSIQUE, CHIMIQUE ET MEDICAMENTEUX",30,LESION TRAUMATIQUE - ORGANE TRAUMATIQUE (SAI),52,FRACTURE OUVERTE,FRACTURE OUVERTE,non,
3060,3,"LESION TRAUMATIQUE ET MECANIQUE, DEFORMATION ACQUISE, LESION PAR AGENT PHYSIQUE, CHIMIQUE ET MEDICAMENTEUX",30,LESION TRAUMATIQUE - ORGANE TRAUMATIQUE (SAI),60,LESION PAR ECRASEMENT ET PAR SOUFFLE (SAI),LESION PAR ECRASEMENT ET PAR SOUFFLE (SAI),oui,
3100,3,"LESION TRAUMATIQUE ET MECANIQUE, DEFORMATION ACQUISE, LESION PAR AGENT PHYSIQUE, CHIMIQUE ET MEDICAMENTEUX",31,SEQUELLE TRAUMATIQUE (SAI),00,SEQUELLE TRAUMATIQUE (SAI),SEQUELLE TRAUMATIQUE (SAI),oui,
3110,3,"LESION TRAUMATIQUE ET MECANIQUE, DEFORMATION ACQUISE, LESION PAR AGENT PHYSIQUE, CHIMIQUE ET MEDICAMENTEUX",31,SEQUELLE TRAUMATIQUE (SAI),10,CAL NORMAL DE FRACTURE,CAL NORMAL DE FRACTURE,non,
3120,3,"LESION TRAUMATIQUE ET MECANIQUE, DEFORMATION ACQUISE, LESION PAR AGENT PHYSIQUE, CHIMIQUE ET MEDICAMENTEUX",31,SEQUELLE TRAUMATIQUE (SAI),20,CAL PATHOLOGIQUE (SAI),CAL PATHOLOGIQUE (SAI),oui,
3121,3,"LESION TRAUMATIQUE ET MECANIQUE, DEFORMATION ACQUISE, LESION PAR AGENT PHYSIQUE, CHIMIQUE ET MEDICAMENTEUX",31,SEQUELLE TRAUMATIQUE (SAI),21,CAL HYPERTROPHIQUE,CAL HYPERTROPHIQUE,non,
3123,3,"LESION TRAUMATIQUE ET MECANIQUE, DEFORMATION ACQUISE, LESION PAR AGENT PHYSIQUE, CHIMIQUE ET MEDICAMENTEUX",31,SEQUELLE TRAUMATIQUE (SAI),23,PSEUDARTHROSE,PSEUDARTHROSE,non,
3130,3,"LESION TRAUMATIQUE ET MECANIQUE, DEFORMATION ACQUISE, LESION PAR AGENT PHYSIQUE, CHIMIQUE ET MEDICAMENTEUX",31,SEQUELLE TRAUMATIQUE (SAI),30,ANKYLOSE,ANKYLOSE,non,
3150,3,"LESION TRAUMATIQUE ET MECANIQUE, DEFORMATION ACQUISE, LESION PAR AGENT PHYSIQUE, CHIMIQUE ET MEDICAMENTEUX",31,SEQUELLE TRAUMATIQUE (SAI),50,MUTILATION ETHNIQUE,MUTILATION ETHNIQUE,non,
3160,3,"LESION TRAUMATIQUE ET MECANIQUE, DEFORMATION ACQUISE, LESION PAR AGENT PHYSIQUE, CHIMIQUE ET MEDICAMENTEUX",31,SEQUELLE TRAUMATIQUE (SAI),60,CORPS ETRANGER POST-TRAUMATIQUE (SAI),CORPS ETRANGER POST-TRAUMATIQUE (SAI),oui,
3170,3,"LESION TRAUMATIQUE ET MECANIQUE, DEFORMATION ACQUISE, LESION PAR AGENT PHYSIQUE, CHIMIQUE ET MEDICAMENTEUX",31,SEQUELLE TRAUMATIQUE (SAI),70,ANEVRISME POST-TRAUMATIQUE - ANEVRISME POST- OPERATOIRE,ANEVRISME POST-TRAUMATIQUE - ANEVRISME POST- OPERATOIRE,non,
3200,3,"LESION TRAUMATIQUE ET MECANIQUE, DEFORMATION ACQUISE, LESION PAR AGENT PHYSIQUE, CHIMIQUE ET MEDICAMENTEUX",32,LESION MECANIQUE (SAI),00,LESION MECANIQUE (SAI),LESION MECANIQUE (SAI),oui,
3210,3,"LESION TRAUMATIQUE ET MECANIQUE, DEFORMATION ACQUISE, LESION PAR AGENT PHYSIQUE, CHIMIQUE ET MEDICAMENTEUX",32,LESION MECANIQUE (SAI),10,LESION PAR BRIDE ET SYNECHIE,LESION PAR BRIDE ET SYNECHIE,non,
3220,3,"LESION TRAUMATIQUE ET MECANIQUE, DEFORMATION ACQUISE, LESION PAR AGENT PHYSIQUE, CHIMIQUE ET MEDICAMENTEUX",32,LESION MECANIQUE (SAI),20,LESION PAR COMPRESSION,LESION PAR COMPRESSION,non,
3230,3,"LESION TRAUMATIQUE ET MECANIQUE, DEFORMATION ACQUISE, LESION PAR AGENT PHYSIQUE, CHIMIQUE ET MEDICAMENTEUX",32,LESION MECANIQUE (SAI),30,ENGAGEMENT - PROCIDENCE - LESION PAR PROLAPSUS,ENGAGEMENT - PROCIDENCE - LESION PAR PROLAPSUS,non,
3240,3,"LESION TRAUMATIQUE ET MECANIQUE, DEFORMATION ACQUISE, LESION PAR AGENT PHYSIQUE, CHIMIQUE ET MEDICAMENTEUX",32,LESION MECANIQUE (SAI),40,LESION PAR INVAGINATION,LESION PAR INVAGINATION,non,
3250,3,"LESION TRAUMATIQUE ET MECANIQUE, DEFORMATION ACQUISE, LESION PAR AGENT PHYSIQUE, CHIMIQUE ET MEDICAMENTEUX",32,LESION MECANIQUE (SAI),50,LIGATURE CHIRURGICALE - CLIP,LIGATURE CHIRURGICALE - CLIP,non,
3252,3,"LESION TRAUMATIQUE ET MECANIQUE, DEFORMATION ACQUISE, LESION PAR AGENT PHYSIQUE, CHIMIQUE ET MEDICAMENTEUX",32,LESION MECANIQUE (SAI),52,ANASTOMOSE - STOMIE (SAI),ANASTOMOSE - STOMIE (SAI),oui,1997 AJOUT
3253,3,"LESION TRAUMATIQUE ET MECANIQUE, DEFORMATION ACQUISE, LESION PAR AGENT PHYSIQUE, CHIMIQUE ET MEDICAMENTEUX",32,LESION MECANIQUE (SAI),53,STOMIE - ABOUCHEMENT A LA PEAU,STOMIE - ABOUCHEMENT A LA PEAU,non,1997 AJOUT
3254,3,"LESION TRAUMATIQUE ET MECANIQUE, DEFORMATION ACQUISE, LESION PAR AGENT PHYSIQUE, CHIMIQUE ET MEDICAMENTEUX",32,LESION MECANIQUE (SAI),54,ANASTOMOSE - DERIVATION DANS UN ORGANE CREUX,ANASTOMOSE - DERIVATION DANS UN ORGANE CREUX,non,1997 AJOUT
3255,3,"LESION TRAUMATIQUE ET MECANIQUE, DEFORMATION ACQUISE, LESION PAR AGENT PHYSIQUE, CHIMIQUE ET MEDICAMENTEUX",32,LESION MECANIQUE (SAI),55,ANASTOMOSE - RETABLISSEMENT DE LA CONTINUITE,ANASTOMOSE - RETABLISSEMENT DE LA CONTINUITE,non,1997 AJOUT
3260,3,"LESION TRAUMATIQUE ET MECANIQUE, DEFORMATION ACQUISE, LESION PAR AGENT PHYSIQUE, CHIMIQUE ET MEDICAMENTEUX",32,LESION MECANIQUE (SAI),60,OBSTRUCTION PAR CORPS ETRANGER EXOGENE ET/OU ENDOGENE,OBSTRUCTION PAR CORPS ETRANGER EXOGENE ET/OU ENDOGENE,non,
3261,3,"LESION TRAUMATIQUE ET MECANIQUE, DEFORMATION ACQUISE, LESION PAR AGENT PHYSIQUE, CHIMIQUE ET MEDICAMENTEUX",32,LESION MECANIQUE (SAI),61,ILEUS BILIAIRE,ILEUS BILIAIRE,non,
3263,3,"LESION TRAUMATIQUE ET MECANIQUE, DEFORMATION ACQUISE, LESION PAR AGENT PHYSIQUE, CHIMIQUE ET MEDICAMENTEUX",32,LESION MECANIQUE (SAI),63,FECALOME - STERCOLITHE - STASE STERCORALE,FECALOME - STERCOLITHE - STASE STERCORALE,non,
3270,3,"LESION TRAUMATIQUE ET MECANIQUE, DEFORMATION ACQUISE, LESION PAR AGENT PHYSIQUE, CHIMIQUE ET MEDICAMENTEUX",32,LESION MECANIQUE (SAI),70,LESION PAR NOEUD OU TORSION (SAI),LESION PAR NOEUD OU TORSION (SAI),oui,
3271,3,"LESION TRAUMATIQUE ET MECANIQUE, DEFORMATION ACQUISE, LESION PAR AGENT PHYSIQUE, CHIMIQUE ET MEDICAMENTEUX",32,LESION MECANIQUE (SAI),71,LESION PAR NOEUD,LESION PAR NOEUD,non,
3273,3,"LESION TRAUMATIQUE ET MECANIQUE, DEFORMATION ACQUISE, LESION PAR AGENT PHYSIQUE, CHIMIQUE ET MEDICAMENTEUX",32,LESION MECANIQUE (SAI),73,LESION PAR TORSION,LESION PAR TORSION,non,
3280,3,"LESION TRAUMATIQUE ET MECANIQUE, DEFORMATION ACQUISE, LESION PAR AGENT PHYSIQUE, CHIMIQUE ET MEDICAMENTEUX",32,LESION MECANIQUE (SAI),80,LESION PAR VOLVULUS - LESION PAR CIRCULAIRE - LESION PAR BRETELLE,LESION PAR VOLVULUS - LESION PAR CIRCULAIRE - LESION PAR BRETELLE,non,
3290,3,"LESION TRAUMATIQUE ET MECANIQUE, DEFORMATION ACQUISE, LESION PAR AGENT PHYSIQUE, CHIMIQUE ET MEDICAMENTEUX",32,LESION MECANIQUE (SAI),90,LESION PAR REFLUX (SAI),LESION PAR REFLUX (SAI),oui,
3300,3,"LESION TRAUMATIQUE ET MECANIQUE, DEFORMATION ACQUISE, LESION PAR AGENT PHYSIQUE, CHIMIQUE ET MEDICAMENTEUX",33,"PERFORATION, RUPTURE ET FRACTURE SPONTANEE (SAI) - FISTULE (SAI)",00,"PERFORATION, RUPTURE ET FRACTURE SPONTANEE (SAI) - FISTULE (SAI)","PERFORATION, RUPTURE ET FRACTURE SPONTANEE (SAI) - FISTULE (SAI)",oui,
3310,3,"LESION TRAUMATIQUE ET MECANIQUE, DEFORMATION ACQUISE, LESION PAR AGENT PHYSIQUE, CHIMIQUE ET MEDICAMENTEUX",33,"PERFORATION, RUPTURE ET FRACTURE SPONTANEE (SAI) - FISTULE (SAI)",10,PERFORATION NON TRAUMATIQUE DIASTATIQUE,PERFORATION NON TRAUMATIQUE DIASTATIQUE,non,
3320,3,"LESION TRAUMATIQUE ET MECANIQUE, DEFORMATION ACQUISE, LESION PAR AGENT PHYSIQUE, CHIMIQUE ET MEDICAMENTEUX",33,"PERFORATION, RUPTURE ET FRACTURE SPONTANEE (SAI) - FISTULE (SAI)",20,RUPTURE SPONTANEE,RUPTURE SPONTANEE,non,
3330,3,"LESION TRAUMATIQUE ET MECANIQUE, DEFORMATION ACQUISE, LESION PAR AGENT PHYSIQUE, CHIMIQUE ET MEDICAMENTEUX",33,"PERFORATION, RUPTURE ET FRACTURE SPONTANEE (SAI) - FISTULE (SAI)",30,FRACTURE SPONTANEE,FRACTURE SPONTANEE,non,
3340,3,"LESION TRAUMATIQUE ET MECANIQUE, DEFORMATION ACQUISE, LESION PAR AGENT PHYSIQUE, CHIMIQUE ET MEDICAMENTEUX",33,"PERFORATION, RUPTURE ET FRACTURE SPONTANEE (SAI) - FISTULE (SAI)",40,FISTULE (SAI),FISTULE (SAI),oui,
3345,3,"LESION TRAUMATIQUE ET MECANIQUE, DEFORMATION ACQUISE, LESION PAR AGENT PHYSIQUE, CHIMIQUE ET MEDICAMENTEUX",33,"PERFORATION, RUPTURE ET FRACTURE SPONTANEE (SAI) - FISTULE (SAI)",45,FISTULE POST- TRAUMATIQUE - FISTULE POST- OPERATOIRE DEFORMATIONS ACQUISES,FISTULE POST- TRAUMATIQUE - FISTULE POST- OPERATOIRE DEFORMATIONS ACQUISES,non,
3400,3,"LESION TRAUMATIQUE ET MECANIQUE, DEFORMATION ACQUISE, LESION PAR AGENT PHYSIQUE, CHIMIQUE ET MEDICAMENTEUX",34,DEFORMATION ACQUISE (SAI),00,DEFORMATION ACQUISE (SAI),DEFORMATION ACQUISE (SAI),oui,
3410,3,"LESION TRAUMATIQUE ET MECANIQUE, DEFORMATION ACQUISE, LESION PAR AGENT PHYSIQUE, CHIMIQUE ET MEDICAMENTEUX",34,DEFORMATION ACQUISE (SAI),10,DILATATION DIFFUSE D'UN VISCERE - MEGAVISCERE ACQUIS,DILATATION DIFFUSE D'UN VISCERE - MEGAVISCERE ACQUIS,non,
3412,3,"LESION TRAUMATIQUE ET MECANIQUE, DEFORMATION ACQUISE, LESION PAR AGENT PHYSIQUE, CHIMIQUE ET MEDICAMENTEUX",34,DEFORMATION ACQUISE (SAI),12,PLEXUS NERVEUX : PATHOLOGIE ACQUISE,PLEXUS NERVEUX : PATHOLOGIE ACQUISE,non,
3415,3,"LESION TRAUMATIQUE ET MECANIQUE, DEFORMATION ACQUISE, LESION PAR AGENT PHYSIQUE, CHIMIQUE ET MEDICAMENTEUX",34,DEFORMATION ACQUISE (SAI),15,PSEUDO-OBSTRUCTION,PSEUDO-OBSTRUCTION,non,
3420,3,"LESION TRAUMATIQUE ET MECANIQUE, DEFORMATION ACQUISE, LESION PAR AGENT PHYSIQUE, CHIMIQUE ET MEDICAMENTEUX",34,DEFORMATION ACQUISE (SAI),20,DIVERTICULE ACQUIS (SAI),DIVERTICULE ACQUIS (SAI),oui,
3421,3,"LESION TRAUMATIQUE ET MECANIQUE, DEFORMATION ACQUISE, LESION PAR AGENT PHYSIQUE, CHIMIQUE ET MEDICAMENTEUX",34,DEFORMATION ACQUISE (SAI),21,DIVERTICULE DE TRACTION,DIVERTICULE DE TRACTION,non,
3422,3,"LESION TRAUMATIQUE ET MECANIQUE, DEFORMATION ACQUISE, LESION PAR AGENT PHYSIQUE, CHIMIQUE ET MEDICAMENTEUX",34,DEFORMATION ACQUISE (SAI),22,DIVERTICULE DE PULSION,DIVERTICULE DE PULSION,non,
3424,3,"LESION TRAUMATIQUE ET MECANIQUE, DEFORMATION ACQUISE, LESION PAR AGENT PHYSIQUE, CHIMIQUE ET MEDICAMENTEUX",34,DEFORMATION ACQUISE (SAI),24,DIVERTICULOSE,DIVERTICULOSE,non,
3426,3,"LESION TRAUMATIQUE ET MECANIQUE, DEFORMATION ACQUISE, LESION PAR AGENT PHYSIQUE, CHIMIQUE ET MEDICAMENTEUX",34,DEFORMATION ACQUISE (SAI),26,DIVERTICULOSE AVEC DIVERTICULITE,DIVERTICULOSE AVEC DIVERTICULITE,non,
3427,3,"LESION TRAUMATIQUE ET MECANIQUE, DEFORMATION ACQUISE, LESION PAR AGENT PHYSIQUE, CHIMIQUE ET MEDICAMENTEUX",34,DEFORMATION ACQUISE (SAI),27,DIVERTICULOSE AVEC PERFORATION,DIVERTICULOSE AVEC PERFORATION,non,
3428,3,"LESION TRAUMATIQUE ET MECANIQUE, DEFORMATION ACQUISE, LESION PAR AGENT PHYSIQUE, CHIMIQUE ET MEDICAMENTEUX",34,DEFORMATION ACQUISE (SAI),28,DIVERTICULITE PSEUDOTUMORALE,DIVERTICULITE PSEUDOTUMORALE,non,
3430,3,"LESION TRAUMATIQUE ET MECANIQUE, DEFORMATION ACQUISE, LESION PAR AGENT PHYSIQUE, CHIMIQUE ET MEDICAMENTEUX",34,DEFORMATION ACQUISE (SAI),30,HERNIE ACQUISE (SAI) - SAC HERNIAIRE (SAI),HERNIE ACQUISE (SAI) - SAC HERNIAIRE (SAI),oui,
3432,3,"LESION TRAUMATIQUE ET MECANIQUE, DEFORMATION ACQUISE, LESION PAR AGENT PHYSIQUE, CHIMIQUE ET MEDICAMENTEUX",34,DEFORMATION ACQUISE (SAI),32,HERNIE ETRANGLEE (DOUBLE CODAGE AVEC TYPE DE LA HERNIE),HERNIE ETRANGLEE (DOUBLE CODAGE AVEC TYPE DE LA HERNIE),non,
3433,3,"LESION TRAUMATIQUE ET MECANIQUE, DEFORMATION ACQUISE, LESION PAR AGENT PHYSIQUE, CHIMIQUE ET MEDICAMENTEUX",34,DEFORMATION ACQUISE (SAI),33,HERNIE INGUINALE (CODER L'ORGANE SITUE DANS LA HERNIE),HERNIE INGUINALE (CODER L'ORGANE SITUE DANS LA HERNIE),non,1999 AJOUT
3434,3,"LESION TRAUMATIQUE ET MECANIQUE, DEFORMATION ACQUISE, LESION PAR AGENT PHYSIQUE, CHIMIQUE ET MEDICAMENTEUX",34,DEFORMATION ACQUISE (SAI),34,HERNIE SCROTALE OU INGUINOSCROTALE (CODER L'ORGANE SITUE DANS LA HERNIE),HERNIE SCROTALE OU INGUINOSCROTALE (CODER L'ORGANE SITUE DANS LA HERNIE),non,1999 AJOUT
3435,3,"LESION TRAUMATIQUE ET MECANIQUE, DEFORMATION ACQUISE, LESION PAR AGENT PHYSIQUE, CHIMIQUE ET MEDICAMENTEUX",34,DEFORMATION ACQUISE (SAI),35,HERNIE CRURALE (CODER L'ORGANE SITUE DANS LA HERNIE),HERNIE CRURALE (CODER L'ORGANE SITUE DANS LA HERNIE),non,1999 AJOUT
3436,3,"LESION TRAUMATIQUE ET MECANIQUE, DEFORMATION ACQUISE, LESION PAR AGENT PHYSIQUE, CHIMIQUE ET MEDICAMENTEUX",34,DEFORMATION ACQUISE (SAI),36,HERNIE OMBILICALE ACQUISE (CODER L'ORGANE SITUE DANS LA HERNIE),HERNIE OMBILICALE ACQUISE (CODER L'ORGANE SITUE DANS LA HERNIE),non,1999 AJOUT
3437,3,"LESION TRAUMATIQUE ET MECANIQUE, DEFORMATION ACQUISE, LESION PAR AGENT PHYSIQUE, CHIMIQUE ET MEDICAMENTEUX",34,DEFORMATION ACQUISE (SAI),37,EVENTRATION (CODER L'ORGANE SITUE DANS L 'EVENTRATION),EVENTRATION (CODER L'ORGANE SITUE DANS L 'EVENTRATION),non,1999 AJOUT
3440,3,"LESION TRAUMATIQUE ET MECANIQUE, DEFORMATION ACQUISE, LESION PAR AGENT PHYSIQUE, CHIMIQUE ET MEDICAMENTEUX",34,DEFORMATION ACQUISE (SAI),40,ECTASIE - DILATATION ACQUISES,ECTASIE - DILATATION ACQUISES,non,
3450,3,"LESION TRAUMATIQUE ET MECANIQUE, DEFORMATION ACQUISE, LESION PAR AGENT PHYSIQUE, CHIMIQUE ET MEDICAMENTEUX",34,DEFORMATION ACQUISE (SAI),50,STENOSE - RETRECISSEMENT - OBLITERATION ACQUIS (SAI),STENOSE - RETRECISSEMENT - OBLITERATION ACQUIS (SAI),oui,
3452,3,"LESION TRAUMATIQUE ET MECANIQUE, DEFORMATION ACQUISE, LESION PAR AGENT PHYSIQUE, CHIMIQUE ET MEDICAMENTEUX",34,DEFORMATION ACQUISE (SAI),52,STENOSE PAR CORPS ETRANGER,STENOSE PAR CORPS ETRANGER,non,
3454,3,"LESION TRAUMATIQUE ET MECANIQUE, DEFORMATION ACQUISE, LESION PAR AGENT PHYSIQUE, CHIMIQUE ET MEDICAMENTEUX",34,DEFORMATION ACQUISE (SAI),54,STENOSE PAR COMPRESSION EXTRINSEQUE,STENOSE PAR COMPRESSION EXTRINSEQUE,non,
3456,3,"LESION TRAUMATIQUE ET MECANIQUE, DEFORMATION ACQUISE, LESION PAR AGENT PHYSIQUE, CHIMIQUE ET MEDICAMENTEUX",34,DEFORMATION ACQUISE (SAI),56,STENOSE SPHINCTERIENNE PAR HYPERTROPHIE OU HYPERPLASIE MUSCULAIRE,STENOSE SPHINCTERIENNE PAR HYPERTROPHIE OU HYPERPLASIE MUSCULAIRE,non,
3460,3,"LESION TRAUMATIQUE ET MECANIQUE, DEFORMATION ACQUISE, LESION PAR AGENT PHYSIQUE, CHIMIQUE ET MEDICAMENTEUX",34,DEFORMATION ACQUISE (SAI),60,DEFORMATION OU LESION PAR TROUBLE DE LA CIRCULATION DES LIQUIDES (SAI),DEFORMATION OU LESION PAR TROUBLE DE LA CIRCULATION DES LIQUIDES (SAI),oui,
3461,3,"LESION TRAUMATIQUE ET MECANIQUE, DEFORMATION ACQUISE, LESION PAR AGENT PHYSIQUE, CHIMIQUE ET MEDICAMENTEUX",34,DEFORMATION ACQUISE (SAI),61,HYDRAMNIOS,HYDRAMNIOS,non,
3462,3,"LESION TRAUMATIQUE ET MECANIQUE, DEFORMATION ACQUISE, LESION PAR AGENT PHYSIQUE, CHIMIQUE ET MEDICAMENTEUX",34,DEFORMATION ACQUISE (SAI),62,OLIGOAMNIOS,OLIGOAMNIOS,non,
3463,3,"LESION TRAUMATIQUE ET MECANIQUE, DEFORMATION ACQUISE, LESION PAR AGENT PHYSIQUE, CHIMIQUE ET MEDICAMENTEUX",34,DEFORMATION ACQUISE (SAI),63,LIQUIDE AMNIOTIQUE (INHALATION OU INGESTION),LIQUIDE AMNIOTIQUE (INHALATION OU INGESTION),non,1997 AJOUT
3465,3,"LESION TRAUMATIQUE ET MECANIQUE, DEFORMATION ACQUISE, LESION PAR AGENT PHYSIQUE, CHIMIQUE ET MEDICAMENTEUX",34,DEFORMATION ACQUISE (SAI),65,GLAUCOME - TROUBLE CIRCULATOIRE DE L'HUMEUR ACQUEUSE (SAI),GLAUCOME - TROUBLE CIRCULATOIRE DE L'HUMEUR ACQUEUSE (SAI),oui,
3466,3,"LESION TRAUMATIQUE ET MECANIQUE, DEFORMATION ACQUISE, LESION PAR AGENT PHYSIQUE, CHIMIQUE ET MEDICAMENTEUX",34,DEFORMATION ACQUISE (SAI),66,HYPERTENSION INTRACRANIENNE - LESION DE L'HYPERTENSION INTRACRANIENNE,HYPERTENSION INTRACRANIENNE - LESION DE L'HYPERTENSION INTRACRANIENNE,non,
3468,3,"LESION TRAUMATIQUE ET MECANIQUE, DEFORMATION ACQUISE, LESION PAR AGENT PHYSIQUE, CHIMIQUE ET MEDICAMENTEUX",34,DEFORMATION ACQUISE (SAI),68,HYDROCEPHALIE ACQUISE,HYDROCEPHALIE ACQUISE,non,
3469,3,"LESION TRAUMATIQUE ET MECANIQUE, DEFORMATION ACQUISE, LESION PAR AGENT PHYSIQUE, CHIMIQUE ET MEDICAMENTEUX",34,DEFORMATION ACQUISE (SAI),69,HYDROCEPHALIE POST- HEMORRAGIQUE,HYDROCEPHALIE POST- HEMORRAGIQUE,non,1992 AJOUT
3470,3,"LESION TRAUMATIQUE ET MECANIQUE, DEFORMATION ACQUISE, LESION PAR AGENT PHYSIQUE, CHIMIQUE ET MEDICAMENTEUX",34,DEFORMATION ACQUISE (SAI),70,DEFORMATION OU LESION PAR AFFAISSEMENT AERIQUE (SAI),DEFORMATION OU LESION PAR AFFAISSEMENT AERIQUE (SAI),oui,
3472,3,"LESION TRAUMATIQUE ET MECANIQUE, DEFORMATION ACQUISE, LESION PAR AGENT PHYSIQUE, CHIMIQUE ET MEDICAMENTEUX",34,DEFORMATION ACQUISE (SAI),72,COLLAPSUS,COLLAPSUS,non,
3474,3,"LESION TRAUMATIQUE ET MECANIQUE, DEFORMATION ACQUISE, LESION PAR AGENT PHYSIQUE, CHIMIQUE ET MEDICAMENTEUX",34,DEFORMATION ACQUISE (SAI),74,ATELECTASIE,ATELECTASIE,non,
3480,3,"LESION TRAUMATIQUE ET MECANIQUE, DEFORMATION ACQUISE, LESION PAR AGENT PHYSIQUE, CHIMIQUE ET MEDICAMENTEUX",34,DEFORMATION ACQUISE (SAI),80,DEFORMATION OU LESION PAR DILATATION AERIQUE (SAI),DEFORMATION OU LESION PAR DILATATION AERIQUE (SAI),oui,
3481,3,"LESION TRAUMATIQUE ET MECANIQUE, DEFORMATION ACQUISE, LESION PAR AGENT PHYSIQUE, CHIMIQUE ET MEDICAMENTEUX",34,DEFORMATION ACQUISE (SAI),81,EMPHYSEME (SAI),EMPHYSEME (SAI),oui,
3482,3,"LESION TRAUMATIQUE ET MECANIQUE, DEFORMATION ACQUISE, LESION PAR AGENT PHYSIQUE, CHIMIQUE ET MEDICAMENTEUX",34,DEFORMATION ACQUISE (SAI),82,EMPHYSEME INTERSTITIEL,EMPHYSEME INTERSTITIEL,non,
3483,3,"LESION TRAUMATIQUE ET MECANIQUE, DEFORMATION ACQUISE, LESION PAR AGENT PHYSIQUE, CHIMIQUE ET MEDICAMENTEUX",34,DEFORMATION ACQUISE (SAI),83,EMPHYSEME DIFFUS,EMPHYSEME DIFFUS,non,
3484,3,"LESION TRAUMATIQUE ET MECANIQUE, DEFORMATION ACQUISE, LESION PAR AGENT PHYSIQUE, CHIMIQUE ET MEDICAMENTEUX",34,DEFORMATION ACQUISE (SAI),84,EMPHYSEME CENTROLOBULAIRE,EMPHYSEME CENTROLOBULAIRE,non,
3486,3,"LESION TRAUMATIQUE ET MECANIQUE, DEFORMATION ACQUISE, LESION PAR AGENT PHYSIQUE, CHIMIQUE ET MEDICAMENTEUX",34,DEFORMATION ACQUISE (SAI),86,EMPHYSEME PANLOBULAIRE,EMPHYSEME PANLOBULAIRE,non,
3488,3,"LESION TRAUMATIQUE ET MECANIQUE, DEFORMATION ACQUISE, LESION PAR AGENT PHYSIQUE, CHIMIQUE ET MEDICAMENTEUX",34,DEFORMATION ACQUISE (SAI),88,EMPHYSEME BULLEUX - BULLE,EMPHYSEME BULLEUX - BULLE,non,
3489,3,"LESION TRAUMATIQUE ET MECANIQUE, DEFORMATION ACQUISE, LESION PAR AGENT PHYSIQUE, CHIMIQUE ET MEDICAMENTEUX",34,DEFORMATION ACQUISE (SAI),89,EMPHYSEME PAR DEFICIT EN ALPHA-1-ANTITRYPSINE,EMPHYSEME PAR DEFICIT EN ALPHA-1-ANTITRYPSINE,non,
3500,3,"LESION TRAUMATIQUE ET MECANIQUE, DEFORMATION ACQUISE, LESION PAR AGENT PHYSIQUE, CHIMIQUE ET MEDICAMENTEUX",35,LESION PAR AGENT PHYSIQUE (SAI),00,LESION PAR AGENT PHYSIQUE (SAI),LESION PAR AGENT PHYSIQUE (SAI),oui,
3510,3,"LESION TRAUMATIQUE ET MECANIQUE, DEFORMATION ACQUISE, LESION PAR AGENT PHYSIQUE, CHIMIQUE ET MEDICAMENTEUX",35,LESION PAR AGENT PHYSIQUE (SAI),10,BAROLESION - LESION DE DECOMPRESSION,BAROLESION - LESION DE DECOMPRESSION,non,
3520,3,"LESION TRAUMATIQUE ET MECANIQUE, DEFORMATION ACQUISE, LESION PAR AGENT PHYSIQUE, CHIMIQUE ET MEDICAMENTEUX",35,LESION PAR AGENT PHYSIQUE (SAI),20,BRULURE,BRULURE,non,
3521,3,"LESION TRAUMATIQUE ET MECANIQUE, DEFORMATION ACQUISE, LESION PAR AGENT PHYSIQUE, CHIMIQUE ET MEDICAMENTEUX",35,LESION PAR AGENT PHYSIQUE (SAI),21,SEQUELLE DE BRULURE,SEQUELLE DE BRULURE,non,
3522,3,"LESION TRAUMATIQUE ET MECANIQUE, DEFORMATION ACQUISE, LESION PAR AGENT PHYSIQUE, CHIMIQUE ET MEDICAMENTEUX",35,LESION PAR AGENT PHYSIQUE (SAI),22,LESION PAR CHALEUR,LESION PAR CHALEUR,non,1997 AJOUT
3530,3,"LESION TRAUMATIQUE ET MECANIQUE, DEFORMATION ACQUISE, LESION PAR AGENT PHYSIQUE, CHIMIQUE ET MEDICAMENTEUX",35,LESION PAR AGENT PHYSIQUE (SAI),30,GELURE - ENGELURE,GELURE - ENGELURE,non,
3532,3,"LESION TRAUMATIQUE ET MECANIQUE, DEFORMATION ACQUISE, LESION PAR AGENT PHYSIQUE, CHIMIQUE ET MEDICAMENTEUX",35,LESION PAR AGENT PHYSIQUE (SAI),32,LESION PAR LE FROID,LESION PAR LE FROID,non,1997 AJOUT
3540,3,"LESION TRAUMATIQUE ET MECANIQUE, DEFORMATION ACQUISE, LESION PAR AGENT PHYSIQUE, CHIMIQUE ET MEDICAMENTEUX",35,LESION PAR AGENT PHYSIQUE (SAI),40,LESION PAR ASPHYXIE ET/OU ANOXIE AIGUE,LESION PAR ASPHYXIE ET/OU ANOXIE AIGUE,non,1997 MODIF
3550,3,"LESION TRAUMATIQUE ET MECANIQUE, DEFORMATION ACQUISE, LESION PAR AGENT PHYSIQUE, CHIMIQUE ET MEDICAMENTEUX",35,LESION PAR AGENT PHYSIQUE (SAI),50,LESION PAR L'ELECTRICITE :,LESION PAR L'ELECTRICITE :,non,
3560,3,"LESION TRAUMATIQUE ET MECANIQUE, DEFORMATION ACQUISE, LESION PAR AGENT PHYSIQUE, CHIMIQUE ET MEDICAMENTEUX",35,LESION PAR AGENT PHYSIQUE (SAI),60,LESION PAR LASER,LESION PAR LASER,non,
3570,3,"LESION TRAUMATIQUE ET MECANIQUE, DEFORMATION ACQUISE, LESION PAR AGENT PHYSIQUE, CHIMIQUE ET MEDICAMENTEUX",35,LESION PAR AGENT PHYSIQUE (SAI),70,LESION PAR NOYADE,LESION PAR NOYADE,non,
3580,3,"LESION TRAUMATIQUE ET MECANIQUE, DEFORMATION ACQUISE, LESION PAR AGENT PHYSIQUE, CHIMIQUE ET MEDICAMENTEUX",35,LESION PAR AGENT PHYSIQUE (SAI),80,LESION PAR HYPERTHERMIE,LESION PAR HYPERTHERMIE,non,
3590,3,"LESION TRAUMATIQUE ET MECANIQUE, DEFORMATION ACQUISE, LESION PAR AGENT PHYSIQUE, CHIMIQUE ET MEDICAMENTEUX",35,LESION PAR AGENT PHYSIQUE (SAI),90,LESION DE L'ALTITUDE LESIONS PAR RADIATIONS,LESION DE L'ALTITUDE LESIONS PAR RADIATIONS,non,1992 AJOUT
3600,3,"LESION TRAUMATIQUE ET MECANIQUE, DEFORMATION ACQUISE, LESION PAR AGENT PHYSIQUE, CHIMIQUE ET MEDICAMENTEUX",36,LESION PAR RADIATIONS (SAI),00,LESION PAR RADIATIONS (SAI),LESION PAR RADIATIONS (SAI),oui,
3610,3,"LESION TRAUMATIQUE ET MECANIQUE, DEFORMATION ACQUISE, LESION PAR AGENT PHYSIQUE, CHIMIQUE ET MEDICAMENTEUX",36,LESION PAR RADIATIONS (SAI),10,LUCITE - LESION PAR RADIATIONS SOLAIRES OU ULTRAVIOLETTES,LUCITE - LESION PAR RADIATIONS SOLAIRES OU ULTRAVIOLETTES,non,
3612,3,"LESION TRAUMATIQUE ET MECANIQUE, DEFORMATION ACQUISE, LESION PAR AGENT PHYSIQUE, CHIMIQUE ET MEDICAMENTEUX",36,LESION PAR RADIATIONS (SAI),12,ACTINORETICULOSE,ACTINORETICULOSE,non,
3614,3,"LESION TRAUMATIQUE ET MECANIQUE, DEFORMATION ACQUISE, LESION PAR AGENT PHYSIQUE, CHIMIQUE ET MEDICAMENTEUX",36,LESION PAR RADIATIONS (SAI),14,HYDROA VACCINIFORME,HYDROA VACCINIFORME,non,
3616,3,"LESION TRAUMATIQUE ET MECANIQUE, DEFORMATION ACQUISE, LESION PAR AGENT PHYSIQUE, CHIMIQUE ET MEDICAMENTEUX",36,LESION PAR RADIATIONS (SAI),16,PHOTODERMATOSE MEDICAMENTEUSE,PHOTODERMATOSE MEDICAMENTEUSE,non,
3618,3,"LESION TRAUMATIQUE ET MECANIQUE, DEFORMATION ACQUISE, LESION PAR AGENT PHYSIQUE, CHIMIQUE ET MEDICAMENTEUX",36,LESION PAR RADIATIONS (SAI),18,LESION DE LA PUVATHERAPIE,LESION DE LA PUVATHERAPIE,non,
3620,3,"LESION TRAUMATIQUE ET MECANIQUE, DEFORMATION ACQUISE, LESION PAR AGENT PHYSIQUE, CHIMIQUE ET MEDICAMENTEUX",36,LESION PAR RADIATIONS (SAI),20,LESION PAR RADIATION IONISANTE (SAI),LESION PAR RADIATION IONISANTE (SAI),oui,
3622,3,"LESION TRAUMATIQUE ET MECANIQUE, DEFORMATION ACQUISE, LESION PAR AGENT PHYSIQUE, CHIMIQUE ET MEDICAMENTEUX",36,LESION PAR RADIATIONS (SAI),22,LESION AIGUE PAR RADIATION IONISANTE,LESION AIGUE PAR RADIATION IONISANTE,non,
3624,3,"LESION TRAUMATIQUE ET MECANIQUE, DEFORMATION ACQUISE, LESION PAR AGENT PHYSIQUE, CHIMIQUE ET MEDICAMENTEUX",36,LESION PAR RADIATIONS (SAI),24,RADIONECROSE,RADIONECROSE,non,
3626,3,"LESION TRAUMATIQUE ET MECANIQUE, DEFORMATION ACQUISE, LESION PAR AGENT PHYSIQUE, CHIMIQUE ET MEDICAMENTEUX",36,LESION PAR RADIATIONS (SAI),26,LESION CHRONIQUE PAR RADIATION IONISANTE,LESION CHRONIQUE PAR RADIATION IONISANTE,non,
3628,3,"LESION TRAUMATIQUE ET MECANIQUE, DEFORMATION ACQUISE, LESION PAR AGENT PHYSIQUE, CHIMIQUE ET MEDICAMENTEUX",36,LESION PAR RADIATIONS (SAI),28,LESION DE LA CURIETHERAPIE,LESION DE LA CURIETHERAPIE,non,
3630,3,"LESION TRAUMATIQUE ET MECANIQUE, DEFORMATION ACQUISE, LESION PAR AGENT PHYSIQUE, CHIMIQUE ET MEDICAMENTEUX",36,LESION PAR RADIATIONS (SAI),30,LESION PAR ISOTOPE RADIOACTIF (SAI),LESION PAR ISOTOPE RADIOACTIF (SAI),oui,
3632,3,"LESION TRAUMATIQUE ET MECANIQUE, DEFORMATION ACQUISE, LESION PAR AGENT PHYSIQUE, CHIMIQUE ET MEDICAMENTEUX",36,LESION PAR RADIATIONS (SAI),32,LESION PAR THOROTRAST LESIONS PAR INTOXICATION,LESION PAR THOROTRAST LESIONS PAR INTOXICATION,non,
3700,3,"LESION TRAUMATIQUE ET MECANIQUE, DEFORMATION ACQUISE, LESION PAR AGENT PHYSIQUE, CHIMIQUE ET MEDICAMENTEUX",37,INTOXICATION (SAI) - LESION PAR AGENT CHIMIQUE NON MEDICAMENTEUX (SAI),00,INTOXICATION (SAI) - LESION PAR AGENT CHIMIQUE NON MEDICAMENTEUX (SAI),INTOXICATION (SAI) - LESION PAR AGENT CHIMIQUE NON MEDICAMENTEUX (SAI),oui,
3710,3,"LESION TRAUMATIQUE ET MECANIQUE, DEFORMATION ACQUISE, LESION PAR AGENT PHYSIQUE, CHIMIQUE ET MEDICAMENTEUX",37,INTOXICATION (SAI) - LESION PAR AGENT CHIMIQUE NON MEDICAMENTEUX (SAI),10,LESION AIGUE PAR AGENT CAUSTIQUE FORT (ACIDE ET BASE FORTE),LESION AIGUE PAR AGENT CAUSTIQUE FORT (ACIDE ET BASE FORTE),non,
3711,3,"LESION TRAUMATIQUE ET MECANIQUE, DEFORMATION ACQUISE, LESION PAR AGENT PHYSIQUE, CHIMIQUE ET MEDICAMENTEUX",37,INTOXICATION (SAI) - LESION PAR AGENT CHIMIQUE NON MEDICAMENTEUX (SAI),11,LESION AIGUE PAR ACIDE FORT,LESION AIGUE PAR ACIDE FORT,non,
3714,3,"LESION TRAUMATIQUE ET MECANIQUE, DEFORMATION ACQUISE, LESION PAR AGENT PHYSIQUE, CHIMIQUE ET MEDICAMENTEUX",37,INTOXICATION (SAI) - LESION PAR AGENT CHIMIQUE NON MEDICAMENTEUX (SAI),14,LESION AIGUE PAR BASE FORTE,LESION AIGUE PAR BASE FORTE,non,
3718,3,"LESION TRAUMATIQUE ET MECANIQUE, DEFORMATION ACQUISE, LESION PAR AGENT PHYSIQUE, CHIMIQUE ET MEDICAMENTEUX",37,INTOXICATION (SAI) - LESION PAR AGENT CHIMIQUE NON MEDICAMENTEUX (SAI),18,STENOSE PAR CAUSTIQUE - LESION CHRONIQUE PAR CAUSTIQUE,STENOSE PAR CAUSTIQUE - LESION CHRONIQUE PAR CAUSTIQUE,non,2003 MODIF
3719,3,"LESION TRAUMATIQUE ET MECANIQUE, DEFORMATION ACQUISE, LESION PAR AGENT PHYSIQUE, CHIMIQUE ET MEDICAMENTEUX",37,INTOXICATION (SAI) - LESION PAR AGENT CHIMIQUE NON MEDICAMENTEUX (SAI),19,LESION PAR LE FORMOL,LESION PAR LE FORMOL,non,
3720,3,"LESION TRAUMATIQUE ET MECANIQUE, DEFORMATION ACQUISE, LESION PAR AGENT PHYSIQUE, CHIMIQUE ET MEDICAMENTEUX",37,INTOXICATION (SAI) - LESION PAR AGENT CHIMIQUE NON MEDICAMENTEUX (SAI),20,LESION PAR METALLOIDE (SAI),LESION PAR METALLOIDE (SAI),oui,
3721,3,"LESION TRAUMATIQUE ET MECANIQUE, DEFORMATION ACQUISE, LESION PAR AGENT PHYSIQUE, CHIMIQUE ET MEDICAMENTEUX",37,INTOXICATION (SAI) - LESION PAR AGENT CHIMIQUE NON MEDICAMENTEUX (SAI),21,BROMIDE - LESION PAR LE BROME,BROMIDE - LESION PAR LE BROME,non,
3722,3,"LESION TRAUMATIQUE ET MECANIQUE, DEFORMATION ACQUISE, LESION PAR AGENT PHYSIQUE, CHIMIQUE ET MEDICAMENTEUX",37,INTOXICATION (SAI) - LESION PAR AGENT CHIMIQUE NON MEDICAMENTEUX (SAI),22,LESION PAR LE TETRAOXYDE D'OSMIUM (ACIDE OSMIQUE),LESION PAR LE TETRAOXYDE D'OSMIUM (ACIDE OSMIQUE),non,1992 AJOUT
3723,3,"LESION TRAUMATIQUE ET MECANIQUE, DEFORMATION ACQUISE, LESION PAR AGENT PHYSIQUE, CHIMIQUE ET MEDICAMENTEUX",37,INTOXICATION (SAI) - LESION PAR AGENT CHIMIQUE NON MEDICAMENTEUX (SAI),23,LESION PAR LE CHLORE,LESION PAR LE CHLORE,non,
3725,3,"LESION TRAUMATIQUE ET MECANIQUE, DEFORMATION ACQUISE, LESION PAR AGENT PHYSIQUE, CHIMIQUE ET MEDICAMENTEUX",37,INTOXICATION (SAI) - LESION PAR AGENT CHIMIQUE NON MEDICAMENTEUX (SAI),25,LESION PAR LE CYANURE,LESION PAR LE CYANURE,non,
3726,3,"LESION TRAUMATIQUE ET MECANIQUE, DEFORMATION ACQUISE, LESION PAR AGENT PHYSIQUE, CHIMIQUE ET MEDICAMENTEUX",37,INTOXICATION (SAI) - LESION PAR AGENT CHIMIQUE NON MEDICAMENTEUX (SAI),26,FLUOROSE - LESION PAR LE FLUOR:,FLUOROSE - LESION PAR LE FLUOR:,non,
3728,3,"LESION TRAUMATIQUE ET MECANIQUE, DEFORMATION ACQUISE, LESION PAR AGENT PHYSIQUE, CHIMIQUE ET MEDICAMENTEUX",37,INTOXICATION (SAI) - LESION PAR AGENT CHIMIQUE NON MEDICAMENTEUX (SAI),28,IODURE - IODIDE - LESION PAR L'IODE,IODURE - IODIDE - LESION PAR L'IODE,non,
3729,3,"LESION TRAUMATIQUE ET MECANIQUE, DEFORMATION ACQUISE, LESION PAR AGENT PHYSIQUE, CHIMIQUE ET MEDICAMENTEUX",37,INTOXICATION (SAI) - LESION PAR AGENT CHIMIQUE NON MEDICAMENTEUX (SAI),29,LESION PAR LE PHOSPHORE,LESION PAR LE PHOSPHORE,non,
3730,3,"LESION TRAUMATIQUE ET MECANIQUE, DEFORMATION ACQUISE, LESION PAR AGENT PHYSIQUE, CHIMIQUE ET MEDICAMENTEUX",37,INTOXICATION (SAI) - LESION PAR AGENT CHIMIQUE NON MEDICAMENTEUX (SAI),30,LESION PAR LES METAUX (SAI),LESION PAR LES METAUX (SAI),oui,
3731,3,"LESION TRAUMATIQUE ET MECANIQUE, DEFORMATION ACQUISE, LESION PAR AGENT PHYSIQUE, CHIMIQUE ET MEDICAMENTEUX",37,INTOXICATION (SAI) - LESION PAR AGENT CHIMIQUE NON MEDICAMENTEUX (SAI),31,ARGYROSE - LESION PAR L'ARGENT,ARGYROSE - LESION PAR L'ARGENT,non,
3732,3,"LESION TRAUMATIQUE ET MECANIQUE, DEFORMATION ACQUISE, LESION PAR AGENT PHYSIQUE, CHIMIQUE ET MEDICAMENTEUX",37,INTOXICATION (SAI) - LESION PAR AGENT CHIMIQUE NON MEDICAMENTEUX (SAI),32,LESION PAR L'ARSENIC,LESION PAR L'ARSENIC,non,
3733,3,"LESION TRAUMATIQUE ET MECANIQUE, DEFORMATION ACQUISE, LESION PAR AGENT PHYSIQUE, CHIMIQUE ET MEDICAMENTEUX",37,INTOXICATION (SAI) - LESION PAR AGENT CHIMIQUE NON MEDICAMENTEUX (SAI),33,LESION PAR L'ALUMINIUM,LESION PAR L'ALUMINIUM,non,
3735,3,"LESION TRAUMATIQUE ET MECANIQUE, DEFORMATION ACQUISE, LESION PAR AGENT PHYSIQUE, CHIMIQUE ET MEDICAMENTEUX",37,INTOXICATION (SAI) - LESION PAR AGENT CHIMIQUE NON MEDICAMENTEUX (SAI),35,BERYLIOSE - LESION PAR LE BERYLIUM,BERYLIOSE - LESION PAR LE BERYLIUM,non,
3736,3,"LESION TRAUMATIQUE ET MECANIQUE, DEFORMATION ACQUISE, LESION PAR AGENT PHYSIQUE, CHIMIQUE ET MEDICAMENTEUX",37,INTOXICATION (SAI) - LESION PAR AGENT CHIMIQUE NON MEDICAMENTEUX (SAI),36,LESION PAR LE BISMUTH,LESION PAR LE BISMUTH,non,
3737,3,"LESION TRAUMATIQUE ET MECANIQUE, DEFORMATION ACQUISE, LESION PAR AGENT PHYSIQUE, CHIMIQUE ET MEDICAMENTEUX",37,INTOXICATION (SAI) - LESION PAR AGENT CHIMIQUE NON MEDICAMENTEUX (SAI),37,LESION PAR LE COBALT,LESION PAR LE COBALT,non,
3738,3,"LESION TRAUMATIQUE ET MECANIQUE, DEFORMATION ACQUISE, LESION PAR AGENT PHYSIQUE, CHIMIQUE ET MEDICAMENTEUX",37,INTOXICATION (SAI) - LESION PAR AGENT CHIMIQUE NON MEDICAMENTEUX (SAI),38,LESION PAR LE CUIVRE,LESION PAR LE CUIVRE,non,
3739,3,"LESION TRAUMATIQUE ET MECANIQUE, DEFORMATION ACQUISE, LESION PAR AGENT PHYSIQUE, CHIMIQUE ET MEDICAMENTEUX",37,INTOXICATION (SAI) - LESION PAR AGENT CHIMIQUE NON MEDICAMENTEUX (SAI),39,LESION PAR LE CHROME,LESION PAR LE CHROME,non,1999 AJOUT
3741,3,"LESION TRAUMATIQUE ET MECANIQUE, DEFORMATION ACQUISE, LESION PAR AGENT PHYSIQUE, CHIMIQUE ET MEDICAMENTEUX",37,INTOXICATION (SAI) - LESION PAR AGENT CHIMIQUE NON MEDICAMENTEUX (SAI),41,LESION PAR LE LITHIUM,LESION PAR LE LITHIUM,non,
3742,3,"LESION TRAUMATIQUE ET MECANIQUE, DEFORMATION ACQUISE, LESION PAR AGENT PHYSIQUE, CHIMIQUE ET MEDICAMENTEUX",37,INTOXICATION (SAI) - LESION PAR AGENT CHIMIQUE NON MEDICAMENTEUX (SAI),42,LESIONS PAR LE THALLIUM,LESIONS PAR LE THALLIUM,non,1999 AJOUT
3743,3,"LESION TRAUMATIQUE ET MECANIQUE, DEFORMATION ACQUISE, LESION PAR AGENT PHYSIQUE, CHIMIQUE ET MEDICAMENTEUX",37,INTOXICATION (SAI) - LESION PAR AGENT CHIMIQUE NON MEDICAMENTEUX (SAI),43,LESION PAR LE MAGNESIUM,LESION PAR LE MAGNESIUM,non,
3745,3,"LESION TRAUMATIQUE ET MECANIQUE, DEFORMATION ACQUISE, LESION PAR AGENT PHYSIQUE, CHIMIQUE ET MEDICAMENTEUX",37,INTOXICATION (SAI) - LESION PAR AGENT CHIMIQUE NON MEDICAMENTEUX (SAI),45,LESION PAR LE MERCURE:,LESION PAR LE MERCURE:,non,
3746,3,"LESION TRAUMATIQUE ET MECANIQUE, DEFORMATION ACQUISE, LESION PAR AGENT PHYSIQUE, CHIMIQUE ET MEDICAMENTEUX",37,INTOXICATION (SAI) - LESION PAR AGENT CHIMIQUE NON MEDICAMENTEUX (SAI),46,LESION PAR L'OR,LESION PAR L'OR,non,
3747,3,"LESION TRAUMATIQUE ET MECANIQUE, DEFORMATION ACQUISE, LESION PAR AGENT PHYSIQUE, CHIMIQUE ET MEDICAMENTEUX",37,INTOXICATION (SAI) - LESION PAR AGENT CHIMIQUE NON MEDICAMENTEUX (SAI),47,LESION PAR LE PLOMB,LESION PAR LE PLOMB,non,
3748,3,"LESION TRAUMATIQUE ET MECANIQUE, DEFORMATION ACQUISE, LESION PAR AGENT PHYSIQUE, CHIMIQUE ET MEDICAMENTEUX",37,INTOXICATION (SAI) - LESION PAR AGENT CHIMIQUE NON MEDICAMENTEUX (SAI),48,LESION PAR LE ZINC:,LESION PAR LE ZINC:,non,
3749,3,"LESION TRAUMATIQUE ET MECANIQUE, DEFORMATION ACQUISE, LESION PAR AGENT PHYSIQUE, CHIMIQUE ET MEDICAMENTEUX",37,INTOXICATION (SAI) - LESION PAR AGENT CHIMIQUE NON MEDICAMENTEUX (SAI),49,LESION PAR ZIRCONIUM,LESION PAR ZIRCONIUM,non,
3750,3,"LESION TRAUMATIQUE ET MECANIQUE, DEFORMATION ACQUISE, LESION PAR AGENT PHYSIQUE, CHIMIQUE ET MEDICAMENTEUX",37,INTOXICATION (SAI) - LESION PAR AGENT CHIMIQUE NON MEDICAMENTEUX (SAI),50,LESION PAR SUBSTANCE OU SOLVANT ORGANIQUES (SAI),LESION PAR SUBSTANCE OU SOLVANT ORGANIQUES (SAI),oui,
3751,3,"LESION TRAUMATIQUE ET MECANIQUE, DEFORMATION ACQUISE, LESION PAR AGENT PHYSIQUE, CHIMIQUE ET MEDICAMENTEUX",37,INTOXICATION (SAI) - LESION PAR AGENT CHIMIQUE NON MEDICAMENTEUX (SAI),51,LESION PAR L'ALCOOL METHYLIQUE,LESION PAR L'ALCOOL METHYLIQUE,non,
3752,3,"LESION TRAUMATIQUE ET MECANIQUE, DEFORMATION ACQUISE, LESION PAR AGENT PHYSIQUE, CHIMIQUE ET MEDICAMENTEUX",37,INTOXICATION (SAI) - LESION PAR AGENT CHIMIQUE NON MEDICAMENTEUX (SAI),52,"LESION PAR BENZENE (TOLUENE, XYLENE, ETC)","LESION PAR BENZENE (TOLUENE, XYLENE, ETC)",non,
3753,3,"LESION TRAUMATIQUE ET MECANIQUE, DEFORMATION ACQUISE, LESION PAR AGENT PHYSIQUE, CHIMIQUE ET MEDICAMENTEUX",37,INTOXICATION (SAI) - LESION PAR AGENT CHIMIQUE NON MEDICAMENTEUX (SAI),53,LESION PAR TETRACHLORURE DE CARBONE,LESION PAR TETRACHLORURE DE CARBONE,non,
3754,3,"LESION TRAUMATIQUE ET MECANIQUE, DEFORMATION ACQUISE, LESION PAR AGENT PHYSIQUE, CHIMIQUE ET MEDICAMENTEUX",37,INTOXICATION (SAI) - LESION PAR AGENT CHIMIQUE NON MEDICAMENTEUX (SAI),54,LESION PAR TETRA ET TRICHLORETHYLENE,LESION PAR TETRA ET TRICHLORETHYLENE,non,
3755,3,"LESION TRAUMATIQUE ET MECANIQUE, DEFORMATION ACQUISE, LESION PAR AGENT PHYSIQUE, CHIMIQUE ET MEDICAMENTEUX",37,INTOXICATION (SAI) - LESION PAR AGENT CHIMIQUE NON MEDICAMENTEUX (SAI),55,LESION PAR TRINITROTOLUENE,LESION PAR TRINITROTOLUENE,non,
3756,3,"LESION TRAUMATIQUE ET MECANIQUE, DEFORMATION ACQUISE, LESION PAR AGENT PHYSIQUE, CHIMIQUE ET MEDICAMENTEUX",37,INTOXICATION (SAI) - LESION PAR AGENT CHIMIQUE NON MEDICAMENTEUX (SAI),56,LESION PAR ESSENCE ET AUTRE HYDROCARBURE,LESION PAR ESSENCE ET AUTRE HYDROCARBURE,non,1992 AJOUT
3757,3,"LESION TRAUMATIQUE ET MECANIQUE, DEFORMATION ACQUISE, LESION PAR AGENT PHYSIQUE, CHIMIQUE ET MEDICAMENTEUX",37,INTOXICATION (SAI) - LESION PAR AGENT CHIMIQUE NON MEDICAMENTEUX (SAI),57,LESION PAR HERBICIDE (PARAQUAT),LESION PAR HERBICIDE (PARAQUAT),non,
3759,3,"LESION TRAUMATIQUE ET MECANIQUE, DEFORMATION ACQUISE, LESION PAR AGENT PHYSIQUE, CHIMIQUE ET MEDICAMENTEUX",37,INTOXICATION (SAI) - LESION PAR AGENT CHIMIQUE NON MEDICAMENTEUX (SAI),59,LESION PAR PESTICIDE ET INSECTICIDE,LESION PAR PESTICIDE ET INSECTICIDE,non,
3760,3,"LESION TRAUMATIQUE ET MECANIQUE, DEFORMATION ACQUISE, LESION PAR AGENT PHYSIQUE, CHIMIQUE ET MEDICAMENTEUX",37,INTOXICATION (SAI) - LESION PAR AGENT CHIMIQUE NON MEDICAMENTEUX (SAI),60,LESION PAR ALCOOL ETHYLIQUE (SAI),LESION PAR ALCOOL ETHYLIQUE (SAI),oui,
3770,3,"LESION TRAUMATIQUE ET MECANIQUE, DEFORMATION ACQUISE, LESION PAR AGENT PHYSIQUE, CHIMIQUE ET MEDICAMENTEUX",37,INTOXICATION (SAI) - LESION PAR AGENT CHIMIQUE NON MEDICAMENTEUX (SAI),70,LESIONS PAR LE TABAC (SAI) - LESIONS PAR LA NICOTINE,LESIONS PAR LE TABAC (SAI) - LESIONS PAR LA NICOTINE,oui,1999 MODIF
3772,3,"LESION TRAUMATIQUE ET MECANIQUE, DEFORMATION ACQUISE, LESION PAR AGENT PHYSIQUE, CHIMIQUE ET MEDICAMENTEUX",37,INTOXICATION (SAI) - LESION PAR AGENT CHIMIQUE NON MEDICAMENTEUX (SAI),72,LESIONS DUES A LA CAFEINE - LESIONS DUES A LA THEINE,LESIONS DUES A LA CAFEINE - LESIONS DUES A LA THEINE,non,1999 MODIF
3774,3,"LESION TRAUMATIQUE ET MECANIQUE, DEFORMATION ACQUISE, LESION PAR AGENT PHYSIQUE, CHIMIQUE ET MEDICAMENTEUX",37,INTOXICATION (SAI) - LESION PAR AGENT CHIMIQUE NON MEDICAMENTEUX (SAI),74,LESIONS DUES A LA THEOBROMINE,LESIONS DUES A LA THEOBROMINE,non,1999 AJOUT
3780,3,"LESION TRAUMATIQUE ET MECANIQUE, DEFORMATION ACQUISE, LESION PAR AGENT PHYSIQUE, CHIMIQUE ET MEDICAMENTEUX",37,INTOXICATION (SAI) - LESION PAR AGENT CHIMIQUE NON MEDICAMENTEUX (SAI),80,LESION PAR LES GAZ TOXIQUES (SAI),LESION PAR LES GAZ TOXIQUES (SAI),oui,
3781,3,"LESION TRAUMATIQUE ET MECANIQUE, DEFORMATION ACQUISE, LESION PAR AGENT PHYSIQUE, CHIMIQUE ET MEDICAMENTEUX",37,INTOXICATION (SAI) - LESION PAR AGENT CHIMIQUE NON MEDICAMENTEUX (SAI),81,MALADIE DES SILOS,MALADIE DES SILOS,non,1992 AJOUT
3785,3,"LESION TRAUMATIQUE ET MECANIQUE, DEFORMATION ACQUISE, LESION PAR AGENT PHYSIQUE, CHIMIQUE ET MEDICAMENTEUX",37,INTOXICATION (SAI) - LESION PAR AGENT CHIMIQUE NON MEDICAMENTEUX (SAI),85,LESIONS PAR L'OXYDE DE CARBONE,LESIONS PAR L'OXYDE DE CARBONE,non,1999 AJOUT
3786,3,"LESION TRAUMATIQUE ET MECANIQUE, DEFORMATION ACQUISE, LESION PAR AGENT PHYSIQUE, CHIMIQUE ET MEDICAMENTEUX",37,INTOXICATION (SAI) - LESION PAR AGENT CHIMIQUE NON MEDICAMENTEUX (SAI),86,LESIONS PAR LE DISULFIDE DE CARBONE,LESIONS PAR LE DISULFIDE DE CARBONE,non,1999 AJOUT
3787,3,"LESION TRAUMATIQUE ET MECANIQUE, DEFORMATION ACQUISE, LESION PAR AGENT PHYSIQUE, CHIMIQUE ET MEDICAMENTEUX",37,INTOXICATION (SAI) - LESION PAR AGENT CHIMIQUE NON MEDICAMENTEUX (SAI),87,LESIONS PAR L'OXYDE D'ETHYLENE,LESIONS PAR L'OXYDE D'ETHYLENE,non,1999 AJOUT
3789,3,"LESION TRAUMATIQUE ET MECANIQUE, DEFORMATION ACQUISE, LESION PAR AGENT PHYSIQUE, CHIMIQUE ET MEDICAMENTEUX",37,INTOXICATION (SAI) - LESION PAR AGENT CHIMIQUE NON MEDICAMENTEUX (SAI),89,LESION DE LA FUMEE,LESION DE LA FUMEE,non,1992 AJOUT
3790,3,"LESION TRAUMATIQUE ET MECANIQUE, DEFORMATION ACQUISE, LESION PAR AGENT PHYSIQUE, CHIMIQUE ET MEDICAMENTEUX",37,INTOXICATION (SAI) - LESION PAR AGENT CHIMIQUE NON MEDICAMENTEUX (SAI),90,LESION PAR LE CHLORURE DE VINYLE,LESION PAR LE CHLORURE DE VINYLE,non,
3791,3,"LESION TRAUMATIQUE ET MECANIQUE, DEFORMATION ACQUISE, LESION PAR AGENT PHYSIQUE, CHIMIQUE ET MEDICAMENTEUX",37,INTOXICATION (SAI) - LESION PAR AGENT CHIMIQUE NON MEDICAMENTEUX (SAI),91,LESIONS PAR L'ACRYLAMIDE LESIONS PAR SUBSTANCES OU CORPS ETRANGERS,LESIONS PAR L'ACRYLAMIDE LESIONS PAR SUBSTANCES OU CORPS ETRANGERS,non,1999 AJOUT
3800,3,"LESION TRAUMATIQUE ET MECANIQUE, DEFORMATION ACQUISE, LESION PAR AGENT PHYSIQUE, CHIMIQUE ET MEDICAMENTEUX",38,LESION PAR SUBSTANCES ET CORPS ETRANGERS EXOGENE ET ENDOGENE (SAI):,00,LESION PAR SUBSTANCES ET CORPS ETRANGERS EXOGENE ET ENDOGENE (SAI):,LESION PAR SUBSTANCES ET CORPS ETRANGERS EXOGENE ET ENDOGENE (SAI):,oui,
3801,3,"LESION TRAUMATIQUE ET MECANIQUE, DEFORMATION ACQUISE, LESION PAR AGENT PHYSIQUE, CHIMIQUE ET MEDICAMENTEUX",38,LESION PAR SUBSTANCES ET CORPS ETRANGERS EXOGENE ET ENDOGENE (SAI):,01,ANTHRACOSE,ANTHRACOSE,non,
3803,3,"LESION TRAUMATIQUE ET MECANIQUE, DEFORMATION ACQUISE, LESION PAR AGENT PHYSIQUE, CHIMIQUE ET MEDICAMENTEUX",38,LESION PAR SUBSTANCES ET CORPS ETRANGERS EXOGENE ET ENDOGENE (SAI):,03,ASBESTOSE - CORPS ASBESTOSIQUE (SAI),ASBESTOSE - CORPS ASBESTOSIQUE (SAI),oui,
3804,3,"LESION TRAUMATIQUE ET MECANIQUE, DEFORMATION ACQUISE, LESION PAR AGENT PHYSIQUE, CHIMIQUE ET MEDICAMENTEUX",38,LESION PAR SUBSTANCES ET CORPS ETRANGERS EXOGENE ET ENDOGENE (SAI):,04,LESION PAR LE SILICONE,LESION PAR LE SILICONE,non,
3805,3,"LESION TRAUMATIQUE ET MECANIQUE, DEFORMATION ACQUISE, LESION PAR AGENT PHYSIQUE, CHIMIQUE ET MEDICAMENTEUX",38,LESION PAR SUBSTANCES ET CORPS ETRANGERS EXOGENE ET ENDOGENE (SAI):,05,SILICOSE - GRANULOME SILICOTIQUE (SAI),SILICOSE - GRANULOME SILICOTIQUE (SAI),oui,
3806,3,"LESION TRAUMATIQUE ET MECANIQUE, DEFORMATION ACQUISE, LESION PAR AGENT PHYSIQUE, CHIMIQUE ET MEDICAMENTEUX",38,LESION PAR SUBSTANCES ET CORPS ETRANGERS EXOGENE ET ENDOGENE (SAI):,06,LESION PAR LE TALC - TALCOME,LESION PAR LE TALC - TALCOME,non,
3807,3,"LESION TRAUMATIQUE ET MECANIQUE, DEFORMATION ACQUISE, LESION PAR AGENT PHYSIQUE, CHIMIQUE ET MEDICAMENTEUX",38,LESION PAR SUBSTANCES ET CORPS ETRANGERS EXOGENE ET ENDOGENE (SAI):,07,TATOUAGE,TATOUAGE,non,
3808,3,"LESION TRAUMATIQUE ET MECANIQUE, DEFORMATION ACQUISE, LESION PAR AGENT PHYSIQUE, CHIMIQUE ET MEDICAMENTEUX",38,LESION PAR SUBSTANCES ET CORPS ETRANGERS EXOGENE ET ENDOGENE (SAI):,08,DISPOSITIF INTRA UTERIN (DIU),DISPOSITIF INTRA UTERIN (DIU),non,1992 AJOUT
3809,3,"LESION TRAUMATIQUE ET MECANIQUE, DEFORMATION ACQUISE, LESION PAR AGENT PHYSIQUE, CHIMIQUE ET MEDICAMENTEUX",38,LESION PAR SUBSTANCES ET CORPS ETRANGERS EXOGENE ET ENDOGENE (SAI):,09,LESION PAR LES MATIERES PLASTIQUES SYNTHETIQUES,LESION PAR LES MATIERES PLASTIQUES SYNTHETIQUES,non,
3810,3,"LESION TRAUMATIQUE ET MECANIQUE, DEFORMATION ACQUISE, LESION PAR AGENT PHYSIQUE, CHIMIQUE ET MEDICAMENTEUX",38,LESION PAR SUBSTANCES ET CORPS ETRANGERS EXOGENE ET ENDOGENE (SAI):,10,LESION PAR PIQUANT (SAI) ET PIQURE (SAI),LESION PAR PIQUANT (SAI) ET PIQURE (SAI),oui,
3811,3,"LESION TRAUMATIQUE ET MECANIQUE, DEFORMATION ACQUISE, LESION PAR AGENT PHYSIQUE, CHIMIQUE ET MEDICAMENTEUX",38,LESION PAR SUBSTANCES ET CORPS ETRANGERS EXOGENE ET ENDOGENE (SAI):,11,LESION PAR PIQUANT D'ANIMAL,LESION PAR PIQUANT D'ANIMAL,non,
3812,3,"LESION TRAUMATIQUE ET MECANIQUE, DEFORMATION ACQUISE, LESION PAR AGENT PHYSIQUE, CHIMIQUE ET MEDICAMENTEUX",38,LESION PAR SUBSTANCES ET CORPS ETRANGERS EXOGENE ET ENDOGENE (SAI):,12,LESION PAR PIQUANT D'OURSIN,LESION PAR PIQUANT D'OURSIN,non,
3814,3,"LESION TRAUMATIQUE ET MECANIQUE, DEFORMATION ACQUISE, LESION PAR AGENT PHYSIQUE, CHIMIQUE ET MEDICAMENTEUX",38,LESION PAR SUBSTANCES ET CORPS ETRANGERS EXOGENE ET ENDOGENE (SAI):,14,LESION PAR PIQURE D'INSECTE,LESION PAR PIQURE D'INSECTE,non,
3816,3,"LESION TRAUMATIQUE ET MECANIQUE, DEFORMATION ACQUISE, LESION PAR AGENT PHYSIQUE, CHIMIQUE ET MEDICAMENTEUX",38,LESION PAR SUBSTANCES ET CORPS ETRANGERS EXOGENE ET ENDOGENE (SAI):,16,LESION PAR PIQURE D'ARAIGNEE,LESION PAR PIQURE D'ARAIGNEE,non,
3817,3,"LESION TRAUMATIQUE ET MECANIQUE, DEFORMATION ACQUISE, LESION PAR AGENT PHYSIQUE, CHIMIQUE ET MEDICAMENTEUX",38,LESION PAR SUBSTANCES ET CORPS ETRANGERS EXOGENE ET ENDOGENE (SAI):,17,LESION PAR PIQURE DE TIQUE,LESION PAR PIQURE DE TIQUE,non,
3818,3,"LESION TRAUMATIQUE ET MECANIQUE, DEFORMATION ACQUISE, LESION PAR AGENT PHYSIQUE, CHIMIQUE ET MEDICAMENTEUX",38,LESION PAR SUBSTANCES ET CORPS ETRANGERS EXOGENE ET ENDOGENE (SAI):,18,LESION PAR PIQUANT VEGETAL (ROSIER - PRUNELLIER),LESION PAR PIQUANT VEGETAL (ROSIER - PRUNELLIER),non,
3820,3,"LESION TRAUMATIQUE ET MECANIQUE, DEFORMATION ACQUISE, LESION PAR AGENT PHYSIQUE, CHIMIQUE ET MEDICAMENTEUX",38,LESION PAR SUBSTANCES ET CORPS ETRANGERS EXOGENE ET ENDOGENE (SAI):,20,LESION PAR VENIN ET TOXINE EXOGENES,LESION PAR VENIN ET TOXINE EXOGENES,non,
3821,3,"LESION TRAUMATIQUE ET MECANIQUE, DEFORMATION ACQUISE, LESION PAR AGENT PHYSIQUE, CHIMIQUE ET MEDICAMENTEUX",38,LESION PAR SUBSTANCES ET CORPS ETRANGERS EXOGENE ET ENDOGENE (SAI):,21,"LESION PAR VENIN D'ANIMAUX (SERPENT, ETC.)","LESION PAR VENIN D'ANIMAUX (SERPENT, ETC.)",non,
3822,3,"LESION TRAUMATIQUE ET MECANIQUE, DEFORMATION ACQUISE, LESION PAR AGENT PHYSIQUE, CHIMIQUE ET MEDICAMENTEUX",38,LESION PAR SUBSTANCES ET CORPS ETRANGERS EXOGENE ET ENDOGENE (SAI):,22,"LESION PAR TOXINE VEGETALE (AFLATOXINE, HYPOGLYCINE, CHARDON A GLU etc)","LESION PAR TOXINE VEGETALE (AFLATOXINE, HYPOGLYCINE, CHARDON A GLU ETC)",non,
3825,3,"LESION TRAUMATIQUE ET MECANIQUE, DEFORMATION ACQUISE, LESION PAR AGENT PHYSIQUE, CHIMIQUE ET MEDICAMENTEUX",38,LESION PAR SUBSTANCES ET CORPS ETRANGERS EXOGENE ET ENDOGENE (SAI):,25,LESION PAR TOXINE PHALLOIDIENNE,LESION PAR TOXINE PHALLOIDIENNE,non,
3830,3,"LESION TRAUMATIQUE ET MECANIQUE, DEFORMATION ACQUISE, LESION PAR AGENT PHYSIQUE, CHIMIQUE ET MEDICAMENTEUX",38,LESION PAR SUBSTANCES ET CORPS ETRANGERS EXOGENE ET ENDOGENE (SAI):,30,LESION PAR TOXINES MICROBIENNE ET PARASITAIRE,LESION PAR TOXINES MICROBIENNE ET PARASITAIRE,non,
3840,3,"LESION TRAUMATIQUE ET MECANIQUE, DEFORMATION ACQUISE, LESION PAR AGENT PHYSIQUE, CHIMIQUE ET MEDICAMENTEUX",38,LESION PAR SUBSTANCES ET CORPS ETRANGERS EXOGENE ET ENDOGENE (SAI):,40,LESION AU COURS DE LA TOXICOMANIE,LESION AU COURS DE LA TOXICOMANIE,non,1992 AJOUT
3860,3,"LESION TRAUMATIQUE ET MECANIQUE, DEFORMATION ACQUISE, LESION PAR AGENT PHYSIQUE, CHIMIQUE ET MEDICAMENTEUX",38,LESION PAR SUBSTANCES ET CORPS ETRANGERS EXOGENE ET ENDOGENE (SAI):,60,LESION PAR SUBSTANCES HUILEUSES EXOGENES,LESION PAR SUBSTANCES HUILEUSES EXOGENES,non,
3862,3,"LESION TRAUMATIQUE ET MECANIQUE, DEFORMATION ACQUISE, LESION PAR AGENT PHYSIQUE, CHIMIQUE ET MEDICAMENTEUX",38,LESION PAR SUBSTANCES ET CORPS ETRANGERS EXOGENE ET ENDOGENE (SAI):,62,LESION PAR LA PARAFFINE,LESION PAR LA PARAFFINE,non,
3864,3,"LESION TRAUMATIQUE ET MECANIQUE, DEFORMATION ACQUISE, LESION PAR AGENT PHYSIQUE, CHIMIQUE ET MEDICAMENTEUX",38,LESION PAR SUBSTANCES ET CORPS ETRANGERS EXOGENE ET ENDOGENE (SAI):,64,OLEOME,OLEOME,non,
3870,3,"LESION TRAUMATIQUE ET MECANIQUE, DEFORMATION ACQUISE, LESION PAR AGENT PHYSIQUE, CHIMIQUE ET MEDICAMENTEUX",38,LESION PAR SUBSTANCES ET CORPS ETRANGERS EXOGENE ET ENDOGENE (SAI):,70,LESION PAR VEGETAL (SAI),LESION PAR VEGETAL (SAI),oui,
3880,3,"LESION TRAUMATIQUE ET MECANIQUE, DEFORMATION ACQUISE, LESION PAR AGENT PHYSIQUE, CHIMIQUE ET MEDICAMENTEUX",38,LESION PAR SUBSTANCES ET CORPS ETRANGERS EXOGENE ET ENDOGENE (SAI):,80,LESION PAR LE MECONIUM - PATHOLOGIE DU MECONIUM,LESION PAR LE MECONIUM - PATHOLOGIE DU MECONIUM,non,
3890,3,"LESION TRAUMATIQUE ET MECANIQUE, DEFORMATION ACQUISE, LESION PAR AGENT PHYSIQUE, CHIMIQUE ET MEDICAMENTEUX",38,LESION PAR SUBSTANCES ET CORPS ETRANGERS EXOGENE ET ENDOGENE (SAI):,90,LESION PAR VACCIN – PATHOLOGIE DUE AU VACCIN - PATHOLOGIE POST VACCINALE LESIONS IATROGENES,LESION PAR VACCIN – PATHOLOGIE DUE AU VACCIN - PATHOLOGIE POST VACCINALE LESIONS IATROGENES,non,2009 MODIF
3900,3,"LESION TRAUMATIQUE ET MECANIQUE, DEFORMATION ACQUISE, LESION PAR AGENT PHYSIQUE, CHIMIQUE ET MEDICAMENTEUX",39,LESION IATROGENE (SAI),00,LESION IATROGENE (SAI),LESION IATROGENE (SAI),oui,
3901,3,"LESION TRAUMATIQUE ET MECANIQUE, DEFORMATION ACQUISE, LESION PAR AGENT PHYSIQUE, CHIMIQUE ET MEDICAMENTEUX",39,LESION IATROGENE (SAI),01,ANESTHESIQUE (HALOTANE - METHOXYFLURANE),ANESTHESIQUE (HALOTANE - METHOXYFLURANE),non,
3902,3,"LESION TRAUMATIQUE ET MECANIQUE, DEFORMATION ACQUISE, LESION PAR AGENT PHYSIQUE, CHIMIQUE ET MEDICAMENTEUX",39,LESION IATROGENE (SAI),02,ANTICOAGULANT,ANTICOAGULANT,non,
3903,3,"LESION TRAUMATIQUE ET MECANIQUE, DEFORMATION ACQUISE, LESION PAR AGENT PHYSIQUE, CHIMIQUE ET MEDICAMENTEUX",39,LESION IATROGENE (SAI),03,CHIMIOTHERAPIE ANTICANCEREUSE,CHIMIOTHERAPIE ANTICANCEREUSE,non,
3904,3,"LESION TRAUMATIQUE ET MECANIQUE, DEFORMATION ACQUISE, LESION PAR AGENT PHYSIQUE, CHIMIQUE ET MEDICAMENTEUX",39,LESION IATROGENE (SAI),04,IMMUNOSUPPRESSEUR (SAI),IMMUNOSUPPRESSEUR (SAI),oui,1998 MODIF
3905,3,"LESION TRAUMATIQUE ET MECANIQUE, DEFORMATION ACQUISE, LESION PAR AGENT PHYSIQUE, CHIMIQUE ET MEDICAMENTEUX",39,LESION IATROGENE (SAI),05,ANTIDIABETIQUE,ANTIDIABETIQUE,non,
3906,3,"LESION TRAUMATIQUE ET MECANIQUE, DEFORMATION ACQUISE, LESION PAR AGENT PHYSIQUE, CHIMIQUE ET MEDICAMENTEUX",39,LESION IATROGENE (SAI),06,ANTIFOLIQUES EN DEHORS DE LA THERAPEUTIQUE ANTICANCEREUSE,ANTIFOLIQUES EN DEHORS DE LA THERAPEUTIQUE ANTICANCEREUSE,non,1998 AJOUT
3907,3,"LESION TRAUMATIQUE ET MECANIQUE, DEFORMATION ACQUISE, LESION PAR AGENT PHYSIQUE, CHIMIQUE ET MEDICAMENTEUX",39,LESION IATROGENE (SAI),07,ANTIHYPERTENSEUR (VASODILATATEURS ETC.),ANTIHYPERTENSEUR (VASODILATATEURS ETC.),non,
3908,3,"LESION TRAUMATIQUE ET MECANIQUE, DEFORMATION ACQUISE, LESION PAR AGENT PHYSIQUE, CHIMIQUE ET MEDICAMENTEUX",39,LESION IATROGENE (SAI),08,"ANTIINFECTIEUX (SULFAMIDE - NITROFURANTOINE - LAMPRENE, ETC.)","ANTIINFECTIEUX (SULFAMIDE - NITROFURANTOINE - LAMPRENE, ETC.)",non,
3909,3,"LESION TRAUMATIQUE ET MECANIQUE, DEFORMATION ACQUISE, LESION PAR AGENT PHYSIQUE, CHIMIQUE ET MEDICAMENTEUX",39,LESION IATROGENE (SAI),09,ANTITHYROIDIEN,ANTITHYROIDIEN,non,
3910,3,"LESION TRAUMATIQUE ET MECANIQUE, DEFORMATION ACQUISE, LESION PAR AGENT PHYSIQUE, CHIMIQUE ET MEDICAMENTEUX",39,LESION IATROGENE (SAI),10,ANTIBIOTIQUE (SAI),ANTIBIOTIQUE (SAI),oui,
3911,3,"LESION TRAUMATIQUE ET MECANIQUE, DEFORMATION ACQUISE, LESION PAR AGENT PHYSIQUE, CHIMIQUE ET MEDICAMENTEUX",39,LESION IATROGENE (SAI),11,CHLORAMPHENICOL,CHLORAMPHENICOL,non,
3912,3,"LESION TRAUMATIQUE ET MECANIQUE, DEFORMATION ACQUISE, LESION PAR AGENT PHYSIQUE, CHIMIQUE ET MEDICAMENTEUX",39,LESION IATROGENE (SAI),12,ERYTHROMYCINE,ERYTHROMYCINE,non,
3913,3,"LESION TRAUMATIQUE ET MECANIQUE, DEFORMATION ACQUISE, LESION PAR AGENT PHYSIQUE, CHIMIQUE ET MEDICAMENTEUX",39,LESION IATROGENE (SAI),13,GRISEOFULVINE,GRISEOFULVINE,non,
3914,3,"LESION TRAUMATIQUE ET MECANIQUE, DEFORMATION ACQUISE, LESION PAR AGENT PHYSIQUE, CHIMIQUE ET MEDICAMENTEUX",39,LESION IATROGENE (SAI),14,NOVOBIOCINE,NOVOBIOCINE,non,
3915,3,"LESION TRAUMATIQUE ET MECANIQUE, DEFORMATION ACQUISE, LESION PAR AGENT PHYSIQUE, CHIMIQUE ET MEDICAMENTEUX",39,LESION IATROGENE (SAI),15,PENICILLINE,PENICILLINE,non,
3916,3,"LESION TRAUMATIQUE ET MECANIQUE, DEFORMATION ACQUISE, LESION PAR AGENT PHYSIQUE, CHIMIQUE ET MEDICAMENTEUX",39,LESION IATROGENE (SAI),16,"ANTITUBERCULEUX (RIFAMPICINE , ISONIAZIDE ...)","ANTITUBERCULEUX (RIFAMPICINE , ISONIAZIDE ...)",non,1999 MODIF
3917,3,"LESION TRAUMATIQUE ET MECANIQUE, DEFORMATION ACQUISE, LESION PAR AGENT PHYSIQUE, CHIMIQUE ET MEDICAMENTEUX",39,LESION IATROGENE (SAI),17,TETRACYCLINE,TETRACYCLINE,non,
3920,3,"LESION TRAUMATIQUE ET MECANIQUE, DEFORMATION ACQUISE, LESION PAR AGENT PHYSIQUE, CHIMIQUE ET MEDICAMENTEUX",39,LESION IATROGENE (SAI),20,ANALGESIQUE ET ANTI-INFLAMMATOIRE (SAI),ANALGESIQUE ET ANTI-INFLAMMATOIRE (SAI),oui,
3921,3,"LESION TRAUMATIQUE ET MECANIQUE, DEFORMATION ACQUISE, LESION PAR AGENT PHYSIQUE, CHIMIQUE ET MEDICAMENTEUX",39,LESION IATROGENE (SAI),21,ASPIRINE ET SALICYLES,ASPIRINE ET SALICYLES,non,
3922,3,"LESION TRAUMATIQUE ET MECANIQUE, DEFORMATION ACQUISE, LESION PAR AGENT PHYSIQUE, CHIMIQUE ET MEDICAMENTEUX",39,LESION IATROGENE (SAI),22,CLOMETACINE,CLOMETACINE,non,
3923,3,"LESION TRAUMATIQUE ET MECANIQUE, DEFORMATION ACQUISE, LESION PAR AGENT PHYSIQUE, CHIMIQUE ET MEDICAMENTEUX",39,LESION IATROGENE (SAI),23,COLCHICINE,COLCHICINE,non,
3925,3,"LESION TRAUMATIQUE ET MECANIQUE, DEFORMATION ACQUISE, LESION PAR AGENT PHYSIQUE, CHIMIQUE ET MEDICAMENTEUX",39,LESION IATROGENE (SAI),25,DANTROLENE,DANTROLENE,non,
3927,3,"LESION TRAUMATIQUE ET MECANIQUE, DEFORMATION ACQUISE, LESION PAR AGENT PHYSIQUE, CHIMIQUE ET MEDICAMENTEUX",39,LESION IATROGENE (SAI),27,INDOMETACINE,INDOMETACINE,non,
3931,3,"LESION TRAUMATIQUE ET MECANIQUE, DEFORMATION ACQUISE, LESION PAR AGENT PHYSIQUE, CHIMIQUE ET MEDICAMENTEUX",39,LESION IATROGENE (SAI),31,PARACETAMOL,PARACETAMOL,non,
3933,3,"LESION TRAUMATIQUE ET MECANIQUE, DEFORMATION ACQUISE, LESION PAR AGENT PHYSIQUE, CHIMIQUE ET MEDICAMENTEUX",39,LESION IATROGENE (SAI),33,PHENACETINE,PHENACETINE,non,
3935,3,"LESION TRAUMATIQUE ET MECANIQUE, DEFORMATION ACQUISE, LESION PAR AGENT PHYSIQUE, CHIMIQUE ET MEDICAMENTEUX",39,LESION IATROGENE (SAI),35,PHENYLBUTAZONE,PHENYLBUTAZONE,non,
3936,3,"LESION TRAUMATIQUE ET MECANIQUE, DEFORMATION ACQUISE, LESION PAR AGENT PHYSIQUE, CHIMIQUE ET MEDICAMENTEUX",39,LESION IATROGENE (SAI),36,PROBENECID,PROBENECID,non,
3938,3,"LESION TRAUMATIQUE ET MECANIQUE, DEFORMATION ACQUISE, LESION PAR AGENT PHYSIQUE, CHIMIQUE ET MEDICAMENTEUX",39,LESION IATROGENE (SAI),38,ZOXAZOLAMINE,ZOXAZOLAMINE,non,
3940,3,"LESION TRAUMATIQUE ET MECANIQUE, DEFORMATION ACQUISE, LESION PAR AGENT PHYSIQUE, CHIMIQUE ET MEDICAMENTEUX",39,LESION IATROGENE (SAI),40,AGENT NEURO ET PSYCHOPHARMACOLOGIQUE (SAI),AGENT NEURO ET PSYCHOPHARMACOLOGIQUE (SAI),oui,
3941,3,"LESION TRAUMATIQUE ET MECANIQUE, DEFORMATION ACQUISE, LESION PAR AGENT PHYSIQUE, CHIMIQUE ET MEDICAMENTEUX",39,LESION IATROGENE (SAI),41,"ANTICONVULSIVANT (GARDENAL,HYDANTOINE, ETC.)","ANTICONVULSIVANT (GARDENAL,HYDANTOINE, ETC.)",non,
3942,3,"LESION TRAUMATIQUE ET MECANIQUE, DEFORMATION ACQUISE, LESION PAR AGENT PHYSIQUE, CHIMIQUE ET MEDICAMENTEUX",39,LESION IATROGENE (SAI),42,"ANTIDEPRESSEUR (IMAO,TRICYCLIQUES, ETC.)","ANTIDEPRESSEUR (IMAO,TRICYCLIQUES, ETC.)",non,
3943,3,"LESION TRAUMATIQUE ET MECANIQUE, DEFORMATION ACQUISE, LESION PAR AGENT PHYSIQUE, CHIMIQUE ET MEDICAMENTEUX",39,LESION IATROGENE (SAI),43,"ANTIPARKINSONIEN (ARTANE,DOPA, ETC.)","ANTIPARKINSONIEN (ARTANE,DOPA, ETC.)",non,
3944,3,"LESION TRAUMATIQUE ET MECANIQUE, DEFORMATION ACQUISE, LESION PAR AGENT PHYSIQUE, CHIMIQUE ET MEDICAMENTEUX",39,LESION IATROGENE (SAI),44,AMPHETAMINES,AMPHETAMINES,non,1999 AJOUT
3945,3,"LESION TRAUMATIQUE ET MECANIQUE, DEFORMATION ACQUISE, LESION PAR AGENT PHYSIQUE, CHIMIQUE ET MEDICAMENTEUX",39,LESION IATROGENE (SAI),45,MORPHINE - COCAINE - LSD - HEROINE,MORPHINE - COCAINE - LSD - HEROINE,non,1999 MODIF
3946,3,"LESION TRAUMATIQUE ET MECANIQUE, DEFORMATION ACQUISE, LESION PAR AGENT PHYSIQUE, CHIMIQUE ET MEDICAMENTEUX",39,LESION IATROGENE (SAI),46,NEUROLEPTIQUE (PHENOTHIAZINE),NEUROLEPTIQUE (PHENOTHIAZINE),non,
3948,3,"LESION TRAUMATIQUE ET MECANIQUE, DEFORMATION ACQUISE, LESION PAR AGENT PHYSIQUE, CHIMIQUE ET MEDICAMENTEUX",39,LESION IATROGENE (SAI),48,TRANQUILLISANT,TRANQUILLISANT,non,
3950,3,"LESION TRAUMATIQUE ET MECANIQUE, DEFORMATION ACQUISE, LESION PAR AGENT PHYSIQUE, CHIMIQUE ET MEDICAMENTEUX",39,LESION IATROGENE (SAI),50,HORMONE (SAI),HORMONE (SAI),oui,
3951,3,"LESION TRAUMATIQUE ET MECANIQUE, DEFORMATION ACQUISE, LESION PAR AGENT PHYSIQUE, CHIMIQUE ET MEDICAMENTEUX",39,LESION IATROGENE (SAI),51,ANDROGENE,ANDROGENE,non,
3952,3,"LESION TRAUMATIQUE ET MECANIQUE, DEFORMATION ACQUISE, LESION PAR AGENT PHYSIQUE, CHIMIQUE ET MEDICAMENTEUX",39,LESION IATROGENE (SAI),52,CONTRACEPTIF (SAI),CONTRACEPTIF (SAI),oui,
3953,3,"LESION TRAUMATIQUE ET MECANIQUE, DEFORMATION ACQUISE, LESION PAR AGENT PHYSIQUE, CHIMIQUE ET MEDICAMENTEUX",39,LESION IATROGENE (SAI),53,PROGESTATIF,PROGESTATIF,non,
3954,3,"LESION TRAUMATIQUE ET MECANIQUE, DEFORMATION ACQUISE, LESION PAR AGENT PHYSIQUE, CHIMIQUE ET MEDICAMENTEUX",39,LESION IATROGENE (SAI),54,OESTROGENE,OESTROGENE,non,
3955,3,"LESION TRAUMATIQUE ET MECANIQUE, DEFORMATION ACQUISE, LESION PAR AGENT PHYSIQUE, CHIMIQUE ET MEDICAMENTEUX",39,LESION IATROGENE (SAI),55,EXPOSITION AU DIETHYLSTILBOESTROL,EXPOSITION AU DIETHYLSTILBOESTROL,non,1997 AJOUT
3956,3,"LESION TRAUMATIQUE ET MECANIQUE, DEFORMATION ACQUISE, LESION PAR AGENT PHYSIQUE, CHIMIQUE ET MEDICAMENTEUX",39,LESION IATROGENE (SAI),56,CORTICOIDES,CORTICOIDES,non,
3957,3,"LESION TRAUMATIQUE ET MECANIQUE, DEFORMATION ACQUISE, LESION PAR AGENT PHYSIQUE, CHIMIQUE ET MEDICAMENTEUX",39,LESION IATROGENE (SAI),57,ACTH,ACTH,non,
3958,3,"LESION TRAUMATIQUE ET MECANIQUE, DEFORMATION ACQUISE, LESION PAR AGENT PHYSIQUE, CHIMIQUE ET MEDICAMENTEUX",39,LESION IATROGENE (SAI),58,ADRENALINE,ADRENALINE,non,
3959,3,"LESION TRAUMATIQUE ET MECANIQUE, DEFORMATION ACQUISE, LESION PAR AGENT PHYSIQUE, CHIMIQUE ET MEDICAMENTEUX",39,LESION IATROGENE (SAI),59,"ANTIHORMONES (ANTIANDROGENES, ANTIOESTROGENES)","ANTIHORMONES (ANTIANDROGENES, ANTIOESTROGENES)",non,1997 AJOUT
3960,3,"LESION TRAUMATIQUE ET MECANIQUE, DEFORMATION ACQUISE, LESION PAR AGENT PHYSIQUE, CHIMIQUE ET MEDICAMENTEUX",39,LESION IATROGENE (SAI),60,MEDICAMENTS DIVERS (NCA) (DOUBLE CODAGE AVEC LE NOM DU MEDICAMENT EN CODE LIBRE),MEDICAMENTS DIVERS (NCA) (DOUBLE CODAGE AVEC LE NOM DU MEDICAMENT EN CODE LIBRE),non,1999 MODIF
3961,3,"LESION TRAUMATIQUE ET MECANIQUE, DEFORMATION ACQUISE, LESION PAR AGENT PHYSIQUE, CHIMIQUE ET MEDICAMENTEUX",39,LESION IATROGENE (SAI),61,AJMALINE,AJMALINE,non,
3962,3,"LESION TRAUMATIQUE ET MECANIQUE, DEFORMATION ACQUISE, LESION PAR AGENT PHYSIQUE, CHIMIQUE ET MEDICAMENTEUX",39,LESION IATROGENE (SAI),62,CHLORURE DE POTASSIUM,CHLORURE DE POTASSIUM,non,
3963,3,"LESION TRAUMATIQUE ET MECANIQUE, DEFORMATION ACQUISE, LESION PAR AGENT PHYSIQUE, CHIMIQUE ET MEDICAMENTEUX",39,LESION IATROGENE (SAI),63,DERIVE DE L'ERGOT DE SEIGLE - METHYSERGIDE,DERIVE DE L'ERGOT DE SEIGLE - METHYSERGIDE,non,
3964,3,"LESION TRAUMATIQUE ET MECANIQUE, DEFORMATION ACQUISE, LESION PAR AGENT PHYSIQUE, CHIMIQUE ET MEDICAMENTEUX",39,LESION IATROGENE (SAI),64,DIURETIQUE,DIURETIQUE,non,
3965,3,"LESION TRAUMATIQUE ET MECANIQUE, DEFORMATION ACQUISE, LESION PAR AGENT PHYSIQUE, CHIMIQUE ET MEDICAMENTEUX",39,LESION IATROGENE (SAI),65,LAXATIF,LAXATIF,non,
3966,3,"LESION TRAUMATIQUE ET MECANIQUE, DEFORMATION ACQUISE, LESION PAR AGENT PHYSIQUE, CHIMIQUE ET MEDICAMENTEUX",39,LESION IATROGENE (SAI),66,ANTIMALARIQUE,ANTIMALARIQUE,non,
3967,3,"LESION TRAUMATIQUE ET MECANIQUE, DEFORMATION ACQUISE, LESION PAR AGENT PHYSIQUE, CHIMIQUE ET MEDICAMENTEUX",39,LESION IATROGENE (SAI),67,"OPACIFIANT (BARYTE - LIPIODOL, ETC.)","OPACIFIANT (BARYTE - LIPIODOL, ETC.)",non,
3968,3,"LESION TRAUMATIQUE ET MECANIQUE, DEFORMATION ACQUISE, LESION PAR AGENT PHYSIQUE, CHIMIQUE ET MEDICAMENTEUX",39,LESION IATROGENE (SAI),68,SUBSTANCE MACROMOLECULAIRE (POLYVINYLPYRROLIDONE - DEXTRAN),SUBSTANCE MACROMOLECULAIRE (POLYVINYLPYRROLIDONE - DEXTRAN),non,
3969,3,"LESION TRAUMATIQUE ET MECANIQUE, DEFORMATION ACQUISE, LESION PAR AGENT PHYSIQUE, CHIMIQUE ET MEDICAMENTEUX",39,LESION IATROGENE (SAI),69,SANG ET SES DERIVES – PATHOLOGIE DE LA TRANSFUSION,SANG ET SES DERIVES – PATHOLOGIE DE LA TRANSFUSION,non,
3970,3,"LESION TRAUMATIQUE ET MECANIQUE, DEFORMATION ACQUISE, LESION PAR AGENT PHYSIQUE, CHIMIQUE ET MEDICAMENTEUX",39,LESION IATROGENE (SAI),70,COMPLICATION D'ORIGINE CHIRURGICALE ET INSTRUMENTALE (SAI),COMPLICATION D'ORIGINE CHIRURGICALE ET INSTRUMENTALE (SAI),oui,
3971,3,"LESION TRAUMATIQUE ET MECANIQUE, DEFORMATION ACQUISE, LESION PAR AGENT PHYSIQUE, CHIMIQUE ET MEDICAMENTEUX",39,LESION IATROGENE (SAI),71,COMPLICATION DES CATHETERISMES ET DES SONDES,COMPLICATION DES CATHETERISMES ET DES SONDES,non,
3972,3,"LESION TRAUMATIQUE ET MECANIQUE, DEFORMATION ACQUISE, LESION PAR AGENT PHYSIQUE, CHIMIQUE ET MEDICAMENTEUX",39,LESION IATROGENE (SAI),72,COMPLICATION CARDIAQUES DE LA CIRCULATION EXTRA-CORPORELLE,COMPLICATION CARDIAQUES DE LA CIRCULATION EXTRA-CORPORELLE,non,
3973,3,"LESION TRAUMATIQUE ET MECANIQUE, DEFORMATION ACQUISE, LESION PAR AGENT PHYSIQUE, CHIMIQUE ET MEDICAMENTEUX",39,LESION IATROGENE (SAI),73,PATHOLOGIE DES SUTURES,PATHOLOGIE DES SUTURES,non,
3974,3,"LESION TRAUMATIQUE ET MECANIQUE, DEFORMATION ACQUISE, LESION PAR AGENT PHYSIQUE, CHIMIQUE ET MEDICAMENTEUX",39,LESION IATROGENE (SAI),74,PATHOLOGIE DES DERIVATIONS (SAI),PATHOLOGIE DES DERIVATIONS (SAI),oui,
3975,3,"LESION TRAUMATIQUE ET MECANIQUE, DEFORMATION ACQUISE, LESION PAR AGENT PHYSIQUE, CHIMIQUE ET MEDICAMENTEUX",39,LESION IATROGENE (SAI),75,COMPLICATION DES ENDOSCOPIES ET RESECTIONS,COMPLICATION DES ENDOSCOPIES ET RESECTIONS,non,
3976,3,"LESION TRAUMATIQUE ET MECANIQUE, DEFORMATION ACQUISE, LESION PAR AGENT PHYSIQUE, CHIMIQUE ET MEDICAMENTEUX",39,LESION IATROGENE (SAI),76,INFARCTUS PER ET POST OPERATOIRE,INFARCTUS PER ET POST OPERATOIRE,non,
3977,3,"LESION TRAUMATIQUE ET MECANIQUE, DEFORMATION ACQUISE, LESION PAR AGENT PHYSIQUE, CHIMIQUE ET MEDICAMENTEUX",39,LESION IATROGENE (SAI),77,RESTENOSE SUR COMMISSUROTOMIE OU ANASTOMOSE,RESTENOSE SUR COMMISSUROTOMIE OU ANASTOMOSE,non,
3978,3,"LESION TRAUMATIQUE ET MECANIQUE, DEFORMATION ACQUISE, LESION PAR AGENT PHYSIQUE, CHIMIQUE ET MEDICAMENTEUX",39,LESION IATROGENE (SAI),78,ACCIDENT ET COMPLICATION DES PONCTIONS D'ORGANES,ACCIDENT ET COMPLICATION DES PONCTIONS D'ORGANES,non,
3979,3,"LESION TRAUMATIQUE ET MECANIQUE, DEFORMATION ACQUISE, LESION PAR AGENT PHYSIQUE, CHIMIQUE ET MEDICAMENTEUX",39,LESION IATROGENE (SAI),79,PATHOLOGIE DES MOIGNONS,PATHOLOGIE DES MOIGNONS,non,
3980,3,"LESION TRAUMATIQUE ET MECANIQUE, DEFORMATION ACQUISE, LESION PAR AGENT PHYSIQUE, CHIMIQUE ET MEDICAMENTEUX",39,LESION IATROGENE (SAI),80,"PATHOLOGIE DES PLASTIES, DES PROTHESES ET DES GREFFES (SAI) (SAUF","PATHOLOGIE DES PLASTIES, DES PROTHESES ET DES GREFFES (SAI) (SAUF",oui,
3982,3,"LESION TRAUMATIQUE ET MECANIQUE, DEFORMATION ACQUISE, LESION PAR AGENT PHYSIQUE, CHIMIQUE ET MEDICAMENTEUX",39,LESION IATROGENE (SAI),82,PATHOLOGIE DES PROTHESES METALLIQUES (SAI),PATHOLOGIE DES PROTHESES METALLIQUES (SAI),oui,
3984,3,"LESION TRAUMATIQUE ET MECANIQUE, DEFORMATION ACQUISE, LESION PAR AGENT PHYSIQUE, CHIMIQUE ET MEDICAMENTEUX",39,LESION IATROGENE (SAI),84,PATHOLOGIE DES BIOPROTHESES (SAI),PATHOLOGIE DES BIOPROTHESES (SAI),oui,
3985,3,"LESION TRAUMATIQUE ET MECANIQUE, DEFORMATION ACQUISE, LESION PAR AGENT PHYSIQUE, CHIMIQUE ET MEDICAMENTEUX",39,LESION IATROGENE (SAI),85,PATHOLOGIE DES GREFFONS VASCULAIRES (SAI),PATHOLOGIE DES GREFFONS VASCULAIRES (SAI),oui,
3986,3,"LESION TRAUMATIQUE ET MECANIQUE, DEFORMATION ACQUISE, LESION PAR AGENT PHYSIQUE, CHIMIQUE ET MEDICAMENTEUX",39,LESION IATROGENE (SAI),86,PATHOLOGIE DES STIMULATEURS (SAI),PATHOLOGIE DES STIMULATEURS (SAI),oui,
3988,3,"LESION TRAUMATIQUE ET MECANIQUE, DEFORMATION ACQUISE, LESION PAR AGENT PHYSIQUE, CHIMIQUE ET MEDICAMENTEUX",39,LESION IATROGENE (SAI),88,LESION ET DYSFONCTIONNEMENT DES PLASTIES ET DES PROTHESES,LESION ET DYSFONCTIONNEMENT DES PLASTIES ET DES PROTHESES,non,
3990,3,"LESION TRAUMATIQUE ET MECANIQUE, DEFORMATION ACQUISE, LESION PAR AGENT PHYSIQUE, CHIMIQUE ET MEDICAMENTEUX",39,LESION IATROGENE (SAI),90,"REANIMATION, VENTILATION ASSISTEE, PERFUSION, NUTRITION","REANIMATION, VENTILATION ASSISTEE, PERFUSION, NUTRITION",non,
3991,3,"LESION TRAUMATIQUE ET MECANIQUE, DEFORMATION ACQUISE, LESION PAR AGENT PHYSIQUE, CHIMIQUE ET MEDICAMENTEUX",39,LESION IATROGENE (SAI),91,LESION DE LA REANIMATION,LESION DE LA REANIMATION,non,
3992,3,"LESION TRAUMATIQUE ET MECANIQUE, DEFORMATION ACQUISE, LESION PAR AGENT PHYSIQUE, CHIMIQUE ET MEDICAMENTEUX",39,LESION IATROGENE (SAI),92,LESION VISCERALE DU BAS DEBIT,LESION VISCERALE DU BAS DEBIT,non,
3993,3,"LESION TRAUMATIQUE ET MECANIQUE, DEFORMATION ACQUISE, LESION PAR AGENT PHYSIQUE, CHIMIQUE ET MEDICAMENTEUX",39,LESION IATROGENE (SAI),93,PATHOLOGIE DE L'EPURATION RENALE,PATHOLOGIE DE L'EPURATION RENALE,non,
3994,3,"LESION TRAUMATIQUE ET MECANIQUE, DEFORMATION ACQUISE, LESION PAR AGENT PHYSIQUE, CHIMIQUE ET MEDICAMENTEUX",39,LESION IATROGENE (SAI),94,LESION DE LA VENTILATION ASSISTEE,LESION DE LA VENTILATION ASSISTEE,non,
3997,3,"LESION TRAUMATIQUE ET MECANIQUE, DEFORMATION ACQUISE, LESION PAR AGENT PHYSIQUE, CHIMIQUE ET MEDICAMENTEUX",39,LESION IATROGENE (SAI),97,PATHOLOGIE DES DIALYSES PERITONEALES,PATHOLOGIE DES DIALYSES PERITONEALES,non,
3998,3,"LESION TRAUMATIQUE ET MECANIQUE, DEFORMATION ACQUISE, LESION PAR AGENT PHYSIQUE, CHIMIQUE ET MEDICAMENTEUX",39,LESION IATROGENE (SAI),98,LESION DE PERFUSION ET NUTRITION PARENTERALE,LESION DE PERFUSION ET NUTRITION PARENTERALE,non,
3999,3,"LESION TRAUMATIQUE ET MECANIQUE, DEFORMATION ACQUISE, LESION PAR AGENT PHYSIQUE, CHIMIQUE ET MEDICAMENTEUX",39,LESION IATROGENE (SAI),99,PATHOLOGIE IATROGENE SUSPECTEE 4 - TROUBLE VASCULAIRE CONGESTION - CHOC - OEDEME,PATHOLOGIE IATROGENE SUSPECTEE 4 - TROUBLE VASCULAIRE CONGESTION - CHOC - OEDEME,non,
4000,4,TROUBLE VASCULAIRE,40,LESION DE CONGESTION ET DE STASE SANGUINE (SAI),00,LESION DE CONGESTION ET DE STASE SANGUINE (SAI),LESION DE CONGESTION ET DE STASE SANGUINE (SAI),oui,
4010,4,TROUBLE VASCULAIRE,40,LESION DE CONGESTION ET DE STASE SANGUINE (SAI),10,LESION DE CONGESTION ET DE STASE CARDIAQUE SANS FIBROSE,LESION DE CONGESTION ET DE STASE CARDIAQUE SANS FIBROSE,non,
4020,4,TROUBLE VASCULAIRE,40,LESION DE CONGESTION ET DE STASE SANGUINE (SAI),20,LESION DE CONGESTION ET STASE CARDIAQUE AVEC FIBROSE,LESION DE CONGESTION ET STASE CARDIAQUE AVEC FIBROSE,non,
4030,4,TROUBLE VASCULAIRE,40,LESION DE CONGESTION ET DE STASE SANGUINE (SAI),30,PELIOSE,PELIOSE,non,
4040,4,TROUBLE VASCULAIRE,40,LESION DE CONGESTION ET DE STASE SANGUINE (SAI),40,LESION DU CHOC - COLLAPSUS VASCULAIRE (SAI),LESION DU CHOC - COLLAPSUS VASCULAIRE (SAI),oui,
4100,4,TROUBLE VASCULAIRE,41,OEDEME ET EPANCHEMENT NON INFLAMMATOIRE (SAI),00,OEDEME ET EPANCHEMENT NON INFLAMMATOIRE (SAI),OEDEME ET EPANCHEMENT NON INFLAMMATOIRE (SAI),oui,
4110,4,TROUBLE VASCULAIRE,41,OEDEME ET EPANCHEMENT NON INFLAMMATOIRE (SAI),10,OEDEME NON INFLAMMATOIRE (SAI),OEDEME NON INFLAMMATOIRE (SAI),oui,
4112,4,TROUBLE VASCULAIRE,41,OEDEME ET EPANCHEMENT NON INFLAMMATOIRE (SAI),12,OEDEME AIGU,OEDEME AIGU,non,
4120,4,TROUBLE VASCULAIRE,41,OEDEME ET EPANCHEMENT NON INFLAMMATOIRE (SAI),20,STASE LYMPHATIQUE - LYMPHOEDEME - ELEPHANTIASIS,STASE LYMPHATIQUE - LYMPHOEDEME - ELEPHANTIASIS,non,
4130,4,TROUBLE VASCULAIRE,41,OEDEME ET EPANCHEMENT NON INFLAMMATOIRE (SAI),30,SCLEROEDEME,SCLEROEDEME,non,
4140,4,TROUBLE VASCULAIRE,41,OEDEME ET EPANCHEMENT NON INFLAMMATOIRE (SAI),40,EPANCHEMENT NON INFLAMMATOIRE (SAI),EPANCHEMENT NON INFLAMMATOIRE (SAI),oui,
4150,4,TROUBLE VASCULAIRE,41,OEDEME ET EPANCHEMENT NON INFLAMMATOIRE (SAI),50,ANASARQUE (SAI) HEMORRAGIES - HEMATOMES,ANASARQUE (SAI) HEMORRAGIES - HEMATOMES,oui,
4200,4,TROUBLE VASCULAIRE,42,HEMORRAGIE - HEMATOME - CAILLOT SANGUIN (SAI),00,HEMORRAGIE - HEMATOME - CAILLOT SANGUIN (SAI),HEMORRAGIE - HEMATOME - CAILLOT SANGUIN (SAI),oui,
4201,4,TROUBLE VASCULAIRE,42,HEMORRAGIE - HEMATOME - CAILLOT SANGUIN (SAI),01,CAILLOT SANGUIN (SAI),CAILLOT SANGUIN (SAI),oui,
4210,4,TROUBLE VASCULAIRE,42,HEMORRAGIE - HEMATOME - CAILLOT SANGUIN (SAI),10,HEMORRAGIE (SAI),HEMORRAGIE (SAI),oui,
4211,4,TROUBLE VASCULAIRE,42,HEMORRAGIE - HEMATOME - CAILLOT SANGUIN (SAI),11,HEMORRAGIE EXTERNE,HEMORRAGIE EXTERNE,non,
4212,4,TROUBLE VASCULAIRE,42,HEMORRAGIE - HEMATOME - CAILLOT SANGUIN (SAI),12,HEMORRAGIE INTERNE,HEMORRAGIE INTERNE,non,
4213,4,TROUBLE VASCULAIRE,42,HEMORRAGIE - HEMATOME - CAILLOT SANGUIN (SAI),13,HEMORRAGIE LOCALISEE,HEMORRAGIE LOCALISEE,non,
4214,4,TROUBLE VASCULAIRE,42,HEMORRAGIE - HEMATOME - CAILLOT SANGUIN (SAI),14,HEMORRAGIE DIFFUSE,HEMORRAGIE DIFFUSE,non,
4215,4,TROUBLE VASCULAIRE,42,HEMORRAGIE - HEMATOME - CAILLOT SANGUIN (SAI),15,HEMORRAGIE PAR RUPTURE DE VAISSEAUX NORMAUX OU PATHOLOGIQUES,HEMORRAGIE PAR RUPTURE DE VAISSEAUX NORMAUX OU PATHOLOGIQUES,non,
4216,4,TROUBLE VASCULAIRE,42,HEMORRAGIE - HEMATOME - CAILLOT SANGUIN (SAI),16,HEMORRAGIE PAR ERYTHRODIAPEDESE,HEMORRAGIE PAR ERYTHRODIAPEDESE,non,
4217,4,TROUBLE VASCULAIRE,42,HEMORRAGIE - HEMATOME - CAILLOT SANGUIN (SAI),17,SUFFUSION HEMORRAGIQUE,SUFFUSION HEMORRAGIQUE,non,2003 AJOUT
4218,4,TROUBLE VASCULAIRE,42,HEMORRAGIE - HEMATOME - CAILLOT SANGUIN (SAI),18,HEMORRAGIE PAR TROUBLE DE LA COAGULATION,HEMORRAGIE PAR TROUBLE DE LA COAGULATION,non,
4220,4,TROUBLE VASCULAIRE,42,HEMORRAGIE - HEMATOME - CAILLOT SANGUIN (SAI),20,PURPURA SANS VASCULARITE (SAI),PURPURA SANS VASCULARITE (SAI),oui,
4221,4,TROUBLE VASCULAIRE,42,HEMORRAGIE - HEMATOME - CAILLOT SANGUIN (SAI),21,PURPURA SENILE,PURPURA SENILE,non,
4222,4,TROUBLE VASCULAIRE,42,HEMORRAGIE - HEMATOME - CAILLOT SANGUIN (SAI),22,PURPURA PIGMENTE CHRONIQUE,PURPURA PIGMENTE CHRONIQUE,non,
4223,4,TROUBLE VASCULAIRE,42,HEMORRAGIE - HEMATOME - CAILLOT SANGUIN (SAI),23,PURPURA CRYOGLOBULINEMIQUE,PURPURA CRYOGLOBULINEMIQUE,non,
4225,4,TROUBLE VASCULAIRE,42,HEMORRAGIE - HEMATOME - CAILLOT SANGUIN (SAI),25,PURPURA DES ANTICOAGULANTS,PURPURA DES ANTICOAGULANTS,non,
4226,4,TROUBLE VASCULAIRE,42,HEMORRAGIE - HEMATOME - CAILLOT SANGUIN (SAI),26,PURPURA FULMINANS,PURPURA FULMINANS,non,
4229,4,TROUBLE VASCULAIRE,42,HEMORRAGIE - HEMATOME - CAILLOT SANGUIN (SAI),29,LICHEN PURPURIQUE,LICHEN PURPURIQUE,non,
4230,4,TROUBLE VASCULAIRE,42,HEMORRAGIE - HEMATOME - CAILLOT SANGUIN (SAI),30,PURPURA AVEC VASCULARITE (SAI),PURPURA AVEC VASCULARITE (SAI),oui,
4231,4,TROUBLE VASCULAIRE,42,HEMORRAGIE - HEMATOME - CAILLOT SANGUIN (SAI),31,OEDEME AIGU HEMORRAGIQUE DU NOURRISSON,OEDEME AIGU HEMORRAGIQUE DU NOURRISSON,non,
4233,4,TROUBLE VASCULAIRE,42,HEMORRAGIE - HEMATOME - CAILLOT SANGUIN (SAI),33,VASCULARITE HYPOCOMPLEMENTEMIQUE DE MAC DUFFIE,VASCULARITE HYPOCOMPLEMENTEMIQUE DE MAC DUFFIE,non,
4235,4,TROUBLE VASCULAIRE,42,HEMORRAGIE - HEMATOME - CAILLOT SANGUIN (SAI),35,PURPURA HYPERGLOBULINEMIQUE DE WALDENSTROM,PURPURA HYPERGLOBULINEMIQUE DE WALDENSTROM,non,
4240,4,TROUBLE VASCULAIRE,42,HEMORRAGIE - HEMATOME - CAILLOT SANGUIN (SAI),40,HEMATOME (SAI),HEMATOME (SAI),oui,
4241,4,TROUBLE VASCULAIRE,42,HEMORRAGIE - HEMATOME - CAILLOT SANGUIN (SAI),41,HEMATOME SPONTANE OU PRIMITIF,HEMATOME SPONTANE OU PRIMITIF,non,
4242,4,TROUBLE VASCULAIRE,42,HEMORRAGIE - HEMATOME - CAILLOT SANGUIN (SAI),42,HEMATOME SECONDAIRE,HEMATOME SECONDAIRE,non,
4244,4,TROUBLE VASCULAIRE,42,HEMORRAGIE - HEMATOME - CAILLOT SANGUIN (SAI),44,HEMATOME AIGU,HEMATOME AIGU,non,
4245,4,TROUBLE VASCULAIRE,42,HEMORRAGIE - HEMATOME - CAILLOT SANGUIN (SAI),45,HEMATOME CHRONIQUE ET ORGANISE,HEMATOME CHRONIQUE ET ORGANISE,non,
4247,4,TROUBLE VASCULAIRE,42,HEMORRAGIE - HEMATOME - CAILLOT SANGUIN (SAI),47,HEMATOME CALCIFIE,HEMATOME CALCIFIE,non,
4249,4,TROUBLE VASCULAIRE,42,HEMORRAGIE - HEMATOME - CAILLOT SANGUIN (SAI),49,HEMATOME SUPPURE,HEMATOME SUPPURE,non,
4260,4,TROUBLE VASCULAIRE,42,HEMORRAGIE - HEMATOME - CAILLOT SANGUIN (SAI),60,HEMATOCELE - PSEUDOKYSTE HEMORRAGIQUE - HEMATOME ENKYSTE (SAI),HEMATOCELE - PSEUDOKYSTE HEMORRAGIQUE - HEMATOME ENKYSTE (SAI),oui,
4270,4,TROUBLE VASCULAIRE,42,HEMORRAGIE - HEMATOME - CAILLOT SANGUIN (SAI),70,HEMATOME D'UN TYPE PARTICULIER,HEMATOME D'UN TYPE PARTICULIER,non,
4271,4,TROUBLE VASCULAIRE,42,HEMORRAGIE - HEMATOME - CAILLOT SANGUIN (SAI),71,HEMATOME DECIDUAL BASAL,HEMATOME DECIDUAL BASAL,non,
4272,4,TROUBLE VASCULAIRE,42,HEMORRAGIE - HEMATOME - CAILLOT SANGUIN (SAI),72,HEMATOME DEDICUAL MARGINAL,HEMATOME DEDICUAL MARGINAL,non,
4273,4,TROUBLE VASCULAIRE,42,HEMORRAGIE - HEMATOME - CAILLOT SANGUIN (SAI),73,BOSSE SERO SANGUINE,BOSSE SERO SANGUINE,non,1992 AJOUT
4274,4,TROUBLE VASCULAIRE,42,HEMORRAGIE - HEMATOME - CAILLOT SANGUIN (SAI),74,CEPHALHEMATOME - HEMATOME PERIOSTE,CEPHALHEMATOME - HEMATOME PERIOSTE,non,1992 AJOUT
4275,4,TROUBLE VASCULAIRE,42,HEMORRAGIE - HEMATOME - CAILLOT SANGUIN (SAI),75,HEMATOME EXTRADURAL,HEMATOME EXTRADURAL,non,
4276,4,TROUBLE VASCULAIRE,42,HEMORRAGIE - HEMATOME - CAILLOT SANGUIN (SAI),76,HEMATOME SOUS DURAL AIGU,HEMATOME SOUS DURAL AIGU,non,
4277,4,TROUBLE VASCULAIRE,42,HEMORRAGIE - HEMATOME - CAILLOT SANGUIN (SAI),77,HEMATOME SOUS DURAL CHRONIQUE,HEMATOME SOUS DURAL CHRONIQUE,non,
4278,4,TROUBLE VASCULAIRE,42,HEMORRAGIE - HEMATOME - CAILLOT SANGUIN (SAI),78,HEMORRAGIE SOUS ARACHNOIDIENNE,HEMORRAGIE SOUS ARACHNOIDIENNE,non,
4279,4,TROUBLE VASCULAIRE,42,HEMORRAGIE - HEMATOME - CAILLOT SANGUIN (SAI),79,HEMATOME SOUS CAPSULAIRE,HEMATOME SOUS CAPSULAIRE,non,1992 AJOUT
4280,4,TROUBLE VASCULAIRE,42,HEMORRAGIE - HEMATOME - CAILLOT SANGUIN (SAI),80,VISCEROCELE HEMORRAGIQUE - EPANCHEMENT HEMORRAGIQUE,VISCEROCELE HEMORRAGIQUE - EPANCHEMENT HEMORRAGIQUE,non,
4290,4,TROUBLE VASCULAIRE,42,HEMORRAGIE - HEMATOME - CAILLOT SANGUIN (SAI),90,CICATRICE ET SEQUELLE D'HEMORRAGIE (SAI),CICATRICE ET SEQUELLE D'HEMORRAGIE (SAI),oui,
4291,4,TROUBLE VASCULAIRE,42,HEMORRAGIE - HEMATOME - CAILLOT SANGUIN (SAI),91,NODULE SIDEROCALCAIRE THROMBOSES - EMBOLIES,NODULE SIDEROCALCAIRE THROMBOSES - EMBOLIES,non,
4300,4,TROUBLE VASCULAIRE,43,OBLITERATIONS VASCULAIRES (SAI),00,OBLITERATIONS VASCULAIRES (SAI),OBLITERATIONS VASCULAIRES (SAI),oui,
4310,4,TROUBLE VASCULAIRE,43,OBLITERATIONS VASCULAIRES (SAI),10,THROMBOSE (SAI) - THROMBI (SAI),THROMBOSE (SAI) - THROMBI (SAI),oui,
4312,4,TROUBLE VASCULAIRE,43,OBLITERATIONS VASCULAIRES (SAI),12,THROMBOSE CAPILLAIRE (SAI),THROMBOSE CAPILLAIRE (SAI),oui,
4314,4,TROUBLE VASCULAIRE,43,OBLITERATIONS VASCULAIRES (SAI),14,COAGULATION INTRAVASCULAIRE DISSEMINEE,COAGULATION INTRAVASCULAIRE DISSEMINEE,non,
4316,4,TROUBLE VASCULAIRE,43,OBLITERATIONS VASCULAIRES (SAI),16,THROMBOSE ARTERIELLE,THROMBOSE ARTERIELLE,non,
4318,4,TROUBLE VASCULAIRE,43,OBLITERATIONS VASCULAIRES (SAI),18,THROMBOSE VEINEUSE - THROMBOPHLEBITE,THROMBOSE VEINEUSE - THROMBOPHLEBITE,non,
4321,4,TROUBLE VASCULAIRE,43,OBLITERATIONS VASCULAIRES (SAI),21,THROMBOSE MURALE,THROMBOSE MURALE,non,
4323,4,TROUBLE VASCULAIRE,43,OBLITERATIONS VASCULAIRES (SAI),23,THROMBOSE ORGANISEE,THROMBOSE ORGANISEE,non,
4325,4,TROUBLE VASCULAIRE,43,OBLITERATIONS VASCULAIRES (SAI),25,THROMBOSE SUPPUREE,THROMBOSE SUPPUREE,non,
4326,4,TROUBLE VASCULAIRE,43,OBLITERATIONS VASCULAIRES (SAI),26,THROMBOSE NEOPLASIQUE,THROMBOSE NEOPLASIQUE,non,1992 AJOUT
4330,4,TROUBLE VASCULAIRE,43,OBLITERATIONS VASCULAIRES (SAI),30,THROMBOSE INTRAVISCERALE (SAI),THROMBOSE INTRAVISCERALE (SAI),oui,
4331,4,TROUBLE VASCULAIRE,43,OBLITERATIONS VASCULAIRES (SAI),31,THROMBOSE INTRAVISCERALE MASSIVE,THROMBOSE INTRAVISCERALE MASSIVE,non,
4332,4,TROUBLE VASCULAIRE,43,OBLITERATIONS VASCULAIRES (SAI),32,THROMBOSE INTRAVISCERALE PARTIELLE,THROMBOSE INTRAVISCERALE PARTIELLE,non,
4334,4,TROUBLE VASCULAIRE,43,OBLITERATIONS VASCULAIRES (SAI),34,THROMBOSE INTRACAVITAIRE,THROMBOSE INTRACAVITAIRE,non,
4360,4,TROUBLE VASCULAIRE,43,OBLITERATIONS VASCULAIRES (SAI),60,EMBOLE PAR CAILLOT SANGUIN (SAI),EMBOLE PAR CAILLOT SANGUIN (SAI),oui,
4361,4,TROUBLE VASCULAIRE,43,OBLITERATIONS VASCULAIRES (SAI),61,EMBOLE PAR CAILLOT SANGUIN D'ORIGINE CARDIAQUE,EMBOLE PAR CAILLOT SANGUIN D'ORIGINE CARDIAQUE,non,
4362,4,TROUBLE VASCULAIRE,43,OBLITERATIONS VASCULAIRES (SAI),62,EMBOLE PAR CAILLOT SANGUIN D'ORIGINE ARTERIELLE,EMBOLE PAR CAILLOT SANGUIN D'ORIGINE ARTERIELLE,non,
4363,4,TROUBLE VASCULAIRE,43,OBLITERATIONS VASCULAIRES (SAI),63,EMBOLE PAR CAILLOT SANGUIN D'ORIGINE VEINEUSE,EMBOLE PAR CAILLOT SANGUIN D'ORIGINE VEINEUSE,non,
4364,4,TROUBLE VASCULAIRE,43,OBLITERATIONS VASCULAIRES (SAI),64,EMBOLE PAR CAILLOT SANGUIN : VOIE PARADOXALE,EMBOLE PAR CAILLOT SANGUIN : VOIE PARADOXALE,non,
4370,4,TROUBLE VASCULAIRE,43,OBLITERATIONS VASCULAIRES (SAI),70,EMBOLE SOLIDE (SAI),EMBOLE SOLIDE (SAI),oui,
4371,4,TROUBLE VASCULAIRE,43,OBLITERATIONS VASCULAIRES (SAI),71,EMBOLE ATHEROMATEUX,EMBOLE ATHEROMATEUX,non,
4372,4,TROUBLE VASCULAIRE,43,OBLITERATIONS VASCULAIRES (SAI),72,EMBOLE DE CHOLESTEROL,EMBOLE DE CHOLESTEROL,non,
4373,4,TROUBLE VASCULAIRE,43,OBLITERATIONS VASCULAIRES (SAI),73,EMBOLE MEDULLAIRE,EMBOLE MEDULLAIRE,non,
4375,4,TROUBLE VASCULAIRE,43,OBLITERATIONS VASCULAIRES (SAI),75,EMBOLE MICROBIEN,EMBOLE MICROBIEN,non,
4376,4,TROUBLE VASCULAIRE,43,OBLITERATIONS VASCULAIRES (SAI),76,EMBOLE NEOPLASIQUE,EMBOLE NEOPLASIQUE,non,
4377,4,TROUBLE VASCULAIRE,43,OBLITERATIONS VASCULAIRES (SAI),77,EMBOLE PARASITAIRE,EMBOLE PARASITAIRE,non,
4378,4,TROUBLE VASCULAIRE,43,OBLITERATIONS VASCULAIRES (SAI),78,EMBOLE TROPHOBLASTIQUE,EMBOLE TROPHOBLASTIQUE,non,
4379,4,TROUBLE VASCULAIRE,43,OBLITERATIONS VASCULAIRES (SAI),79,EMBOLE PAR CORPS ETRANGERS EXOGENES,EMBOLE PAR CORPS ETRANGERS EXOGENES,non,
4380,4,TROUBLE VASCULAIRE,43,OBLITERATIONS VASCULAIRES (SAI),80,EMBOLE D'AUTRE TYPE (SAI),EMBOLE D'AUTRE TYPE (SAI),oui,
4381,4,TROUBLE VASCULAIRE,43,OBLITERATIONS VASCULAIRES (SAI),81,EMBOLE LIQUIDIEN D'ORIGINE EXOGENE,EMBOLE LIQUIDIEN D'ORIGINE EXOGENE,non,
4382,4,TROUBLE VASCULAIRE,43,OBLITERATIONS VASCULAIRES (SAI),82,EMBOLE DE LIQUIDE AMNIOTIQUE,EMBOLE DE LIQUIDE AMNIOTIQUE,non,
4384,4,TROUBLE VASCULAIRE,43,OBLITERATIONS VASCULAIRES (SAI),84,EMBOLE GAZEUX PAR EFFRACTION VASCULAIRE,EMBOLE GAZEUX PAR EFFRACTION VASCULAIRE,non,
4385,4,TROUBLE VASCULAIRE,43,OBLITERATIONS VASCULAIRES (SAI),85,EMBOLE GAZEUX PAR DECOMPRESSION,EMBOLE GAZEUX PAR DECOMPRESSION,non,
4387,4,TROUBLE VASCULAIRE,43,OBLITERATIONS VASCULAIRES (SAI),87,EMBOLISATION THERAPEUTIQUE,EMBOLISATION THERAPEUTIQUE,non,
4389,4,TROUBLE VASCULAIRE,43,OBLITERATIONS VASCULAIRES (SAI),89,EMBOLE DES DROGUES ARTERIOPATHIES - ATHEROME,EMBOLE DES DROGUES ARTERIOPATHIES - ATHEROME,non,
4400,4,TROUBLE VASCULAIRE,44,ARTERIOPATHIE ACQUISE (SAI),00,ARTERIOPATHIE ACQUISE (SAI),ARTERIOPATHIE ACQUISE (SAI),oui,
4410,4,TROUBLE VASCULAIRE,44,ARTERIOPATHIE ACQUISE (SAI),10,ANEVRISME ACQUIS,ANEVRISME ACQUIS,non,
4411,4,TROUBLE VASCULAIRE,44,ARTERIOPATHIE ACQUISE (SAI),11,ANEVRISME ATHEROSCLEREUX,ANEVRISME ATHEROSCLEREUX,non,
4412,4,TROUBLE VASCULAIRE,44,ARTERIOPATHIE ACQUISE (SAI),12,ANEVRISME DYSPLASIQUE,ANEVRISME DYSPLASIQUE,non,
4413,4,TROUBLE VASCULAIRE,44,ARTERIOPATHIE ACQUISE (SAI),13,ANEVRISME INFECTIEUX - ANEVRISME MYCOTIQUE,ANEVRISME INFECTIEUX - ANEVRISME MYCOTIQUE,non,
4414,4,TROUBLE VASCULAIRE,44,ARTERIOPATHIE ACQUISE (SAI),14,ANEVRISME THROMBOSE,ANEVRISME THROMBOSE,non,
4416,4,TROUBLE VASCULAIRE,44,ARTERIOPATHIE ACQUISE (SAI),16,ANEVRISME DISSEQUANT RECENT - DISSECTION ANEVRISMALE RECENTE,ANEVRISME DISSEQUANT RECENT - DISSECTION ANEVRISMALE RECENTE,non,1997 MODIF
4417,4,TROUBLE VASCULAIRE,44,ARTERIOPATHIE ACQUISE (SAI),17,ANEVRISME DISSEQUANT CHRONIQUE - DISSECTION ANEVRISMALE CHRONIQUE,ANEVRISME DISSEQUANT CHRONIQUE - DISSECTION ANEVRISMALE CHRONIQUE,non,1997 MODIF
4418,4,TROUBLE VASCULAIRE,44,ARTERIOPATHIE ACQUISE (SAI),18,ANEVRISME FISSURE OU ROMPU - DISSECTION ARTERIELLE ROMPUE,ANEVRISME FISSURE OU ROMPU - DISSECTION ARTERIELLE ROMPUE,non,1997 MODIF
4419,4,TROUBLE VASCULAIRE,44,ARTERIOPATHIE ACQUISE (SAI),19,MICROANEVRISME,MICROANEVRISME,non,
4430,4,TROUBLE VASCULAIRE,44,ARTERIOPATHIE ACQUISE (SAI),30,FIBROSE INTIMALE - EPAISSISSEMENT INTIMAL NON ATHEROMATEUX,FIBROSE INTIMALE - EPAISSISSEMENT INTIMAL NON ATHEROMATEUX,non,
4450,4,TROUBLE VASCULAIRE,44,ARTERIOPATHIE ACQUISE (SAI),50,ARTERIOSCLEROSE,ARTERIOSCLEROSE,non,
4460,4,TROUBLE VASCULAIRE,44,ARTERIOPATHIE ACQUISE (SAI),60,ATHEROME - ATHEROSCLEROSE (SAI),ATHEROME - ATHEROSCLEROSE (SAI),oui,
4461,4,TROUBLE VASCULAIRE,44,ARTERIOPATHIE ACQUISE (SAI),61,ATHEROSCLEROSE DEBUTANTE,ATHEROSCLEROSE DEBUTANTE,non,
4463,4,TROUBLE VASCULAIRE,44,ARTERIOPATHIE ACQUISE (SAI),63,PLAQUE D'ATHEROSCLEROSE FIBROLIPIDIQUE,PLAQUE D'ATHEROSCLEROSE FIBROLIPIDIQUE,non,
4464,4,TROUBLE VASCULAIRE,44,ARTERIOPATHIE ACQUISE (SAI),64,PLAQUE D'ATHEROSCLEROSE ULCEREE,PLAQUE D'ATHEROSCLEROSE ULCEREE,non,
4465,4,TROUBLE VASCULAIRE,44,ARTERIOPATHIE ACQUISE (SAI),65,PLAQUE D'ATHEROSCLEROSE CALCIFIEE,PLAQUE D'ATHEROSCLEROSE CALCIFIEE,non,
4466,4,TROUBLE VASCULAIRE,44,ARTERIOPATHIE ACQUISE (SAI),66,PLAQUE D'ATHEROSCLEROSE AVEC THROMBOSE RECENTE,PLAQUE D'ATHEROSCLEROSE AVEC THROMBOSE RECENTE,non,
4467,4,TROUBLE VASCULAIRE,44,ARTERIOPATHIE ACQUISE (SAI),67,PLAQUE D'ATHEROSCLEROSE AVEC THROMBOSE ANCIENNE,PLAQUE D'ATHEROSCLEROSE AVEC THROMBOSE ANCIENNE,non,
4468,4,TROUBLE VASCULAIRE,44,ARTERIOPATHIE ACQUISE (SAI),68,PLAQUE D'ATHEROSCLEROSE AVEC DISSECTION SOUS PLAQUE,PLAQUE D'ATHEROSCLEROSE AVEC DISSECTION SOUS PLAQUE,non,
4470,4,TROUBLE VASCULAIRE,44,ARTERIOPATHIE ACQUISE (SAI),70,LESION DE L'HYPERTENSION ARTERIELLE PULMONAIRE (SAI),LESION DE L'HYPERTENSION ARTERIELLE PULMONAIRE (SAI),oui,
4471,4,TROUBLE VASCULAIRE,44,ARTERIOPATHIE ACQUISE (SAI),71,LESION DE L'HYPERTENSION ARTERIELLE PULMONAIRE PRIMITIVE,LESION DE L'HYPERTENSION ARTERIELLE PULMONAIRE PRIMITIVE,non,
4475,4,TROUBLE VASCULAIRE,44,ARTERIOPATHIE ACQUISE (SAI),75,LESION DE L'HYPERTENSION ARTERIELLE PULMONAIRE SECONDAIRE LESIONS DES VEINES,LESION DE L'HYPERTENSION ARTERIELLE PULMONAIRE SECONDAIRE LESIONS DES VEINES,non,
4500,4,TROUBLE VASCULAIRE,45,LESION DES VEINES (SAI),00,LESION DES VEINES (SAI),LESION DES VEINES (SAI),oui,
4510,4,TROUBLE VASCULAIRE,45,LESION DES VEINES (SAI),10,ANGIECTASIE ACQUISE,ANGIECTASIE ACQUISE,non,
4520,4,TROUBLE VASCULAIRE,45,LESION DES VEINES (SAI),20,CAVERNOME ACQUIS,CAVERNOME ACQUIS,non,
4550,4,TROUBLE VASCULAIRE,45,LESION DES VEINES (SAI),50,VARICE - VARICOCELE,VARICE - VARICOCELE,non,
4552,4,TROUBLE VASCULAIRE,45,LESION DES VEINES (SAI),52,VARICE ROMPUE,VARICE ROMPUE,non,
4554,4,TROUBLE VASCULAIRE,45,LESION DES VEINES (SAI),54,VARICE THROMBOSEE,VARICE THROMBOSEE,non,
4556,4,TROUBLE VASCULAIRE,45,LESION DES VEINES (SAI),56,VARICE SCLEROSEE,VARICE SCLEROSEE,non,
4558,4,TROUBLE VASCULAIRE,45,LESION DES VEINES (SAI),58,MARISQUE,MARISQUE,non,
4560,4,TROUBLE VASCULAIRE,45,LESION DES VEINES (SAI),60,MALADIE VEINO-OCCLUSIVE (SAI),MALADIE VEINO-OCCLUSIVE (SAI),oui,
4562,4,TROUBLE VASCULAIRE,45,LESION DES VEINES (SAI),62,BUDD-CHIARI,BUDD-CHIARI,non,
4590,4,TROUBLE VASCULAIRE,45,LESION DES VEINES (SAI),90,LESION DE L'HYPERTENSION PORTALE,LESION DE L'HYPERTENSION PORTALE,non,
4592,4,TROUBLE VASCULAIRE,45,LESION DES VEINES (SAI),92,"SYNDROME DE BANTI LESIONS DES ARTERIOLES, DES CAPILLAIRES, DES LYMPHATIQUES","SYNDROME DE BANTI LESIONS DES ARTERIOLES, DES CAPILLAIRES, DES LYMPHATIQUES",non,
4600,4,TROUBLE VASCULAIRE,46,"LESION DES ARTERIOLES, DES CAPILLAIRES SANGUINS ET DES LYMPHATIQUES (SAI)",00,"LESION DES ARTERIOLES, DES CAPILLAIRES SANGUINS ET DES LYMPHATIQUES (SAI)","LESION DES ARTERIOLES, DES CAPILLAIRES SANGUINS ET DES LYMPHATIQUES (SAI)",oui,
4610,4,TROUBLE VASCULAIRE,46,"LESION DES ARTERIOLES, DES CAPILLAIRES SANGUINS ET DES LYMPHATIQUES (SAI)",10,FIBRINOIDE VASCULAIRE (SAI),FIBRINOIDE VASCULAIRE (SAI),oui,
4614,4,TROUBLE VASCULAIRE,46,"LESION DES ARTERIOLES, DES CAPILLAIRES SANGUINS ET DES LYMPHATIQUES (SAI)",14,FIBRINOIDE DE L'ECLAMPSIE,FIBRINOIDE DE L'ECLAMPSIE,non,
4620,4,TROUBLE VASCULAIRE,46,"LESION DES ARTERIOLES, DES CAPILLAIRES SANGUINS ET DES LYMPHATIQUES (SAI)",20,MICROANGIOPATHIE THROMBOTIQUE,MICROANGIOPATHIE THROMBOTIQUE,non,
4630,4,TROUBLE VASCULAIRE,46,"LESION DES ARTERIOLES, DES CAPILLAIRES SANGUINS ET DES LYMPHATIQUES (SAI)",30,HYALINOSE VASCULAIRE (SAI),HYALINOSE VASCULAIRE (SAI),oui,
4631,4,TROUBLE VASCULAIRE,46,"LESION DES ARTERIOLES, DES CAPILLAIRES SANGUINS ET DES LYMPHATIQUES (SAI)",31,HYALINOSE ARTERIOLAIRE DE LA SENESCENCE,HYALINOSE ARTERIOLAIRE DE LA SENESCENCE,non,
4640,4,TROUBLE VASCULAIRE,46,"LESION DES ARTERIOLES, DES CAPILLAIRES SANGUINS ET DES LYMPHATIQUES (SAI)",40,TELANGIECTASIE ACQUISE - DILATATION DES SINUSOIDES,TELANGIECTASIE ACQUISE - DILATATION DES SINUSOIDES,non,
4650,4,TROUBLE VASCULAIRE,46,"LESION DES ARTERIOLES, DES CAPILLAIRES SANGUINS ET DES LYMPHATIQUES (SAI)",50,LESION DES CAPILLAIRES LYMPHATIQUES - LYMPHANGITE (SAI),LESION DES CAPILLAIRES LYMPHATIQUES - LYMPHANGITE (SAI),oui,
4660,4,TROUBLE VASCULAIRE,46,"LESION DES ARTERIOLES, DES CAPILLAIRES SANGUINS ET DES LYMPHATIQUES (SAI)",60,LYMPHANGIECTASIE (SAI),LYMPHANGIECTASIE (SAI),oui,
4662,4,TROUBLE VASCULAIRE,46,"LESION DES ARTERIOLES, DES CAPILLAIRES SANGUINS ET DES LYMPHATIQUES (SAI)",62,LYMPHANGIECTASIE DE WALDMAN,LYMPHANGIECTASIE DE WALDMAN,non,
4664,4,TROUBLE VASCULAIRE,46,"LESION DES ARTERIOLES, DES CAPILLAIRES SANGUINS ET DES LYMPHATIQUES (SAI)",64,PICK : SYNDROME DE,PICK : SYNDROME DE,non,
4670,4,TROUBLE VASCULAIRE,46,"LESION DES ARTERIOLES, DES CAPILLAIRES SANGUINS ET DES LYMPHATIQUES (SAI)",70,MICROANGIOPATHIE DE L'HYPERTENSION ARTERIELLE (SAI),MICROANGIOPATHIE DE L'HYPERTENSION ARTERIELLE (SAI),oui,
4672,4,TROUBLE VASCULAIRE,46,"LESION DES ARTERIOLES, DES CAPILLAIRES SANGUINS ET DES LYMPHATIQUES (SAI)",72,MICROANGIOPATHIE DE L'HYPERTENSION ARTERIELLE BENIGNE,MICROANGIOPATHIE DE L'HYPERTENSION ARTERIELLE BENIGNE,non,
4674,4,TROUBLE VASCULAIRE,46,"LESION DES ARTERIOLES, DES CAPILLAIRES SANGUINS ET DES LYMPHATIQUES (SAI)",74,MICROANGIOPATHIE DE L'HYPERTENSION ARTERIELLE MALIGNE,MICROANGIOPATHIE DE L'HYPERTENSION ARTERIELLE MALIGNE,non,
4675,4,TROUBLE VASCULAIRE,46,"LESION DES ARTERIOLES, DES CAPILLAIRES SANGUINS ET DES LYMPHATIQUES (SAI)",75,ANGIOPATHIE DE TYPE CADASIL,ANGIOPATHIE DE TYPE CADASIL,non,1999 AJOUT
4680,4,TROUBLE VASCULAIRE,46,"LESION DES ARTERIOLES, DES CAPILLAIRES SANGUINS ET DES LYMPHATIQUES (SAI)",80,ARTERIOLOSCLEROSE LESIONS ISCHEMIQUES - INFARCTUS,ARTERIOLOSCLEROSE LESIONS ISCHEMIQUES - INFARCTUS,non,
4700,4,TROUBLE VASCULAIRE,47,LESION ISCHEMIQUE AIGUE (SAI),00,LESION ISCHEMIQUE AIGUE (SAI),LESION ISCHEMIQUE AIGUE (SAI),oui,
4710,4,TROUBLE VASCULAIRE,47,LESION ISCHEMIQUE AIGUE (SAI),10,INFARCTUS (SAI),INFARCTUS (SAI),oui,
4711,4,TROUBLE VASCULAIRE,47,LESION ISCHEMIQUE AIGUE (SAI),11,INFARCTUS UNIQUE,INFARCTUS UNIQUE,non,
4712,4,TROUBLE VASCULAIRE,47,LESION ISCHEMIQUE AIGUE (SAI),12,INFARCTUS MULTIPLES DANS L'ESPACE,INFARCTUS MULTIPLES DANS L'ESPACE,non,
4713,4,TROUBLE VASCULAIRE,47,LESION ISCHEMIQUE AIGUE (SAI),13,INFARCTUS MULTIPLES DANS LE TEMPS,INFARCTUS MULTIPLES DANS LE TEMPS,non,
4715,4,TROUBLE VASCULAIRE,47,LESION ISCHEMIQUE AIGUE (SAI),15,INFARCTUS SANS OBLITERATION VASCULAIRE,INFARCTUS SANS OBLITERATION VASCULAIRE,non,
4716,4,TROUBLE VASCULAIRE,47,LESION ISCHEMIQUE AIGUE (SAI),16,INFARCTUS RECENT,INFARCTUS RECENT,non,
4717,4,TROUBLE VASCULAIRE,47,LESION ISCHEMIQUE AIGUE (SAI),17,INFARCTUS ANCIEN,INFARCTUS ANCIEN,non,
4720,4,TROUBLE VASCULAIRE,47,LESION ISCHEMIQUE AIGUE (SAI),20,INFARCTUS - RAMOLLISSEMENT BLANC,INFARCTUS - RAMOLLISSEMENT BLANC,non,
4730,4,TROUBLE VASCULAIRE,47,LESION ISCHEMIQUE AIGUE (SAI),30,INFARCTUS - RAMOLLISSEMENT ROUGE,INFARCTUS - RAMOLLISSEMENT ROUGE,non,
4740,4,TROUBLE VASCULAIRE,47,LESION ISCHEMIQUE AIGUE (SAI),40,INFARCISSEMENT HEMORRAGIQUE,INFARCISSEMENT HEMORRAGIQUE,non,
4750,4,TROUBLE VASCULAIRE,47,LESION ISCHEMIQUE AIGUE (SAI),50,APOPLEXIE HEMORRAGIQUE,APOPLEXIE HEMORRAGIQUE,non,
4760,4,TROUBLE VASCULAIRE,47,LESION ISCHEMIQUE AIGUE (SAI),60,MOMIFICATION - GANGRENE SECHE,MOMIFICATION - GANGRENE SECHE,non,
4770,4,TROUBLE VASCULAIRE,47,LESION ISCHEMIQUE AIGUE (SAI),70,NECROSE ASEPTIQUE,NECROSE ASEPTIQUE,non,
4780,4,TROUBLE VASCULAIRE,47,LESION ISCHEMIQUE AIGUE (SAI),80,NECROSE ISCHEMIQUE D'UN TYPE PARTICULIER,NECROSE ISCHEMIQUE D'UN TYPE PARTICULIER,non,
4781,4,TROUBLE VASCULAIRE,47,LESION ISCHEMIQUE AIGUE (SAI),81,NECROSE ISCHEMIQUE AVEC DEPOT FIBRINOIDE,NECROSE ISCHEMIQUE AVEC DEPOT FIBRINOIDE,non,
4783,4,TROUBLE VASCULAIRE,47,LESION ISCHEMIQUE AIGUE (SAI),83,NECROSE CORTICALE,NECROSE CORTICALE,non,
4784,4,TROUBLE VASCULAIRE,47,LESION ISCHEMIQUE AIGUE (SAI),84,NECROSE PAPILLAIRE,NECROSE PAPILLAIRE,non,
4786,4,TROUBLE VASCULAIRE,47,LESION ISCHEMIQUE AIGUE (SAI),86,MALACIE,MALACIE,non,
4790,4,TROUBLE VASCULAIRE,47,LESION ISCHEMIQUE AIGUE (SAI),90,LESION D'ISCHEMIE CHRONIQUE,LESION D'ISCHEMIE CHRONIQUE,non,
4800,4,TROUBLE VASCULAIRE,48,COMPLICATION DES LESIONS VASCULAIRES (SAI),00,COMPLICATION DES LESIONS VASCULAIRES (SAI),COMPLICATION DES LESIONS VASCULAIRES (SAI),oui,
4810,4,TROUBLE VASCULAIRE,48,COMPLICATION DES LESIONS VASCULAIRES (SAI),10,LESION D'ISCHEMIE SUPPUREE,LESION D'ISCHEMIE SUPPUREE,non,
4820,4,TROUBLE VASCULAIRE,48,COMPLICATION DES LESIONS VASCULAIRES (SAI),20,CICATRICE OU SEQUELLE FIBREUSE D'UNE NECROSE ISCHEMIQUE,CICATRICE OU SEQUELLE FIBREUSE D'UNE NECROSE ISCHEMIQUE,non,
4821,4,TROUBLE VASCULAIRE,48,COMPLICATION DES LESIONS VASCULAIRES (SAI),21,CICATRICE D'INFARCTUS UNIQUE,CICATRICE D'INFARCTUS UNIQUE,non,
4822,4,TROUBLE VASCULAIRE,48,COMPLICATION DES LESIONS VASCULAIRES (SAI),22,CICATRICES D'INFARCTUS MULTIPLES,CICATRICES D'INFARCTUS MULTIPLES,non,
4824,4,TROUBLE VASCULAIRE,48,COMPLICATION DES LESIONS VASCULAIRES (SAI),24,ANEVRISME POST - INFARCTUS,ANEVRISME POST - INFARCTUS,non,
4830,4,TROUBLE VASCULAIRE,48,COMPLICATION DES LESIONS VASCULAIRES (SAI),30,STENOSE ISCHEMIQUE,STENOSE ISCHEMIQUE,non,
4840,4,TROUBLE VASCULAIRE,48,COMPLICATION DES LESIONS VASCULAIRES (SAI),40,RUPTURE OU PERFORATION PAR INFARCTUS (SAI),RUPTURE OU PERFORATION PAR INFARCTUS (SAI),oui,
4850,4,TROUBLE VASCULAIRE,48,COMPLICATION DES LESIONS VASCULAIRES (SAI),50,LESION D'ANOXIE ET D'HYPOXIE CHRONIQUE (SAI),LESION D'ANOXIE ET D'HYPOXIE CHRONIQUE (SAI),oui,
4860,4,TROUBLE VASCULAIRE,48,COMPLICATION DES LESIONS VASCULAIRES (SAI),60,LESION VISCERALE PAR SCLEROSE VASCULAIRE - ORGANE VASCULAIRE,LESION VISCERALE PAR SCLEROSE VASCULAIRE - ORGANE VASCULAIRE,non,
4861,4,TROUBLE VASCULAIRE,48,COMPLICATION DES LESIONS VASCULAIRES (SAI),61,LACUNE D'ORIGINE VASCULAIRE,LACUNE D'ORIGINE VASCULAIRE,non,
4862,4,TROUBLE VASCULAIRE,48,COMPLICATION DES LESIONS VASCULAIRES (SAI),62,ETAT LACUNAIRE (ORGANE VASCULAIRE),ETAT LACUNAIRE (ORGANE VASCULAIRE),non,
4863,4,TROUBLE VASCULAIRE,48,COMPLICATION DES LESIONS VASCULAIRES (SAI),63,ATROPHIE GRANULAIRE,ATROPHIE GRANULAIRE,non,
4870,4,TROUBLE VASCULAIRE,48,COMPLICATION DES LESIONS VASCULAIRES (SAI),70,LESION PARENCHYMATEUSE DE L'HYPERTENSION ARTERIELLE,LESION PARENCHYMATEUSE DE L'HYPERTENSION ARTERIELLE,non,
4871,4,TROUBLE VASCULAIRE,48,COMPLICATION DES LESIONS VASCULAIRES (SAI),71,LESION AIGUE DE L'HYPERTENSION ARTERIELLE,LESION AIGUE DE L'HYPERTENSION ARTERIELLE,non,
4873,4,TROUBLE VASCULAIRE,48,COMPLICATION DES LESIONS VASCULAIRES (SAI),73,LESION CHRONIQUE DE L'HYPERTENSION ARTERIELLE AUTRES PATHOLOGIES VASCULAIRES,LESION CHRONIQUE DE L'HYPERTENSION ARTERIELLE AUTRES PATHOLOGIES VASCULAIRES,non,
4900,4,TROUBLE VASCULAIRE,49,PATHOLOGIE DES SHUNTS,00,PATHOLOGIE DES SHUNTS,PATHOLOGIE DES SHUNTS,non,
4910,4,TROUBLE VASCULAIRE,49,PATHOLOGIE DES SHUNTS,10,ANEVRISME ARTERIOVEINEUX,ANEVRISME ARTERIOVEINEUX,non,
4920,4,TROUBLE VASCULAIRE,49,PATHOLOGIE DES SHUNTS,20,FISTULE ARTERIOVEINEUSE ACQUISE (APRES PONCTION),FISTULE ARTERIOVEINEUSE ACQUISE (APRES PONCTION),non,
4930,4,TROUBLE VASCULAIRE,49,PATHOLOGIE DES SHUNTS,30,TRANSFUSION IN UTERO (SAI),TRANSFUSION IN UTERO (SAI),oui,
4931,4,TROUBLE VASCULAIRE,49,PATHOLOGIE DES SHUNTS,31,TRANSFUSION FOETOMATERNELLE IN UTERO,TRANSFUSION FOETOMATERNELLE IN UTERO,non,
4933,4,TROUBLE VASCULAIRE,49,PATHOLOGIE DES SHUNTS,33,TRANSFUSION MATERNOFOETALE IN UTERO 5 - TROUBLE METABOLIQUE SPONTANE PATHOLOGIE DES GLUCIDES,TRANSFUSION MATERNOFOETALE IN UTERO 5 - TROUBLE METABOLIQUE SPONTANE PATHOLOGIE DES GLUCIDES,non,
5000,5,TROUBLE METABOLIQUE SPONTANE,50,PATHOLOGIE DES GLUCIDES (SAI),00,PATHOLOGIE DES GLUCIDES (SAI),PATHOLOGIE DES GLUCIDES (SAI),oui,
5010,5,TROUBLE METABOLIQUE SPONTANE,50,PATHOLOGIE DES GLUCIDES (SAI),10,LESIONS DU DIABETE,LESIONS DU DIABETE,non,
5012,5,TROUBLE METABOLIQUE SPONTANE,50,PATHOLOGIE DES GLUCIDES (SAI),12,MICROANGIOPATHIE DU DIABETE,MICROANGIOPATHIE DU DIABETE,non,
5020,5,TROUBLE METABOLIQUE SPONTANE,50,PATHOLOGIE DES GLUCIDES (SAI),20,LESION DE L'HYPOGLYCEMIE (SAI),LESION DE L'HYPOGLYCEMIE (SAI),oui,
5030,5,TROUBLE METABOLIQUE SPONTANE,50,PATHOLOGIE DES GLUCIDES (SAI),30,GLYCOGENOSE (SAI) - SURCHARGE GLYCOGENIQUE (SAI),GLYCOGENOSE (SAI) - SURCHARGE GLYCOGENIQUE (SAI),oui,
5032,5,TROUBLE METABOLIQUE SPONTANE,50,PATHOLOGIE DES GLUCIDES (SAI),32,GLYCOGENOSE ACQUISE (SAI),GLYCOGENOSE ACQUISE (SAI),oui,
5040,5,TROUBLE METABOLIQUE SPONTANE,50,PATHOLOGIE DES GLUCIDES (SAI),40,GLYCOGENOSE HEREDITAIRE (SAI),GLYCOGENOSE HEREDITAIRE (SAI),oui,
5041,5,TROUBLE METABOLIQUE SPONTANE,50,PATHOLOGIE DES GLUCIDES (SAI),41,GLYCOGENOSE TYPE I - MALADIE DE VON GIERKE,GLYCOGENOSE TYPE I - MALADIE DE VON GIERKE,non,
5042,5,TROUBLE METABOLIQUE SPONTANE,50,PATHOLOGIE DES GLUCIDES (SAI),42,GLYCOGENOSE TYPE II - MALADIE DE POMPE,GLYCOGENOSE TYPE II - MALADIE DE POMPE,non,
5043,5,TROUBLE METABOLIQUE SPONTANE,50,PATHOLOGIE DES GLUCIDES (SAI),43,GLYCOGENOSE TYPE III - MALADIE DE CORI-FORBES,GLYCOGENOSE TYPE III - MALADIE DE CORI-FORBES,non,
5044,5,TROUBLE METABOLIQUE SPONTANE,50,PATHOLOGIE DES GLUCIDES (SAI),44,GLYCOGENOSE TYPE IV - MALADIE D'ANDERSEN,GLYCOGENOSE TYPE IV - MALADIE D'ANDERSEN,non,
5045,5,TROUBLE METABOLIQUE SPONTANE,50,PATHOLOGIE DES GLUCIDES (SAI),45,GLYCOGENOSE TYPE V - MALADIE DE MAC ARDLE:,GLYCOGENOSE TYPE V - MALADIE DE MAC ARDLE:,non,
5046,5,TROUBLE METABOLIQUE SPONTANE,50,PATHOLOGIE DES GLUCIDES (SAI),46,GLYCOGENOSE TYPE VI - MALADIE DE HERS,GLYCOGENOSE TYPE VI - MALADIE DE HERS,non,
5049,5,TROUBLE METABOLIQUE SPONTANE,50,PATHOLOGIE DES GLUCIDES (SAI),49,GLYCOGENOSE (NCA),GLYCOGENOSE (NCA),non,
5080,5,TROUBLE METABOLIQUE SPONTANE,50,PATHOLOGIE DES GLUCIDES (SAI),80,ERREUR INNEE DU METABOLISME DES SUCRES (SAI),ERREUR INNEE DU METABOLISME DES SUCRES (SAI),oui,
5081,5,TROUBLE METABOLIQUE SPONTANE,50,PATHOLOGIE DES GLUCIDES (SAI),81,FRUCTOSEMIE,FRUCTOSEMIE,non,
5082,5,TROUBLE METABOLIQUE SPONTANE,50,PATHOLOGIE DES GLUCIDES (SAI),82,GALACTOSEMIE,GALACTOSEMIE,non,
5083,5,TROUBLE METABOLIQUE SPONTANE,50,PATHOLOGIE DES GLUCIDES (SAI),83,SYNDROME DE LEIGH,SYNDROME DE LEIGH,non,
5100,5,TROUBLE METABOLIQUE SPONTANE,51,MALADIE DES MUCOPOLYSACCHARIDES (SAI),00,MALADIE DES MUCOPOLYSACCHARIDES (SAI),MALADIE DES MUCOPOLYSACCHARIDES (SAI),oui,
5110,5,TROUBLE METABOLIQUE SPONTANE,51,MALADIE DES MUCOPOLYSACCHARIDES (SAI),10,MUCINOSE,MUCINOSE,non,
5111,5,TROUBLE METABOLIQUE SPONTANE,51,MALADIE DES MUCOPOLYSACCHARIDES (SAI),11,MYXOEDEME PRETIBIAL,MYXOEDEME PRETIBIAL,non,
5113,5,TROUBLE METABOLIQUE SPONTANE,51,MALADIE DES MUCOPOLYSACCHARIDES (SAI),13,MUCINOSE PAPULEUSE,MUCINOSE PAPULEUSE,non,
5115,5,TROUBLE METABOLIQUE SPONTANE,51,MALADIE DES MUCOPOLYSACCHARIDES (SAI),15,MUCINOSE FOLLICULAIRE,MUCINOSE FOLLICULAIRE,non,
5117,5,TROUBLE METABOLIQUE SPONTANE,51,MALADIE DES MUCOPOLYSACCHARIDES (SAI),17,REM SYNDROME,REM SYNDROME,non,
5120,5,TROUBLE METABOLIQUE SPONTANE,51,MALADIE DES MUCOPOLYSACCHARIDES (SAI),20,MUCOVISCIDOSE,MUCOVISCIDOSE,non,
5130,5,TROUBLE METABOLIQUE SPONTANE,51,MALADIE DES MUCOPOLYSACCHARIDES (SAI),30,CORPS AMYLACES (POLYGLUCOSAN BODIES),CORPS AMYLACES (POLYGLUCOSAN BODIES),non,1999 MODIF
5131,5,TROUBLE METABOLIQUE SPONTANE,51,MALADIE DES MUCOPOLYSACCHARIDES (SAI),31,MALADIE DE LAFORA,MALADIE DE LAFORA,non,
5132,5,TROUBLE METABOLIQUE SPONTANE,51,MALADIE DES MUCOPOLYSACCHARIDES (SAI),32,CORPS DE LAFORA (EN DEHORS DE LA MALADIE DE LAFORA),CORPS DE LAFORA (EN DEHORS DE LA MALADIE DE LAFORA),non,1999 AJOUT
5140,5,TROUBLE METABOLIQUE SPONTANE,51,MALADIE DES MUCOPOLYSACCHARIDES (SAI),40,HISTIOCYTOSE MUCINEUSE,HISTIOCYTOSE MUCINEUSE,non,
5180,5,TROUBLE METABOLIQUE SPONTANE,51,MALADIE DES MUCOPOLYSACCHARIDES (SAI),80,ERREUR INNEE DU METABOLISME DES MUCOPOLYSACCHARIDES,ERREUR INNEE DU METABOLISME DES MUCOPOLYSACCHARIDES,non,
5181,5,TROUBLE METABOLIQUE SPONTANE,51,MALADIE DES MUCOPOLYSACCHARIDES (SAI),81,MUCOPOLYSACCHARIDES DE TYPE I - MALADIE DE HURLER,MUCOPOLYSACCHARIDES DE TYPE I - MALADIE DE HURLER,non,1992 AJOUT
5182,5,TROUBLE METABOLIQUE SPONTANE,51,MALADIE DES MUCOPOLYSACCHARIDES (SAI),82,MUCOPOLYSACCHARIDES TYPE II - MALADIE DE HUNTER,MUCOPOLYSACCHARIDES TYPE II - MALADIE DE HUNTER,non,1992 AJOUT
5183,5,TROUBLE METABOLIQUE SPONTANE,51,MALADIE DES MUCOPOLYSACCHARIDES (SAI),83,MUCOPOLYSACCHARIDES TYPE III - MALADIE DE SAN FILIPPO,MUCOPOLYSACCHARIDES TYPE III - MALADIE DE SAN FILIPPO,non,1992 AJOUT
5184,5,TROUBLE METABOLIQUE SPONTANE,51,MALADIE DES MUCOPOLYSACCHARIDES (SAI),84,MUCOPOLYSACCHARIDES TYPE IV - MALADIE DE MORQUIO,MUCOPOLYSACCHARIDES TYPE IV - MALADIE DE MORQUIO,non,1992 AJOUT
5186,5,TROUBLE METABOLIQUE SPONTANE,51,MALADIE DES MUCOPOLYSACCHARIDES (SAI),86,MUCOPOLYSACCHARIDES TYPE VI - NANISME POLYDYSTROPHIQUE,MUCOPOLYSACCHARIDES TYPE VI - NANISME POLYDYSTROPHIQUE,non,1992 AJOUT
5189,5,TROUBLE METABOLIQUE SPONTANE,51,MALADIE DES MUCOPOLYSACCHARIDES (SAI),89,MUCOLIPIDOSE PATHOLOGIE DES LIPIDES,MUCOLIPIDOSE PATHOLOGIE DES LIPIDES,non,
5200,5,TROUBLE METABOLIQUE SPONTANE,52,LIPIDOSE (SAI) - SURCHARGE LIPIDIQUE (SAI),00,LIPIDOSE (SAI) - SURCHARGE LIPIDIQUE (SAI),LIPIDOSE (SAI) - SURCHARGE LIPIDIQUE (SAI),oui,
5210,5,TROUBLE METABOLIQUE SPONTANE,52,LIPIDOSE (SAI) - SURCHARGE LIPIDIQUE (SAI),10,TROUBLE DE LA REPARTITION QUANTITATIVE ET QUALITATIVE DU TISSU ADIPEUX (SAI),TROUBLE DE LA REPARTITION QUANTITATIVE ET QUALITATIVE DU TISSU ADIPEUX (SAI),oui,
5212,5,TROUBLE METABOLIQUE SPONTANE,52,LIPIDOSE (SAI) - SURCHARGE LIPIDIQUE (SAI),12,ADIPOSE ET LIPOMATOSE INTERSTITIELLE,ADIPOSE ET LIPOMATOSE INTERSTITIELLE,non,
5214,5,TROUBLE METABOLIQUE SPONTANE,52,LIPIDOSE (SAI) - SURCHARGE LIPIDIQUE (SAI),14,GRAISSE EMBRYONNAIRE OU BRUNE,GRAISSE EMBRYONNAIRE OU BRUNE,non,
5215,5,TROUBLE METABOLIQUE SPONTANE,52,LIPIDOSE (SAI) - SURCHARGE LIPIDIQUE (SAI),15,INVOLUTION ADIPEUSE,INVOLUTION ADIPEUSE,non,
5216,5,TROUBLE METABOLIQUE SPONTANE,52,LIPIDOSE (SAI) - SURCHARGE LIPIDIQUE (SAI),16,LIPODYSTROPHIE,LIPODYSTROPHIE,non,
5217,5,TROUBLE METABOLIQUE SPONTANE,52,LIPIDOSE (SAI) - SURCHARGE LIPIDIQUE (SAI),17,MAIGREUR - CACHEXIE,MAIGREUR - CACHEXIE,non,
5218,5,TROUBLE METABOLIQUE SPONTANE,52,LIPIDOSE (SAI) - SURCHARGE LIPIDIQUE (SAI),18,OBESITE,OBESITE,non,
5219,5,TROUBLE METABOLIQUE SPONTANE,52,LIPIDOSE (SAI) - SURCHARGE LIPIDIQUE (SAI),19,HISTIOCYTOSE LIPIDIQUE,HISTIOCYTOSE LIPIDIQUE,non,
5220,5,TROUBLE METABOLIQUE SPONTANE,52,LIPIDOSE (SAI) - SURCHARGE LIPIDIQUE (SAI),20,STEATOSE (SAI),STEATOSE (SAI),oui,
5221,5,TROUBLE METABOLIQUE SPONTANE,52,LIPIDOSE (SAI) - SURCHARGE LIPIDIQUE (SAI),21,STEATOSE MICROVACUOLAIRE OU SPONGIOCYTAIRE,STEATOSE MICROVACUOLAIRE OU SPONGIOCYTAIRE,non,
5223,5,TROUBLE METABOLIQUE SPONTANE,52,LIPIDOSE (SAI) - SURCHARGE LIPIDIQUE (SAI),23,STEATOSE MACROVACUOLAIRE,STEATOSE MACROVACUOLAIRE,non,
5225,5,TROUBLE METABOLIQUE SPONTANE,52,LIPIDOSE (SAI) - SURCHARGE LIPIDIQUE (SAI),25,STEATOSE TOXIQUE,STEATOSE TOXIQUE,non,
5226,5,TROUBLE METABOLIQUE SPONTANE,52,LIPIDOSE (SAI) - SURCHARGE LIPIDIQUE (SAI),26,STEATOSE NUTRITIONNELLE - KWASHIORKOR,STEATOSE NUTRITIONNELLE - KWASHIORKOR,non,
5228,5,TROUBLE METABOLIQUE SPONTANE,52,LIPIDOSE (SAI) - SURCHARGE LIPIDIQUE (SAI),28,STEATOSE D'ORIGINE HORMONALE - STEATOSE GRAVIDIQUE,STEATOSE D'ORIGINE HORMONALE - STEATOSE GRAVIDIQUE,non,
5229,5,TROUBLE METABOLIQUE SPONTANE,52,LIPIDOSE (SAI) - SURCHARGE LIPIDIQUE (SAI),29,SYNDROME DE REYE,SYNDROME DE REYE,non,
5230,5,TROUBLE METABOLIQUE SPONTANE,52,LIPIDOSE (SAI) - SURCHARGE LIPIDIQUE (SAI),30,STEATONECROSE - CYTOSTEATONECROSE,STEATONECROSE - CYTOSTEATONECROSE,non,1997 MODIF
5231,5,TROUBLE METABOLIQUE SPONTANE,52,LIPIDOSE (SAI) - SURCHARGE LIPIDIQUE (SAI),31,STEATONECROSE POST-TRAUMATIQUE - CYTOSTEATONECROSE POST- TRAUMATIQUE,STEATONECROSE POST-TRAUMATIQUE - CYTOSTEATONECROSE POST- TRAUMATIQUE,non,1997 MODIF
5233,5,TROUBLE METABOLIQUE SPONTANE,52,LIPIDOSE (SAI) - SURCHARGE LIPIDIQUE (SAI),33,STEATONECROSE D'ORIGINE PANCREATIQUE - CYTOSTEATONECROSE D'ORIGINE PANCREATIQUE,STEATONECROSE D'ORIGINE PANCREATIQUE - CYTOSTEATONECROSE D'ORIGINE PANCREATIQUE,non,1997 MODIF
5240,5,TROUBLE METABOLIQUE SPONTANE,52,LIPIDOSE (SAI) - SURCHARGE LIPIDIQUE (SAI),40,TROUBLE DU METABOLISME CHOLESTEROL (SAI),TROUBLE DU METABOLISME CHOLESTEROL (SAI),oui,
5242,5,TROUBLE METABOLIQUE SPONTANE,52,LIPIDOSE (SAI) - SURCHARGE LIPIDIQUE (SAI),42,CHOLESTEROLOSE,CHOLESTEROLOSE,non,
5244,5,TROUBLE METABOLIQUE SPONTANE,52,LIPIDOSE (SAI) - SURCHARGE LIPIDIQUE (SAI),44,POLYPE ET NODULE CHOLESTEROLIQUE,POLYPE ET NODULE CHOLESTEROLIQUE,non,
5246,5,TROUBLE METABOLIQUE SPONTANE,52,LIPIDOSE (SAI) - SURCHARGE LIPIDIQUE (SAI),46,MALADIE DE WOLMAN,MALADIE DE WOLMAN,non,
5250,5,TROUBLE METABOLIQUE SPONTANE,52,LIPIDOSE (SAI) - SURCHARGE LIPIDIQUE (SAI),50,XANTHOMATOSE (SAI),XANTHOMATOSE (SAI),oui,
5251,5,TROUBLE METABOLIQUE SPONTANE,52,LIPIDOSE (SAI) - SURCHARGE LIPIDIQUE (SAI),51,XANTHOMATOSE CEREBROTENDINEUSE,XANTHOMATOSE CEREBROTENDINEUSE,non,
5260,5,TROUBLE METABOLIQUE SPONTANE,52,LIPIDOSE (SAI) - SURCHARGE LIPIDIQUE (SAI),60,PANNICULITE (SAI),PANNICULITE (SAI),oui,
5261,5,TROUBLE METABOLIQUE SPONTANE,52,LIPIDOSE (SAI) - SURCHARGE LIPIDIQUE (SAI),61,PANNICULITE AIGUE (SAI),PANNICULITE AIGUE (SAI),oui,
5263,5,TROUBLE METABOLIQUE SPONTANE,52,LIPIDOSE (SAI) - SURCHARGE LIPIDIQUE (SAI),63,MALADIE WEBER CHRISTIAN,MALADIE WEBER CHRISTIAN,non,
5265,5,TROUBLE METABOLIQUE SPONTANE,52,LIPIDOSE (SAI) - SURCHARGE LIPIDIQUE (SAI),65,SYNDROME ROTHMANN MAKAI,SYNDROME ROTHMANN MAKAI,non,
5270,5,TROUBLE METABOLIQUE SPONTANE,52,LIPIDOSE (SAI) - SURCHARGE LIPIDIQUE (SAI),70,TROUBLE DU METABOLISME DES LIPOPROTEINES (SAI),TROUBLE DU METABOLISME DES LIPOPROTEINES (SAI),oui,
5271,5,TROUBLE METABOLIQUE SPONTANE,52,LIPIDOSE (SAI) - SURCHARGE LIPIDIQUE (SAI),71,ANALPHALIPOPROTEINEMIE - MALADIE DE TANGIER,ANALPHALIPOPROTEINEMIE - MALADIE DE TANGIER,non,
5274,5,TROUBLE METABOLIQUE SPONTANE,52,LIPIDOSE (SAI) - SURCHARGE LIPIDIQUE (SAI),74,ABETALIPOPROTEINEMIE - MALADIE DE BASSEN-KORNZWEIG,ABETALIPOPROTEINEMIE - MALADIE DE BASSEN-KORNZWEIG,non,
5280,5,TROUBLE METABOLIQUE SPONTANE,52,LIPIDOSE (SAI) - SURCHARGE LIPIDIQUE (SAI),80,DYSLIPOIDOSE - ERREUR INNEE DU METABOLISME DES LIPIDES COMPLEXES (SAI),DYSLIPOIDOSE - ERREUR INNEE DU METABOLISME DES LIPIDES COMPLEXES (SAI),oui,
5281,5,TROUBLE METABOLIQUE SPONTANE,52,LIPIDOSE (SAI) - SURCHARGE LIPIDIQUE (SAI),81,CEREBROSIDOSE - MALADIE DE GAUCHER,CEREBROSIDOSE - MALADIE DE GAUCHER,non,
5282,5,TROUBLE METABOLIQUE SPONTANE,52,LIPIDOSE (SAI) - SURCHARGE LIPIDIQUE (SAI),82,GANGLIOSIDOSE - MALADIE DE TAY SACHS,GANGLIOSIDOSE - MALADIE DE TAY SACHS,non,
5283,5,TROUBLE METABOLIQUE SPONTANE,52,LIPIDOSE (SAI) - SURCHARGE LIPIDIQUE (SAI),83,SPHINGOMYELINOSE - MALADIE DE NIEMANN PICK,SPHINGOMYELINOSE - MALADIE DE NIEMANN PICK,non,
5284,5,TROUBLE METABOLIQUE SPONTANE,52,LIPIDOSE (SAI) - SURCHARGE LIPIDIQUE (SAI),84,SULFATIDOSE ET MUCOSULFATIDOSE LEUCODYSTROPHIE METACHROMATIQUE - MALADIE D' AUSTIN,SULFATIDOSE ET MUCOSULFATIDOSE LEUCODYSTROPHIE METACHROMATIQUE - MALADIE D' AUSTIN,non,
5285,5,TROUBLE METABOLIQUE SPONTANE,52,LIPIDOSE (SAI) - SURCHARGE LIPIDIQUE (SAI),85,ADRENOLEUCODYSTROPHIE - ADRENOLEUCOMYELONEUROPATHIE,ADRENOLEUCODYSTROPHIE - ADRENOLEUCOMYELONEUROPATHIE,non,
5286,5,TROUBLE METABOLIQUE SPONTANE,52,LIPIDOSE (SAI) - SURCHARGE LIPIDIQUE (SAI),86,MALADIE DE FABRY,MALADIE DE FABRY,non,
5287,5,TROUBLE METABOLIQUE SPONTANE,52,LIPIDOSE (SAI) - SURCHARGE LIPIDIQUE (SAI),87,MALADIE DE REFSUM,MALADIE DE REFSUM,non,
5288,5,TROUBLE METABOLIQUE SPONTANE,52,LIPIDOSE (SAI) - SURCHARGE LIPIDIQUE (SAI),88,GALACTOCEREBROSIDOSE - MALADIE DE KRABBE,GALACTOCEREBROSIDOSE - MALADIE DE KRABBE,non,
5289,5,TROUBLE METABOLIQUE SPONTANE,52,LIPIDOSE (SAI) - SURCHARGE LIPIDIQUE (SAI),89,LIPIDOSE NON CODEE PAR AILLEURS DONT MALADIE DE FARBER PATHOLOGIE DES PROTIDES - AMYLOIDOSE,LIPIDOSE NON CODEE PAR AILLEURS DONT MALADIE DE FARBER PATHOLOGIE DES PROTIDES - AMYLOIDOSE,non,
5300,5,TROUBLE METABOLIQUE SPONTANE,53,PATHOLOGIE DES PROTIDES (SAI),00,PATHOLOGIE DES PROTIDES (SAI),PATHOLOGIE DES PROTIDES (SAI),oui,
5310,5,TROUBLE METABOLIQUE SPONTANE,53,PATHOLOGIE DES PROTIDES (SAI),10,AMYLOSE (SAI),AMYLOSE (SAI),oui,
5311,5,TROUBLE METABOLIQUE SPONTANE,53,PATHOLOGIE DES PROTIDES (SAI),11,AMYLOIDOSE TYPE AL - AMYLOSE AL (IMMUNOCYTAIRE),AMYLOIDOSE TYPE AL - AMYLOSE AL (IMMUNOCYTAIRE),non,
5312,5,TROUBLE METABOLIQUE SPONTANE,53,PATHOLOGIE DES PROTIDES (SAI),12,AMYLOIDOSE TYPE AA - AMYLOSE AA (REACTIONNELLE),AMYLOIDOSE TYPE AA - AMYLOSE AA (REACTIONNELLE),non,
5313,5,TROUBLE METABOLIQUE SPONTANE,53,PATHOLOGIE DES PROTIDES (SAI),13,AMYLOSE AVEC REACTION GIGANTO-CELLULAIRE,AMYLOSE AVEC REACTION GIGANTO-CELLULAIRE,non,1992 AJOUT
5315,5,TROUBLE METABOLIQUE SPONTANE,53,PATHOLOGIE DES PROTIDES (SAI),15,AMYLOSE SENILE,AMYLOSE SENILE,non,
5317,5,TROUBLE METABOLIQUE SPONTANE,53,PATHOLOGIE DES PROTIDES (SAI),17,AMYLOSE DES DYSGLOBULINEMIES,AMYLOSE DES DYSGLOBULINEMIES,non,
5318,5,TROUBLE METABOLIQUE SPONTANE,53,PATHOLOGIE DES PROTIDES (SAI),18,AMYLOSE DES HEMODIALYSES,AMYLOSE DES HEMODIALYSES,non,
5319,5,TROUBLE METABOLIQUE SPONTANE,53,PATHOLOGIE DES PROTIDES (SAI),19,AMYLOSE CALCIFIEE,AMYLOSE CALCIFIEE,non,1992 AJOUT
5320,5,TROUBLE METABOLIQUE SPONTANE,53,PATHOLOGIE DES PROTIDES (SAI),20,AMYLOSE HEREDOFAMILIALE (SAI),AMYLOSE HEREDOFAMILIALE (SAI),oui,
5321,5,TROUBLE METABOLIQUE SPONTANE,53,PATHOLOGIE DES PROTIDES (SAI),21,AMYLOSE HEREDOFAMILIALE AVEC NEUROPATHIE,AMYLOSE HEREDOFAMILIALE AVEC NEUROPATHIE,non,
5323,5,TROUBLE METABOLIQUE SPONTANE,53,PATHOLOGIE DES PROTIDES (SAI),23,MALADIE PERIODIQUE - FIEVRE FAMILIALE MEDITERRANEENNE,MALADIE PERIODIQUE - FIEVRE FAMILIALE MEDITERRANEENNE,non,
5326,5,TROUBLE METABOLIQUE SPONTANE,53,PATHOLOGIE DES PROTIDES (SAI),26,CARDIOPATHIE AMYLOIDE FAMILIALE,CARDIOPATHIE AMYLOIDE FAMILIALE,non,
5330,5,TROUBLE METABOLIQUE SPONTANE,53,PATHOLOGIE DES PROTIDES (SAI),30,AMYLOSE LOCALISEE (SAI),AMYLOSE LOCALISEE (SAI),oui,
5331,5,TROUBLE METABOLIQUE SPONTANE,53,PATHOLOGIE DES PROTIDES (SAI),31,AMYLOSE PSEUDOTUMORALE,AMYLOSE PSEUDOTUMORALE,non,
5332,5,TROUBLE METABOLIQUE SPONTANE,53,PATHOLOGIE DES PROTIDES (SAI),32,AMYLOSE NODULAIRE UNIQUE,AMYLOSE NODULAIRE UNIQUE,non,
5333,5,TROUBLE METABOLIQUE SPONTANE,53,PATHOLOGIE DES PROTIDES (SAI),33,AMYLOSE NODULAIRE MULTIPLE,AMYLOSE NODULAIRE MULTIPLE,non,
5334,5,TROUBLE METABOLIQUE SPONTANE,53,PATHOLOGIE DES PROTIDES (SAI),34,AMYLOSE MACULEUSE ET PIGMENTEE,AMYLOSE MACULEUSE ET PIGMENTEE,non,
5335,5,TROUBLE METABOLIQUE SPONTANE,53,PATHOLOGIE DES PROTIDES (SAI),35,AMYLOSE LOCALISEE DIFFUSE,AMYLOSE LOCALISEE DIFFUSE,non,
5336,5,TROUBLE METABOLIQUE SPONTANE,53,PATHOLOGIE DES PROTIDES (SAI),36,AMYLOSE : MICRODEPOT AMYLOIDE,AMYLOSE : MICRODEPOT AMYLOIDE,non,
5337,5,TROUBLE METABOLIQUE SPONTANE,53,PATHOLOGIE DES PROTIDES (SAI),37,AMYLOSE : LICHEN AMYLOIDE,AMYLOSE : LICHEN AMYLOIDE,non,
5338,5,TROUBLE METABOLIQUE SPONTANE,53,PATHOLOGIE DES PROTIDES (SAI),38,AMYLOSE : ANGIOPATHIE AMYLOIDE,AMYLOSE : ANGIOPATHIE AMYLOIDE,non,
5340,5,TROUBLE METABOLIQUE SPONTANE,53,PATHOLOGIE DES PROTIDES (SAI),40,GOUTTE - TROUBLE DU METABOLISME DES BASES PURIQUES (SAI),GOUTTE - TROUBLE DU METABOLISME DES BASES PURIQUES (SAI),oui,
5342,5,TROUBLE METABOLIQUE SPONTANE,53,PATHOLOGIE DES PROTIDES (SAI),42,TOPHUS GOUTTEUX,TOPHUS GOUTTEUX,non,
5345,5,TROUBLE METABOLIQUE SPONTANE,53,PATHOLOGIE DES PROTIDES (SAI),45,MALADIE DE LESCH-NYHAN,MALADIE DE LESCH-NYHAN,non,1992 AJOUT
5350,5,TROUBLE METABOLIQUE SPONTANE,53,PATHOLOGIE DES PROTIDES (SAI),50,MALADIE DES DEPOTS PROTEIQUES (SAI),MALADIE DES DEPOTS PROTEIQUES (SAI),oui,
5352,5,TROUBLE METABOLIQUE SPONTANE,53,PATHOLOGIE DES PROTIDES (SAI),52,PROTEINOSE,PROTEINOSE,non,
5354,5,TROUBLE METABOLIQUE SPONTANE,53,PATHOLOGIE DES PROTIDES (SAI),54,MALADIE PAR DEPOT DE CHAINES LEGERES D'IMMUNOGLOBULINE - MALADIE DE RANDALL,MALADIE PAR DEPOT DE CHAINES LEGERES D'IMMUNOGLOBULINE - MALADIE DE RANDALL,non,2000 MODIF
5356,5,TROUBLE METABOLIQUE SPONTANE,53,PATHOLOGIE DES PROTIDES (SAI),56,HYALINOPROTEINOSE (SAI) - MALADIE D'URBACH - WIETHE,HYALINOPROTEINOSE (SAI) - MALADIE D'URBACH - WIETHE,oui,
5358,5,TROUBLE METABOLIQUE SPONTANE,53,PATHOLOGIE DES PROTIDES (SAI),58,DEFICIT EN ALPHA 1 ANTITRYPSINE,DEFICIT EN ALPHA 1 ANTITRYPSINE,non,
5360,5,TROUBLE METABOLIQUE SPONTANE,53,PATHOLOGIE DES PROTIDES (SAI),60,PATHOLOGIE DES HYPOPROTEINEMIES (SAI),PATHOLOGIE DES HYPOPROTEINEMIES (SAI),oui,
5370,5,TROUBLE METABOLIQUE SPONTANE,53,PATHOLOGIE DES PROTIDES (SAI),70,LESION AU COURS D'UNE DYSGLOBULINEMIE,LESION AU COURS D'UNE DYSGLOBULINEMIE,non,
5371,5,TROUBLE METABOLIQUE SPONTANE,53,PATHOLOGIE DES PROTIDES (SAI),71,SECRETION MONOCLONALE D'IGA,SECRETION MONOCLONALE D'IGA,non,2000 AJOUT
5372,5,TROUBLE METABOLIQUE SPONTANE,53,PATHOLOGIE DES PROTIDES (SAI),72,SECRETION MONOCLONALE D'IGD,SECRETION MONOCLONALE D'IGD,non,2000 AJOUT
5373,5,TROUBLE METABOLIQUE SPONTANE,53,PATHOLOGIE DES PROTIDES (SAI),73,SECRETION MONOCLONALE D'IGE,SECRETION MONOCLONALE D'IGE,non,2000 AJOUT
5374,5,TROUBLE METABOLIQUE SPONTANE,53,PATHOLOGIE DES PROTIDES (SAI),74,SECRETION MONOCLONALE D'IGG,SECRETION MONOCLONALE D'IGG,non,2000 AJOUT
5375,5,TROUBLE METABOLIQUE SPONTANE,53,PATHOLOGIE DES PROTIDES (SAI),75,SECRETION MONOCLONALE D'IGM,SECRETION MONOCLONALE D'IGM,non,2000 AJOUT
5376,5,TROUBLE METABOLIQUE SPONTANE,53,PATHOLOGIE DES PROTIDES (SAI),76,SECRETION MONOCLONALE DE CHAINE LEGERE KAPPA,SECRETION MONOCLONALE DE CHAINE LEGERE KAPPA,non,2000 AJOUT
5377,5,TROUBLE METABOLIQUE SPONTANE,53,PATHOLOGIE DES PROTIDES (SAI),77,SECRETION MONOCLONALE DE CHAINE LEGERE LAMBDA,SECRETION MONOCLONALE DE CHAINE LEGERE LAMBDA,non,2000 AJOUT
5380,5,TROUBLE METABOLIQUE SPONTANE,53,PATHOLOGIE DES PROTIDES (SAI),80,LESION AU COURS DE L'UREMIE : (SAI),LESION AU COURS DE L'UREMIE : (SAI),oui,
5390,5,TROUBLE METABOLIQUE SPONTANE,53,PATHOLOGIE DES PROTIDES (SAI),90,ERREUR INNEE DU METABOLISME ACIDES AMINES (SAI),ERREUR INNEE DU METABOLISME ACIDES AMINES (SAI),oui,
5391,5,TROUBLE METABOLIQUE SPONTANE,53,PATHOLOGIE DES PROTIDES (SAI),91,CYSTINOSE,CYSTINOSE,non,
5393,5,TROUBLE METABOLIQUE SPONTANE,53,PATHOLOGIE DES PROTIDES (SAI),93,CYSTINURIE,CYSTINURIE,non,
5395,5,TROUBLE METABOLIQUE SPONTANE,53,PATHOLOGIE DES PROTIDES (SAI),95,OXALOSE,OXALOSE,non,
5396,5,TROUBLE METABOLIQUE SPONTANE,53,PATHOLOGIE DES PROTIDES (SAI),96,PHENYLCETONURIE,PHENYLCETONURIE,non,
5397,5,TROUBLE METABOLIQUE SPONTANE,53,PATHOLOGIE DES PROTIDES (SAI),97,TYROSINOSE,TYROSINOSE,non,
5398,5,TROUBLE METABOLIQUE SPONTANE,53,PATHOLOGIE DES PROTIDES (SAI),98,LESIONS PAR DEFICIT EN ORNITHINE CARBAMYL TRANSFERASE PATHOLOGIE DES PIGMENTS,LESIONS PAR DEFICIT EN ORNITHINE CARBAMYL TRANSFERASE PATHOLOGIE DES PIGMENTS,non,1992 AJOUT
5400,5,TROUBLE METABOLIQUE SPONTANE,54,PATHOLOGIE DES PIGMENTS BILIAIRES,00,PATHOLOGIE DES PIGMENTS BILIAIRES,PATHOLOGIE DES PIGMENTS BILIAIRES,non,
5410,5,TROUBLE METABOLIQUE SPONTANE,54,PATHOLOGIE DES PIGMENTS BILIAIRES,10,CHOLESTASE - ICTERE (SAI),CHOLESTASE - ICTERE (SAI),oui,
5412,5,TROUBLE METABOLIQUE SPONTANE,54,PATHOLOGIE DES PIGMENTS BILIAIRES,12,CHOLESTASE : SURCHARGE OU INFILTRATION CELLULAIRE BILIAIRE,CHOLESTASE : SURCHARGE OU INFILTRATION CELLULAIRE BILIAIRE,non,
5414,5,TROUBLE METABOLIQUE SPONTANE,54,PATHOLOGIE DES PIGMENTS BILIAIRES,14,CHOLESTASE : THROMBUS OU CYLINDRE BILIAIRE,CHOLESTASE : THROMBUS OU CYLINDRE BILIAIRE,non,
5415,5,TROUBLE METABOLIQUE SPONTANE,54,PATHOLOGIE DES PIGMENTS BILIAIRES,15,CHOLESTASE : APOPLEXIE BILIAIRE - INFARCTUS BILIAIRE,CHOLESTASE : APOPLEXIE BILIAIRE - INFARCTUS BILIAIRE,non,1998 AJOUT
5416,5,TROUBLE METABOLIQUE SPONTANE,54,PATHOLOGIE DES PIGMENTS BILIAIRES,16,CHOLESTASE : EPANCHEMENT BILIAIRE,CHOLESTASE : EPANCHEMENT BILIAIRE,non,
5417,5,TROUBLE METABOLIQUE SPONTANE,54,PATHOLOGIE DES PIGMENTS BILIAIRES,17,CHOLESTASE : ICTERE NUCLEAIRE - ICTERE NUCLEAIRE,CHOLESTASE : ICTERE NUCLEAIRE - ICTERE NUCLEAIRE,non,
5420,5,TROUBLE METABOLIQUE SPONTANE,54,PATHOLOGIE DES PIGMENTS BILIAIRES,20,CHOLESTASE PAR OBSTACLE SUR LA VOIE BILIAIRE (SAI),CHOLESTASE PAR OBSTACLE SUR LA VOIE BILIAIRE (SAI),oui,1998 MODIF
5430,5,TROUBLE METABOLIQUE SPONTANE,54,PATHOLOGIE DES PIGMENTS BILIAIRES,30,CHOLESTASE INTRAHEPATIQUE (SAI),CHOLESTASE INTRAHEPATIQUE (SAI),oui,
5432,5,TROUBLE METABOLIQUE SPONTANE,54,PATHOLOGIE DES PIGMENTS BILIAIRES,32,CHOLESTASE INTRAHEPATIQUE A BILIRUBINE CONJUGUEE,CHOLESTASE INTRAHEPATIQUE A BILIRUBINE CONJUGUEE,non,
5434,5,TROUBLE METABOLIQUE SPONTANE,54,PATHOLOGIE DES PIGMENTS BILIAIRES,34,CHOLESTASE INTRAHEPATIQUE A BILIRUBINE LIBRE,CHOLESTASE INTRAHEPATIQUE A BILIRUBINE LIBRE,non,
5436,5,TROUBLE METABOLIQUE SPONTANE,54,PATHOLOGIE DES PIGMENTS BILIAIRES,36,MALADIE DE BYLER - CHOLESTASE FAMILIALE FIBROSANTE,MALADIE DE BYLER - CHOLESTASE FAMILIALE FIBROSANTE,non,
5438,5,TROUBLE METABOLIQUE SPONTANE,54,PATHOLOGIE DES PIGMENTS BILIAIRES,38,CHOLESTASE RECURRENTE BENIGNE,CHOLESTASE RECURRENTE BENIGNE,non,
5439,5,TROUBLE METABOLIQUE SPONTANE,54,PATHOLOGIE DES PIGMENTS BILIAIRES,39,CHOLESTASE NEONATALE,CHOLESTASE NEONATALE,non,1992 AJOUT
5440,5,TROUBLE METABOLIQUE SPONTANE,54,PATHOLOGIE DES PIGMENTS BILIAIRES,40,CHOLESTASE PROLONGEE D'ORIGINE INDETERMINEE (SAI),CHOLESTASE PROLONGEE D'ORIGINE INDETERMINEE (SAI),oui,
5450,5,TROUBLE METABOLIQUE SPONTANE,54,PATHOLOGIE DES PIGMENTS BILIAIRES,50,CHOLESTASE D'ORIGINE INFECTIEUSE (SAI) - DOUBLE CODAGE AVEC INFECTION,CHOLESTASE D'ORIGINE INFECTIEUSE (SAI) - DOUBLE CODAGE AVEC INFECTION,oui,1998 AJOUT
5500,5,TROUBLE METABOLIQUE SPONTANE,55,PATHOLOGIE DES PIGMENTS ENDOGENES AUTRES QUE BILIAIRES (SAI),00,PATHOLOGIE DES PIGMENTS ENDOGENES AUTRES QUE BILIAIRES (SAI),PATHOLOGIE DES PIGMENTS ENDOGENES AUTRES QUE BILIAIRES (SAI),oui,
5510,5,TROUBLE METABOLIQUE SPONTANE,55,PATHOLOGIE DES PIGMENTS ENDOGENES AUTRES QUE BILIAIRES (SAI),10,TROUBLE DU METABOLISME DES LIPOPIGMENTS (SAI),TROUBLE DU METABOLISME DES LIPOPIGMENTS (SAI),oui,
5512,5,TROUBLE METABOLIQUE SPONTANE,55,PATHOLOGIE DES PIGMENTS ENDOGENES AUTRES QUE BILIAIRES (SAI),12,LIPOFUSCINOSE (SAI),LIPOFUSCINOSE (SAI),oui,
5514,5,TROUBLE METABOLIQUE SPONTANE,55,PATHOLOGIE DES PIGMENTS ENDOGENES AUTRES QUE BILIAIRES (SAI),14,MALADIE DE DUBIN - JOHNSON – LIPOFUSCINOSE CONSTITUTIONELLE,MALADIE DE DUBIN - JOHNSON – LIPOFUSCINOSE CONSTITUTIONELLE,non,1998 MODIF
5516,5,TROUBLE METABOLIQUE SPONTANE,55,PATHOLOGIE DES PIGMENTS ENDOGENES AUTRES QUE BILIAIRES (SAI),16,MELANOSE MUQUEUSE – LIPOFUSCINOSE ACQUISE LOCALISEE – NIGROSE,MELANOSE MUQUEUSE – LIPOFUSCINOSE ACQUISE LOCALISEE – NIGROSE,non,
5517,5,TROUBLE METABOLIQUE SPONTANE,55,PATHOLOGIE DES PIGMENTS ENDOGENES AUTRES QUE BILIAIRES (SAI),17,BROWN BOWEL SYNDROME – LIPOFUSCINOSE ACQUISE DIFFUSE,BROWN BOWEL SYNDROME – LIPOFUSCINOSE ACQUISE DIFFUSE,non,1998 MODIF
5518,5,TROUBLE METABOLIQUE SPONTANE,55,PATHOLOGIE DES PIGMENTS ENDOGENES AUTRES QUE BILIAIRES (SAI),18,CEROIDE ET CEROIDOSE (SAI),CEROIDE ET CEROIDOSE (SAI),oui,
5520,5,TROUBLE METABOLIQUE SPONTANE,55,PATHOLOGIE DES PIGMENTS ENDOGENES AUTRES QUE BILIAIRES (SAI),20,TROUBLE DU METABOLISME DES PORPHYRINES (SAI),TROUBLE DU METABOLISME DES PORPHYRINES (SAI),oui,
5521,5,TROUBLE METABOLIQUE SPONTANE,55,PATHOLOGIE DES PIGMENTS ENDOGENES AUTRES QUE BILIAIRES (SAI),21,PORPHYRIE CUTANEE TARDIVE,PORPHYRIE CUTANEE TARDIVE,non,
5523,5,TROUBLE METABOLIQUE SPONTANE,55,PATHOLOGIE DES PIGMENTS ENDOGENES AUTRES QUE BILIAIRES (SAI),23,PORPHYRIE ERYTHROPOIETIQUE,PORPHYRIE ERYTHROPOIETIQUE,non,
5525,5,TROUBLE METABOLIQUE SPONTANE,55,PATHOLOGIE DES PIGMENTS ENDOGENES AUTRES QUE BILIAIRES (SAI),25,PROTOPORPHYRIE ERYTHROPOIETIQUE,PROTOPORPHYRIE ERYTHROPOIETIQUE,non,
5527,5,TROUBLE METABOLIQUE SPONTANE,55,PATHOLOGIE DES PIGMENTS ENDOGENES AUTRES QUE BILIAIRES (SAI),27,PORPHYRIE VARIEGATA,PORPHYRIE VARIEGATA,non,
5530,5,TROUBLE METABOLIQUE SPONTANE,55,PATHOLOGIE DES PIGMENTS ENDOGENES AUTRES QUE BILIAIRES (SAI),30,HYPOPIGMENTATION ET DEPIGMENTATION MELANIQUES (SAI),HYPOPIGMENTATION ET DEPIGMENTATION MELANIQUES (SAI),oui,
5531,5,TROUBLE METABOLIQUE SPONTANE,55,PATHOLOGIE DES PIGMENTS ENDOGENES AUTRES QUE BILIAIRES (SAI),31,HYPOMELANOSE EN GOUTTE,HYPOMELANOSE EN GOUTTE,non,
5532,5,TROUBLE METABOLIQUE SPONTANE,55,PATHOLOGIE DES PIGMENTS ENDOGENES AUTRES QUE BILIAIRES (SAI),32,HYPOMELANOSE POST LESIONNELLE,HYPOMELANOSE POST LESIONNELLE,non,
5534,5,TROUBLE METABOLIQUE SPONTANE,55,PATHOLOGIE DES PIGMENTS ENDOGENES AUTRES QUE BILIAIRES (SAI),34,PIEBALDISME,PIEBALDISME,non,
5535,5,TROUBLE METABOLIQUE SPONTANE,55,PATHOLOGIE DES PIGMENTS ENDOGENES AUTRES QUE BILIAIRES (SAI),35,VITILIGO,VITILIGO,non,
5537,5,TROUBLE METABOLIQUE SPONTANE,55,PATHOLOGIE DES PIGMENTS ENDOGENES AUTRES QUE BILIAIRES (SAI),37,WHITE SPOT DISEASE,WHITE SPOT DISEASE,non,
5539,5,TROUBLE METABOLIQUE SPONTANE,55,PATHOLOGIE DES PIGMENTS ENDOGENES AUTRES QUE BILIAIRES (SAI),39,ALBINISME,ALBINISME,non,
5540,5,TROUBLE METABOLIQUE SPONTANE,55,PATHOLOGIE DES PIGMENTS ENDOGENES AUTRES QUE BILIAIRES (SAI),40,DYSCHROMIE MELANIQUE,DYSCHROMIE MELANIQUE,non,
5541,5,TROUBLE METABOLIQUE SPONTANE,55,PATHOLOGIE DES PIGMENTS ENDOGENES AUTRES QUE BILIAIRES (SAI),41,POIKILODERMIE LOCALISEE,POIKILODERMIE LOCALISEE,non,
5543,5,TROUBLE METABOLIQUE SPONTANE,55,PATHOLOGIE DES PIGMENTS ENDOGENES AUTRES QUE BILIAIRES (SAI),43,POIKILODERMIE GENERALISEE,POIKILODERMIE GENERALISEE,non,
5550,5,TROUBLE METABOLIQUE SPONTANE,55,PATHOLOGIE DES PIGMENTS ENDOGENES AUTRES QUE BILIAIRES (SAI),50,MELANOSE - HYPERPIGMENTATION MELANIQUE - MELANOPHAGE,MELANOSE - HYPERPIGMENTATION MELANIQUE - MELANOPHAGE,non,1997 AJOUT
5551,5,TROUBLE METABOLIQUE SPONTANE,55,PATHOLOGIE DES PIGMENTS ENDOGENES AUTRES QUE BILIAIRES (SAI),51,CHLOASMA,CHLOASMA,non,
5552,5,TROUBLE METABOLIQUE SPONTANE,55,PATHOLOGIE DES PIGMENTS ENDOGENES AUTRES QUE BILIAIRES (SAI),52,EPHELIDE - LENTIGINE,EPHELIDE - LENTIGINE,non,2000 MODIF
5553,5,TROUBLE METABOLIQUE SPONTANE,55,PATHOLOGIE DES PIGMENTS ENDOGENES AUTRES QUE BILIAIRES (SAI),53,ERYTHEME PIGMENTE FIXE (CF OT0338 ET OTO339),ERYTHEME PIGMENTE FIXE (CF OT0338 ET OTO339),non,1997 SUPPR
5555,5,TROUBLE METABOLIQUE SPONTANE,55,PATHOLOGIE DES PIGMENTS ENDOGENES AUTRES QUE BILIAIRES (SAI),55,LENTIGO,LENTIGO,non,
5556,5,TROUBLE METABOLIQUE SPONTANE,55,PATHOLOGIE DES PIGMENTS ENDOGENES AUTRES QUE BILIAIRES (SAI),56,LENTIGINOSE,LENTIGINOSE,non,
5557,5,TROUBLE METABOLIQUE SPONTANE,55,PATHOLOGIE DES PIGMENTS ENDOGENES AUTRES QUE BILIAIRES (SAI),57,TACHE CAFE AU LAIT,TACHE CAFE AU LAIT,non,
5558,5,TROUBLE METABOLIQUE SPONTANE,55,PATHOLOGIE DES PIGMENTS ENDOGENES AUTRES QUE BILIAIRES (SAI),58,MELANOSE DE RIEHL,MELANOSE DE RIEHL,non,
5559,5,TROUBLE METABOLIQUE SPONTANE,55,PATHOLOGIE DES PIGMENTS ENDOGENES AUTRES QUE BILIAIRES (SAI),59,MELANODERMIE,MELANODERMIE,non,
5560,5,TROUBLE METABOLIQUE SPONTANE,55,PATHOLOGIE DES PIGMENTS ENDOGENES AUTRES QUE BILIAIRES (SAI),60,OCHRONOSE - ALCAPTONURIE,OCHRONOSE - ALCAPTONURIE,non,2003 MODIF
5570,5,TROUBLE METABOLIQUE SPONTANE,55,PATHOLOGIE DES PIGMENTS ENDOGENES AUTRES QUE BILIAIRES (SAI),70,HEMOGLOBINOSE (SAI),HEMOGLOBINOSE (SAI),oui,
5571,5,TROUBLE METABOLIQUE SPONTANE,55,PATHOLOGIE DES PIGMENTS ENDOGENES AUTRES QUE BILIAIRES (SAI),71,DREPANOCYTOSE,DREPANOCYTOSE,non,
5580,5,TROUBLE METABOLIQUE SPONTANE,55,PATHOLOGIE DES PIGMENTS ENDOGENES AUTRES QUE BILIAIRES (SAI),80,MYOGLOBINOSE (SAI),MYOGLOBINOSE (SAI),oui,
5581,5,TROUBLE METABOLIQUE SPONTANE,55,PATHOLOGIE DES PIGMENTS ENDOGENES AUTRES QUE BILIAIRES (SAI),81,MYOGLOBINURIE PAROXYSTIQUE PATHOLOGIE DU CALCIUM,MYOGLOBINURIE PAROXYSTIQUE PATHOLOGIE DU CALCIUM,non,
5600,5,TROUBLE METABOLIQUE SPONTANE,56,PATHOLOGIE DU METABOLISME PHOSPHOCALCIQUE (SAI),00,PATHOLOGIE DU METABOLISME PHOSPHOCALCIQUE (SAI),PATHOLOGIE DU METABOLISME PHOSPHOCALCIQUE (SAI),oui,
5601,5,TROUBLE METABOLIQUE SPONTANE,56,PATHOLOGIE DU METABOLISME PHOSPHOCALCIQUE (SAI),01,HYPOPHOSPHATASIE,HYPOPHOSPHATASIE,non,1992 AJOUT
5610,5,TROUBLE METABOLIQUE SPONTANE,56,PATHOLOGIE DU METABOLISME PHOSPHOCALCIQUE (SAI),10,CALCIFICATION - CALCINOSE LOCALISEE,CALCIFICATION - CALCINOSE LOCALISEE,non,
5611,5,TROUBLE METABOLIQUE SPONTANE,56,PATHOLOGIE DU METABOLISME PHOSPHOCALCIQUE (SAI),11,CALCIFICATION LOCALISEE PRIMITIVE,CALCIFICATION LOCALISEE PRIMITIVE,non,
5612,5,TROUBLE METABOLIQUE SPONTANE,56,PATHOLOGIE DU METABOLISME PHOSPHOCALCIQUE (SAI),12,CALCIFICATION LOCALISEE SECONDAIRE,CALCIFICATION LOCALISEE SECONDAIRE,non,
5613,5,TROUBLE METABOLIQUE SPONTANE,56,PATHOLOGIE DU METABOLISME PHOSPHOCALCIQUE (SAI),13,"MICROCALCIFICATIONS (SEIN,...)","MICROCALCIFICATIONS (SEIN,...)",non,1997 AJOUT
5614,5,TROUBLE METABOLIQUE SPONTANE,56,PATHOLOGIE DU METABOLISME PHOSPHOCALCIQUE (SAI),14,CALCINOSE CIRCONSCRITE PSEUDOTUMORALE,CALCINOSE CIRCONSCRITE PSEUDOTUMORALE,non,
5615,5,TROUBLE METABOLIQUE SPONTANE,56,PATHOLOGIE DU METABOLISME PHOSPHOCALCIQUE (SAI),15,CALCINOSIS CUTIS,CALCINOSIS CUTIS,non,
5616,5,TROUBLE METABOLIQUE SPONTANE,56,PATHOLOGIE DU METABOLISME PHOSPHOCALCIQUE (SAI),16,CALCIPHYLAXIE,CALCIPHYLAXIE,non,2003 AJOUT
5617,5,TROUBLE METABOLIQUE SPONTANE,56,PATHOLOGIE DU METABOLISME PHOSPHOCALCIQUE (SAI),17,CALCINOSE NODULAIRE CONGENITALE DE WINER,CALCINOSE NODULAIRE CONGENITALE DE WINER,non,
5620,5,TROUBLE METABOLIQUE SPONTANE,56,PATHOLOGIE DU METABOLISME PHOSPHOCALCIQUE (SAI),20,CALCIFICATION DISSEMINEE (SAI),CALCIFICATION DISSEMINEE (SAI),oui,
5621,5,TROUBLE METABOLIQUE SPONTANE,56,PATHOLOGIE DU METABOLISME PHOSPHOCALCIQUE (SAI),21,CALCIFICATION METASTATIQUE,CALCIFICATION METASTATIQUE,non,
5623,5,TROUBLE METABOLIQUE SPONTANE,56,PATHOLOGIE DU METABOLISME PHOSPHOCALCIQUE (SAI),23,CALCINOSE TUMORALE D'INCLAN - LIPOCALCINOGRANULOMATOSE DE TEUTSCHLANDER,CALCINOSE TUMORALE D'INCLAN - LIPOCALCINOGRANULOMATOSE DE TEUTSCHLANDER,non,
5630,5,TROUBLE METABOLIQUE SPONTANE,56,PATHOLOGIE DU METABOLISME PHOSPHOCALCIQUE (SAI),30,CALCINOSE GENERALISEE,CALCINOSE GENERALISEE,non,
5640,5,TROUBLE METABOLIQUE SPONTANE,56,PATHOLOGIE DU METABOLISME PHOSPHOCALCIQUE (SAI),40,CALCIFICATION OU CALCINOSE PARTICULIERE (SAI) CALCIFICATION INTRACANALAIRE,CALCIFICATION OU CALCINOSE PARTICULIERE (SAI) CALCIFICATION INTRACANALAIRE,oui,
5645,5,TROUBLE METABOLIQUE SPONTANE,56,PATHOLOGIE DU METABOLISME PHOSPHOCALCIQUE (SAI),45,MEDIACALCOSE - MINERALISATION VASCULAIRE,MEDIACALCOSE - MINERALISATION VASCULAIRE,non,
5647,5,TROUBLE METABOLIQUE SPONTANE,56,PATHOLOGIE DU METABOLISME PHOSPHOCALCIQUE (SAI),47,CALCIFICATION ARTERIELLE INFANTILE,CALCIFICATION ARTERIELLE INFANTILE,non,
5648,5,TROUBLE METABOLIQUE SPONTANE,56,PATHOLOGIE DU METABOLISME PHOSPHOCALCIQUE (SAI),48,PHLEBOLITHE,PHLEBOLITHE,non,1992 AJOUT
5650,5,TROUBLE METABOLIQUE SPONTANE,56,PATHOLOGIE DU METABOLISME PHOSPHOCALCIQUE (SAI),50,LESION PAR DYSCALCEMIE,LESION PAR DYSCALCEMIE,non,
5652,5,TROUBLE METABOLIQUE SPONTANE,56,PATHOLOGIE DU METABOLISME PHOSPHOCALCIQUE (SAI),52,LESION PAR HYPERCALCEMIE,LESION PAR HYPERCALCEMIE,non,
5654,5,TROUBLE METABOLIQUE SPONTANE,56,PATHOLOGIE DU METABOLISME PHOSPHOCALCIQUE (SAI),54,LESION PAR HYPOCALCEMIE PATHOLOGIE DES AUTRES SUBSTANCES MINERALES,LESION PAR HYPOCALCEMIE PATHOLOGIE DES AUTRES SUBSTANCES MINERALES,non,
5700,5,TROUBLE METABOLIQUE SPONTANE,57,PATHOLOGIE DES AUTRES SUBSTANCES MINERALES (SAI),00,PATHOLOGIE DES AUTRES SUBSTANCES MINERALES (SAI),PATHOLOGIE DES AUTRES SUBSTANCES MINERALES (SAI),oui,
5710,5,TROUBLE METABOLIQUE SPONTANE,57,PATHOLOGIE DES AUTRES SUBSTANCES MINERALES (SAI),10,SIDEROSE (SAI),SIDEROSE (SAI),oui,
5711,5,TROUBLE METABOLIQUE SPONTANE,57,PATHOLOGIE DES AUTRES SUBSTANCES MINERALES (SAI),11,SIDEROSE PRIMITIVE,SIDEROSE PRIMITIVE,non,
5713,5,TROUBLE METABOLIQUE SPONTANE,57,PATHOLOGIE DES AUTRES SUBSTANCES MINERALES (SAI),13,SIDEROSE SECONDAIRE,SIDEROSE SECONDAIRE,non,
5714,5,TROUBLE METABOLIQUE SPONTANE,57,PATHOLOGIE DES AUTRES SUBSTANCES MINERALES (SAI),14,SIDEROSE REGIONALE,SIDEROSE REGIONALE,non,
5716,5,TROUBLE METABOLIQUE SPONTANE,57,PATHOLOGIE DES AUTRES SUBSTANCES MINERALES (SAI),16,SIDEROSE GENERALISEE,SIDEROSE GENERALISEE,non,
5717,5,TROUBLE METABOLIQUE SPONTANE,57,PATHOLOGIE DES AUTRES SUBSTANCES MINERALES (SAI),17,SIDEROCALCOSE,SIDEROCALCOSE,non,
5718,5,TROUBLE METABOLIQUE SPONTANE,57,PATHOLOGIE DES AUTRES SUBSTANCES MINERALES (SAI),18,PSEUDOCHROMIDROSE PLANTAIRE,PSEUDOCHROMIDROSE PLANTAIRE,non,
5719,5,TROUBLE METABOLIQUE SPONTANE,57,PATHOLOGIE DES AUTRES SUBSTANCES MINERALES (SAI),19,SIDEROSE MACROPHAGIQUE - SIDEROPHAGE,SIDEROSE MACROPHAGIQUE - SIDEROPHAGE,non,1997 AJOUT
5720,5,TROUBLE METABOLIQUE SPONTANE,57,PATHOLOGIE DES AUTRES SUBSTANCES MINERALES (SAI),20,HEMOCHROMATOSE (SAI) - HEMOSIDEROSE (SAI),HEMOCHROMATOSE (SAI) - HEMOSIDEROSE (SAI),oui,1998 MODIF
5721,5,TROUBLE METABOLIQUE SPONTANE,57,PATHOLOGIE DES AUTRES SUBSTANCES MINERALES (SAI),21,HEMOCHROMATOSE PRIMITIVE (GENETIQUE),HEMOCHROMATOSE PRIMITIVE (GENETIQUE),non,1998 MODIF
5722,5,TROUBLE METABOLIQUE SPONTANE,57,PATHOLOGIE DES AUTRES SUBSTANCES MINERALES (SAI),22,HEMOCHROMATOSE AVEC FIBROSE (GENETIQUE),HEMOCHROMATOSE AVEC FIBROSE (GENETIQUE),non,1998 MODIF
5723,5,TROUBLE METABOLIQUE SPONTANE,57,PATHOLOGIE DES AUTRES SUBSTANCES MINERALES (SAI),23,HEMOCHROMATOSE SECONDAIRE (HEMOSIDEROSE AVEC FIBROSE),HEMOCHROMATOSE SECONDAIRE (HEMOSIDEROSE AVEC FIBROSE),non,1998 MODIF
5724,5,TROUBLE METABOLIQUE SPONTANE,57,PATHOLOGIE DES AUTRES SUBSTANCES MINERALES (SAI),24,HEMOCHROMATOSE AVEC CIRRHOSE (GENETIQUE),HEMOCHROMATOSE AVEC CIRRHOSE (GENETIQUE),non,1998 MODIF
5725,5,TROUBLE METABOLIQUE SPONTANE,57,PATHOLOGIE DES AUTRES SUBSTANCES MINERALES (SAI),25,HEMOCHROMATOSE TRAITEE,HEMOCHROMATOSE TRAITEE,non,1992 AJOUT
5726,5,TROUBLE METABOLIQUE SPONTANE,57,PATHOLOGIE DES AUTRES SUBSTANCES MINERALES (SAI),26,HEMOSIDEROSE SECONDAIRE AVEC CIRRHOSE,HEMOSIDEROSE SECONDAIRE AVEC CIRRHOSE,non,1998 AJOUT
5727,5,TROUBLE METABOLIQUE SPONTANE,57,PATHOLOGIE DES AUTRES SUBSTANCES MINERALES (SAI),27,HEMOCHROMATOSE PERINATALE,HEMOCHROMATOSE PERINATALE,non,1998 AJOUT
5730,5,TROUBLE METABOLIQUE SPONTANE,57,PATHOLOGIE DES AUTRES SUBSTANCES MINERALES (SAI),30,MALADIE DE WILSON - PATHOLOGIE DU CUIVRE,MALADIE DE WILSON - PATHOLOGIE DU CUIVRE,non,
5738,5,TROUBLE METABOLIQUE SPONTANE,57,PATHOLOGIE DES AUTRES SUBSTANCES MINERALES (SAI),38,MALADIE DE MENKES,MALADIE DE MENKES,non,
5780,5,TROUBLE METABOLIQUE SPONTANE,57,PATHOLOGIE DES AUTRES SUBSTANCES MINERALES (SAI),80,TROUBLE IONIQUE (SAI),TROUBLE IONIQUE (SAI),oui,
5781,5,TROUBLE METABOLIQUE SPONTANE,57,PATHOLOGIE DES AUTRES SUBSTANCES MINERALES (SAI),81,LESION AU COURS DES DYSNATREMIES,LESION AU COURS DES DYSNATREMIES,non,
5782,5,TROUBLE METABOLIQUE SPONTANE,57,PATHOLOGIE DES AUTRES SUBSTANCES MINERALES (SAI),82,LESION AU COURS DES HYPERNATREMIES,LESION AU COURS DES HYPERNATREMIES,non,
5783,5,TROUBLE METABOLIQUE SPONTANE,57,PATHOLOGIE DES AUTRES SUBSTANCES MINERALES (SAI),83,LESION AU COURS DES HYPONATREMIES,LESION AU COURS DES HYPONATREMIES,non,
5785,5,TROUBLE METABOLIQUE SPONTANE,57,PATHOLOGIE DES AUTRES SUBSTANCES MINERALES (SAI),85,LESION AU COURS DES DYSKALIEMIES,LESION AU COURS DES DYSKALIEMIES,non,
5786,5,TROUBLE METABOLIQUE SPONTANE,57,PATHOLOGIE DES AUTRES SUBSTANCES MINERALES (SAI),86,LESION AU COURS DES HYPERKALIEMIES,LESION AU COURS DES HYPERKALIEMIES,non,
5787,5,TROUBLE METABOLIQUE SPONTANE,57,PATHOLOGIE DES AUTRES SUBSTANCES MINERALES (SAI),87,LESION AU COURS DES HYPOKALIEMIES PATHOLOGIE VITAMINIQUE – TROUBLES ENDOCRINIENS,LESION AU COURS DES HYPOKALIEMIES PATHOLOGIE VITAMINIQUE – TROUBLES ENDOCRINIENS,non,
5800,5,TROUBLE METABOLIQUE SPONTANE,58,PATHOLOGIE DES TROUBLES VITAMINIQUES ET ENDOCRINES,00,PATHOLOGIE DES TROUBLES VITAMINIQUES ET ENDOCRINES,PATHOLOGIE DES TROUBLES VITAMINIQUES ET ENDOCRINES,non,
5810,5,TROUBLE METABOLIQUE SPONTANE,58,PATHOLOGIE DES TROUBLES VITAMINIQUES ET ENDOCRINES,10,AVITAMINOSE OU HYPOVITAMINOSE (SAI),AVITAMINOSE OU HYPOVITAMINOSE (SAI),oui,
5811,5,TROUBLE METABOLIQUE SPONTANE,58,PATHOLOGIE DES TROUBLES VITAMINIQUES ET ENDOCRINES,11,AVITAMINOSE A,AVITAMINOSE A,non,
5812,5,TROUBLE METABOLIQUE SPONTANE,58,PATHOLOGIE DES TROUBLES VITAMINIQUES ET ENDOCRINES,12,AVITAMINOSE B1,AVITAMINOSE B1,non,
5813,5,TROUBLE METABOLIQUE SPONTANE,58,PATHOLOGIE DES TROUBLES VITAMINIQUES ET ENDOCRINES,13,AVITAMINOSE B5-PP,AVITAMINOSE B5-PP,non,
5814,5,TROUBLE METABOLIQUE SPONTANE,58,PATHOLOGIE DES TROUBLES VITAMINIQUES ET ENDOCRINES,14,AVITAMINOSE B6,AVITAMINOSE B6,non,
5815,5,TROUBLE METABOLIQUE SPONTANE,58,PATHOLOGIE DES TROUBLES VITAMINIQUES ET ENDOCRINES,15,MALADIE DE BIERMER - AVITAMINOSE B12,MALADIE DE BIERMER - AVITAMINOSE B12,non,
5816,5,TROUBLE METABOLIQUE SPONTANE,58,PATHOLOGIE DES TROUBLES VITAMINIQUES ET ENDOCRINES,16,AVITAMINOSE C,AVITAMINOSE C,non,
5817,5,TROUBLE METABOLIQUE SPONTANE,58,PATHOLOGIE DES TROUBLES VITAMINIQUES ET ENDOCRINES,17,AVITAMINOSE D,AVITAMINOSE D,non,
5818,5,TROUBLE METABOLIQUE SPONTANE,58,PATHOLOGIE DES TROUBLES VITAMINIQUES ET ENDOCRINES,18,AVITAMINOSE E,AVITAMINOSE E,non,
5819,5,TROUBLE METABOLIQUE SPONTANE,58,PATHOLOGIE DES TROUBLES VITAMINIQUES ET ENDOCRINES,19,DEFICIT EN FOLATE - DEFICIT EN ACIDE FOLIQUE - DEFICIT EN VITAMINE B9,DEFICIT EN FOLATE - DEFICIT EN ACIDE FOLIQUE - DEFICIT EN VITAMINE B9,non,
5830,5,TROUBLE METABOLIQUE SPONTANE,58,PATHOLOGIE DES TROUBLES VITAMINIQUES ET ENDOCRINES,30,HYPERVITAMINOSE (SAI),HYPERVITAMINOSE (SAI),oui,
5831,5,TROUBLE METABOLIQUE SPONTANE,58,PATHOLOGIE DES TROUBLES VITAMINIQUES ET ENDOCRINES,31,HYPERVITAMINOSE A,HYPERVITAMINOSE A,non,
5837,5,TROUBLE METABOLIQUE SPONTANE,58,PATHOLOGIE DES TROUBLES VITAMINIQUES ET ENDOCRINES,37,HYPERVITAMINOSE D,HYPERVITAMINOSE D,non,
5840,5,TROUBLE METABOLIQUE SPONTANE,58,PATHOLOGIE DES TROUBLES VITAMINIQUES ET ENDOCRINES,40,AVITAMINOSE TRAITEE,AVITAMINOSE TRAITEE,non,
5842,5,TROUBLE METABOLIQUE SPONTANE,58,PATHOLOGIE DES TROUBLES VITAMINIQUES ET ENDOCRINES,42,LESION VITAMINORESISTANTE,LESION VITAMINORESISTANTE,non,
5850,5,TROUBLE METABOLIQUE SPONTANE,58,PATHOLOGIE DES TROUBLES VITAMINIQUES ET ENDOCRINES,50,LESION DE L'INSUFFISANCE ENDOCRINE (SAI),LESION DE L'INSUFFISANCE ENDOCRINE (SAI),oui,
5851,5,TROUBLE METABOLIQUE SPONTANE,58,PATHOLOGIE DES TROUBLES VITAMINIQUES ET ENDOCRINES,51,LESION DE L'INSUFFISANCE DE L'HYPOPHYSE,LESION DE L'INSUFFISANCE DE L'HYPOPHYSE,non,
5853,5,TROUBLE METABOLIQUE SPONTANE,58,PATHOLOGIE DES TROUBLES VITAMINIQUES ET ENDOCRINES,53,LESION DE L'INSUFFISANCE DE L'OVAIRE,LESION DE L'INSUFFISANCE DE L'OVAIRE,non,
5855,5,TROUBLE METABOLIQUE SPONTANE,58,PATHOLOGIE DES TROUBLES VITAMINIQUES ET ENDOCRINES,55,LESION DE L'INSUFFISANCE DU PANCREAS ENDOCRINE,LESION DE L'INSUFFISANCE DU PANCREAS ENDOCRINE,non,
5857,5,TROUBLE METABOLIQUE SPONTANE,58,PATHOLOGIE DES TROUBLES VITAMINIQUES ET ENDOCRINES,57,LESION DE L'INSUFFISANCE DE LA PARATHYROIDE,LESION DE L'INSUFFISANCE DE LA PARATHYROIDE,non,
5863,5,TROUBLE METABOLIQUE SPONTANE,58,PATHOLOGIE DES TROUBLES VITAMINIQUES ET ENDOCRINES,63,LESION DE L'INSUFFISANCE DE LA CORTICOSURRENALE,LESION DE L'INSUFFISANCE DE LA CORTICOSURRENALE,non,
5865,5,TROUBLE METABOLIQUE SPONTANE,58,PATHOLOGIE DES TROUBLES VITAMINIQUES ET ENDOCRINES,65,LESION DE L'INSUFFISANCE DE LA MEDULLOSURRENALE,LESION DE L'INSUFFISANCE DE LA MEDULLOSURRENALE,non,
5867,5,TROUBLE METABOLIQUE SPONTANE,58,PATHOLOGIE DES TROUBLES VITAMINIQUES ET ENDOCRINES,67,LESION DE L'INSUFFISANCE DU TESTICULE,LESION DE L'INSUFFISANCE DU TESTICULE,non,
5869,5,TROUBLE METABOLIQUE SPONTANE,58,PATHOLOGIE DES TROUBLES VITAMINIQUES ET ENDOCRINES,69,LESION AU COURS DU SYNDROME D'HYPOTHYROIDIE,LESION AU COURS DU SYNDROME D'HYPOTHYROIDIE,non,1999 MODIF
5870,5,TROUBLE METABOLIQUE SPONTANE,58,PATHOLOGIE DES TROUBLES VITAMINIQUES ET ENDOCRINES,70,LESION AU COURS DE L'HYPERSECRETION ENDOCRINE (SAI),LESION AU COURS DE L'HYPERSECRETION ENDOCRINE (SAI),oui,
5871,5,TROUBLE METABOLIQUE SPONTANE,58,PATHOLOGIE DES TROUBLES VITAMINIQUES ET ENDOCRINES,71,LESION AU COURS DE L'HYPERSECRETION DE L'HYPOPHYSE,LESION AU COURS DE L'HYPERSECRETION DE L'HYPOPHYSE,non,
5873,5,TROUBLE METABOLIQUE SPONTANE,58,PATHOLOGIE DES TROUBLES VITAMINIQUES ET ENDOCRINES,73,LESION AU COURS DE L'HYPERSECRETION DE L'OVAIRE,LESION AU COURS DE L'HYPERSECRETION DE L'OVAIRE,non,
5875,5,TROUBLE METABOLIQUE SPONTANE,58,PATHOLOGIE DES TROUBLES VITAMINIQUES ET ENDOCRINES,75,LESION AU COURS DE L'HYPERSECRETION DU PANCREAS ENDOCRINE,LESION AU COURS DE L'HYPERSECRETION DU PANCREAS ENDOCRINE,non,
5877,5,TROUBLE METABOLIQUE SPONTANE,58,PATHOLOGIE DES TROUBLES VITAMINIQUES ET ENDOCRINES,77,LESION AU COURS DE L'HYPERSECRETION DE LA PARATHYROIDE,LESION AU COURS DE L'HYPERSECRETION DE LA PARATHYROIDE,non,
5878,5,TROUBLE METABOLIQUE SPONTANE,58,PATHOLOGIE DES TROUBLES VITAMINIQUES ET ENDOCRINES,78,LESION AU COURS DE L'HYPERPARATHYROIDIE PRIMITIVE,LESION AU COURS DE L'HYPERPARATHYROIDIE PRIMITIVE,non,
5879,5,TROUBLE METABOLIQUE SPONTANE,58,PATHOLOGIE DES TROUBLES VITAMINIQUES ET ENDOCRINES,79,LESION AU COURS DE L'HYPERPARATHYROIDIE SECONDAIRE,LESION AU COURS DE L'HYPERPARATHYROIDIE SECONDAIRE,non,
5883,5,TROUBLE METABOLIQUE SPONTANE,58,PATHOLOGIE DES TROUBLES VITAMINIQUES ET ENDOCRINES,83,LESION AU COURS DE L'HYPERSECRETION DE LA CORTICOSURRENALE,LESION AU COURS DE L'HYPERSECRETION DE LA CORTICOSURRENALE,non,
5885,5,TROUBLE METABOLIQUE SPONTANE,58,PATHOLOGIE DES TROUBLES VITAMINIQUES ET ENDOCRINES,85,LESION AU COURS DE L'HYPERSECRETION DE LA MEDULLOSURRENALE,LESION AU COURS DE L'HYPERSECRETION DE LA MEDULLOSURRENALE,non,
5887,5,TROUBLE METABOLIQUE SPONTANE,58,PATHOLOGIE DES TROUBLES VITAMINIQUES ET ENDOCRINES,87,LESION AU COURS DE L'HYPERSECRETION DU TESTICULE,LESION AU COURS DE L'HYPERSECRETION DU TESTICULE,non,
5889,5,TROUBLE METABOLIQUE SPONTANE,58,PATHOLOGIE DES TROUBLES VITAMINIQUES ET ENDOCRINES,89,LESION AU COURS DE L'HYPERSECRETION DE LA THYROIDE LITHIASES – MALADIE DES PEROXYSOMES –,LESION AU COURS DE L'HYPERSECRETION DE LA THYROIDE LITHIASES – MALADIE DES PEROXYSOMES –,non,
5900,5,TROUBLE METABOLIQUE SPONTANE,59,LITHIASE (SAI),00,LITHIASE (SAI),LITHIASE (SAI),oui,
5901,5,TROUBLE METABOLIQUE SPONTANE,59,LITHIASE (SAI),01,MICROLITHIASE - LITHIASE INTRAGLANDULAIRE,MICROLITHIASE - LITHIASE INTRAGLANDULAIRE,non,
5902,5,TROUBLE METABOLIQUE SPONTANE,59,LITHIASE (SAI),02,LITHIASE BILIAIRE - LITHIASE PIGMENTAIRE,LITHIASE BILIAIRE - LITHIASE PIGMENTAIRE,non,
5903,5,TROUBLE METABOLIQUE SPONTANE,59,LITHIASE (SAI),03,LITHIASE CHOLESTEROLIQUE,LITHIASE CHOLESTEROLIQUE,non,
5904,5,TROUBLE METABOLIQUE SPONTANE,59,LITHIASE (SAI),04,LITHIASE CYSTINIQUE,LITHIASE CYSTINIQUE,non,
5905,5,TROUBLE METABOLIQUE SPONTANE,59,LITHIASE (SAI),05,LITHIASE MIXTE,LITHIASE MIXTE,non,
5906,5,TROUBLE METABOLIQUE SPONTANE,59,LITHIASE (SAI),06,LITHIASE OXALIQUE,LITHIASE OXALIQUE,non,
5907,5,TROUBLE METABOLIQUE SPONTANE,59,LITHIASE (SAI),07,LITHIASE PHOSPHOCALCIQUE,LITHIASE PHOSPHOCALCIQUE,non,
5908,5,TROUBLE METABOLIQUE SPONTANE,59,LITHIASE (SAI),08,LITHIASE URIQUE,LITHIASE URIQUE,non,
5920,5,TROUBLE METABOLIQUE SPONTANE,59,LITHIASE (SAI),20,MALADIE DES PEROXYSOMES (SAI),MALADIE DES PEROXYSOMES (SAI),oui,1992 AJOUT
5922,5,TROUBLE METABOLIQUE SPONTANE,59,LITHIASE (SAI),22,DEFICIT PARTIEL EN PEROXYSOMES,DEFICIT PARTIEL EN PEROXYSOMES,non,1992 AJOUT
5924,5,TROUBLE METABOLIQUE SPONTANE,59,LITHIASE (SAI),24,SYNDROME DE ZELLWEGER - SYNDROME HEPATO-CEREBRO-RENAL,SYNDROME DE ZELLWEGER - SYNDROME HEPATO-CEREBRO-RENAL,non,1992 AJOUT
5926,5,TROUBLE METABOLIQUE SPONTANE,59,LITHIASE (SAI),26,ZELLWEGER LIKE (PAS DE DEFICIT EN PEROXYSOMES),ZELLWEGER LIKE (PAS DE DEFICIT EN PEROXYSOMES),non,1992 AJOUT
5928,5,TROUBLE METABOLIQUE SPONTANE,59,LITHIASE (SAI),28,CHONDRODYSTROPHIE PONCTUEE RHIZOMELIQUE,CHONDRODYSTROPHIE PONCTUEE RHIZOMELIQUE,non,1992 AJOUT
5932,5,TROUBLE METABOLIQUE SPONTANE,59,LITHIASE (SAI),32,CHONDRODYSTROPHIE PONCTUEE RHIZOMELIQUE LIEE A L'X,CHONDRODYSTROPHIE PONCTUEE RHIZOMELIQUE LIEE A L'X,non,1992 AJOUT
5934,5,TROUBLE METABOLIQUE SPONTANE,59,LITHIASE (SAI),34,ADRENOLEUCODYSTROPHIE LIEE A L'X,ADRENOLEUCODYSTROPHIE LIEE A L'X,non,1992 AJOUT
5936,5,TROUBLE METABOLIQUE SPONTANE,59,LITHIASE (SAI),36,ADRENOLEUCODYSTROPHIE PSEUDONEONATALE,ADRENOLEUCODYSTROPHIE PSEUDONEONATALE,non,1992 AJOUT
5959,5,TROUBLE METABOLIQUE SPONTANE,59,LITHIASE (SAI),59,MALADIE DES PEROXYSOMES (NON CODE PAR AILLEURS),MALADIE DES PEROXYSOMES (NON CODE PAR AILLEURS),non,1999 MODIF
5960,5,TROUBLE METABOLIQUE SPONTANE,59,LITHIASE (SAI),60,"MALADIE MITOCHONDRIALE - MITOCHONDRIOPATHIE (SAI, NCA)","MALADIE MITOCHONDRIALE - MITOCHONDRIOPATHIE (SAI, NCA)",non,1999 MODIF
5962,5,TROUBLE METABOLIQUE SPONTANE,59,LITHIASE (SAI),62,DEFICIT EN CARNITINE ET EN CARNITINE-PALMYTYL TRANSFERASE,DEFICIT EN CARNITINE ET EN CARNITINE-PALMYTYL TRANSFERASE,non,1992 AJOUT
5998,5,TROUBLE METABOLIQUE SPONTANE,59,LITHIASE (SAI),98,AFFECTION DYSMETABOLIQUE SUSPECTEE,AFFECTION DYSMETABOLIQUE SUSPECTEE,non,1992 AJOUT
5999,5,TROUBLE METABOLIQUE SPONTANE,59,LITHIASE (SAI),99,AFFECTION METABOLIQUE NON CODEE PAR AILLEURS (SAI) MODIFICATIONS DE VOLUME ACQUISES,AFFECTION METABOLIQUE NON CODEE PAR AILLEURS (SAI) MODIFICATIONS DE VOLUME ACQUISES,oui,
6000,6,"MODIFICATION DE VOLUME, DYSTROPHIE, KYSTE, METAPLASIE ET DYSPLASIE ACQUISE",60,MODIFICATION DE VOLUME (SAI),00,MODIFICATION DE VOLUME (SAI),MODIFICATION DE VOLUME (SAI),oui,
6001,6,"MODIFICATION DE VOLUME, DYSTROPHIE, KYSTE, METAPLASIE ET DYSPLASIE ACQUISE",60,MODIFICATION DE VOLUME (SAI),01,INVOLUTION PHYSIOLOGIQUE (TERRITOIRE DESERTIQUE PHYSIOLOGIQUE),INVOLUTION PHYSIOLOGIQUE (TERRITOIRE DESERTIQUE PHYSIOLOGIQUE),non,
6003,6,"MODIFICATION DE VOLUME, DYSTROPHIE, KYSTE, METAPLASIE ET DYSPLASIE ACQUISE",60,MODIFICATION DE VOLUME (SAI),03,INVOLUTION ACCIDENTELLE OU ACQUISE,INVOLUTION ACCIDENTELLE OU ACQUISE,non,
6010,6,"MODIFICATION DE VOLUME, DYSTROPHIE, KYSTE, METAPLASIE ET DYSPLASIE ACQUISE",60,MODIFICATION DE VOLUME (SAI),10,ATROPHIE - HYPOTROPHIE (SAI),ATROPHIE - HYPOTROPHIE (SAI),oui,
6011,6,"MODIFICATION DE VOLUME, DYSTROPHIE, KYSTE, METAPLASIE ET DYSPLASIE ACQUISE",60,MODIFICATION DE VOLUME (SAI),11,ATROPHIE OU HYPOTROPHIE EN AIRE OU LOCALISEE,ATROPHIE OU HYPOTROPHIE EN AIRE OU LOCALISEE,non,
6013,6,"MODIFICATION DE VOLUME, DYSTROPHIE, KYSTE, METAPLASIE ET DYSPLASIE ACQUISE",60,MODIFICATION DE VOLUME (SAI),13,ATROPHIE OU HYPOTROPHIE DIFFUSE,ATROPHIE OU HYPOTROPHIE DIFFUSE,non,
6015,6,"MODIFICATION DE VOLUME, DYSTROPHIE, KYSTE, METAPLASIE ET DYSPLASIE ACQUISE",60,MODIFICATION DE VOLUME (SAI),15,ATROPHIE OU HYPOTROPHIE DEBUTANTE OU MINIME,ATROPHIE OU HYPOTROPHIE DEBUTANTE OU MINIME,non,
6016,6,"MODIFICATION DE VOLUME, DYSTROPHIE, KYSTE, METAPLASIE ET DYSPLASIE ACQUISE",60,MODIFICATION DE VOLUME (SAI),16,ATROPHIE OU HYPOTROPHIE PARTIELLE,ATROPHIE OU HYPOTROPHIE PARTIELLE,non,
6017,6,"MODIFICATION DE VOLUME, DYSTROPHIE, KYSTE, METAPLASIE ET DYSPLASIE ACQUISE",60,MODIFICATION DE VOLUME (SAI),17,ATROPHIE OU HYPOTROPHIE SUBTOTALE,ATROPHIE OU HYPOTROPHIE SUBTOTALE,non,
6018,6,"MODIFICATION DE VOLUME, DYSTROPHIE, KYSTE, METAPLASIE ET DYSPLASIE ACQUISE",60,MODIFICATION DE VOLUME (SAI),18,ATROPHIE OU HYPOTROPHIE TOTALE,ATROPHIE OU HYPOTROPHIE TOTALE,non,
6019,6,"MODIFICATION DE VOLUME, DYSTROPHIE, KYSTE, METAPLASIE ET DYSPLASIE ACQUISE",60,MODIFICATION DE VOLUME (SAI),19,ATROPHIE OU HYPOTROPHIE D'INACTIVITE,ATROPHIE OU HYPOTROPHIE D'INACTIVITE,non,
6021,6,"MODIFICATION DE VOLUME, DYSTROPHIE, KYSTE, METAPLASIE ET DYSPLASIE ACQUISE",60,MODIFICATION DE VOLUME (SAI),21,ATROPHIE OU HYPOTROPHIE PAR DENERVATION,ATROPHIE OU HYPOTROPHIE PAR DENERVATION,non,
6023,6,"MODIFICATION DE VOLUME, DYSTROPHIE, KYSTE, METAPLASIE ET DYSPLASIE ACQUISE",60,MODIFICATION DE VOLUME (SAI),23,ATROPHIE MYOGENE (SAI),ATROPHIE MYOGENE (SAI),oui,
6024,6,"MODIFICATION DE VOLUME, DYSTROPHIE, KYSTE, METAPLASIE ET DYSPLASIE ACQUISE",60,MODIFICATION DE VOLUME (SAI),24,ATROPHIE NEURONALE,ATROPHIE NEURONALE,non,
6025,6,"MODIFICATION DE VOLUME, DYSTROPHIE, KYSTE, METAPLASIE ET DYSPLASIE ACQUISE",60,MODIFICATION DE VOLUME (SAI),25,ATROPHIE OU HYPOTROPHIE D'ORIGINE HORMONALE,ATROPHIE OU HYPOTROPHIE D'ORIGINE HORMONALE,non,
6027,6,"MODIFICATION DE VOLUME, DYSTROPHIE, KYSTE, METAPLASIE ET DYSPLASIE ACQUISE",60,MODIFICATION DE VOLUME (SAI),27,ATROPHIE OU HYPOTROPHIE SENILE,ATROPHIE OU HYPOTROPHIE SENILE,non,
6029,6,"MODIFICATION DE VOLUME, DYSTROPHIE, KYSTE, METAPLASIE ET DYSPLASIE ACQUISE",60,MODIFICATION DE VOLUME (SAI),29,HYPOTROPHIE FOETOPLACENTAIRE,HYPOTROPHIE FOETOPLACENTAIRE,non,
6031,6,"MODIFICATION DE VOLUME, DYSTROPHIE, KYSTE, METAPLASIE ET DYSPLASIE ACQUISE",60,MODIFICATION DE VOLUME (SAI),31,HYPOTROPHIE FOETALE,HYPOTROPHIE FOETALE,non,
6033,6,"MODIFICATION DE VOLUME, DYSTROPHIE, KYSTE, METAPLASIE ET DYSPLASIE ACQUISE",60,MODIFICATION DE VOLUME (SAI),33,HYPOTROPHIE PLACENTAIRE,HYPOTROPHIE PLACENTAIRE,non,
6040,6,"MODIFICATION DE VOLUME, DYSTROPHIE, KYSTE, METAPLASIE ET DYSPLASIE ACQUISE",60,MODIFICATION DE VOLUME (SAI),40,APLASIE ACQUISE (SAI),APLASIE ACQUISE (SAI),oui,
6042,6,"MODIFICATION DE VOLUME, DYSTROPHIE, KYSTE, METAPLASIE ET DYSPLASIE ACQUISE",60,MODIFICATION DE VOLUME (SAI),42,APLASIE ACQUISE EN AIRE OU LOCALISEE,APLASIE ACQUISE EN AIRE OU LOCALISEE,non,
6043,6,"MODIFICATION DE VOLUME, DYSTROPHIE, KYSTE, METAPLASIE ET DYSPLASIE ACQUISE",60,MODIFICATION DE VOLUME (SAI),43,APLASIE ACQUISE DIFFUSE,APLASIE ACQUISE DIFFUSE,non,
6044,6,"MODIFICATION DE VOLUME, DYSTROPHIE, KYSTE, METAPLASIE ET DYSPLASIE ACQUISE",60,MODIFICATION DE VOLUME (SAI),44,APLASIE ACQUISE TOTALE SANS REGENERATION,APLASIE ACQUISE TOTALE SANS REGENERATION,non,
6045,6,"MODIFICATION DE VOLUME, DYSTROPHIE, KYSTE, METAPLASIE ET DYSPLASIE ACQUISE",60,MODIFICATION DE VOLUME (SAI),45,APLASIE ACQUISE TOTALE AVEC REGENERATION,APLASIE ACQUISE TOTALE AVEC REGENERATION,non,
6047,6,"MODIFICATION DE VOLUME, DYSTROPHIE, KYSTE, METAPLASIE ET DYSPLASIE ACQUISE",60,MODIFICATION DE VOLUME (SAI),47,AGANGLIONOSE ACQUISE (GANGLION ET PLEXUS NERVEUX),AGANGLIONOSE ACQUISE (GANGLION ET PLEXUS NERVEUX),non,
6049,6,"MODIFICATION DE VOLUME, DYSTROPHIE, KYSTE, METAPLASIE ET DYSPLASIE ACQUISE",60,MODIFICATION DE VOLUME (SAI),49,APLASIE ACQUISE PAR TOXIQUES EXOGENES,APLASIE ACQUISE PAR TOXIQUES EXOGENES,non,
6051,6,"MODIFICATION DE VOLUME, DYSTROPHIE, KYSTE, METAPLASIE ET DYSPLASIE ACQUISE",60,MODIFICATION DE VOLUME (SAI),51,APLASIE ACQUISE IATROGENE (AUTRE QUE CHIMIOTHERAPIE),APLASIE ACQUISE IATROGENE (AUTRE QUE CHIMIOTHERAPIE),non,
6053,6,"MODIFICATION DE VOLUME, DYSTROPHIE, KYSTE, METAPLASIE ET DYSPLASIE ACQUISE",60,MODIFICATION DE VOLUME (SAI),53,APLASIE ACQUISE IATROGENE,APLASIE ACQUISE IATROGENE,non,
6055,6,"MODIFICATION DE VOLUME, DYSTROPHIE, KYSTE, METAPLASIE ET DYSPLASIE ACQUISE",60,MODIFICATION DE VOLUME (SAI),55,APLASIE ACQUISE D'ORIGINE HORMONALE,APLASIE ACQUISE D'ORIGINE HORMONALE,non,
6060,6,"MODIFICATION DE VOLUME, DYSTROPHIE, KYSTE, METAPLASIE ET DYSPLASIE ACQUISE",60,MODIFICATION DE VOLUME (SAI),60,HYPOPLASIE ACQUISE (SAI),HYPOPLASIE ACQUISE (SAI),oui,
6061,6,"MODIFICATION DE VOLUME, DYSTROPHIE, KYSTE, METAPLASIE ET DYSPLASIE ACQUISE",60,MODIFICATION DE VOLUME (SAI),61,HYPOPLASIE ACQUISE EN AIRE OU LOCALISEE,HYPOPLASIE ACQUISE EN AIRE OU LOCALISEE,non,
6062,6,"MODIFICATION DE VOLUME, DYSTROPHIE, KYSTE, METAPLASIE ET DYSPLASIE ACQUISE",60,MODIFICATION DE VOLUME (SAI),62,HYPOPLASIE ACQUISE DIFFUSE,HYPOPLASIE ACQUISE DIFFUSE,non,
6064,6,"MODIFICATION DE VOLUME, DYSTROPHIE, KYSTE, METAPLASIE ET DYSPLASIE ACQUISE",60,MODIFICATION DE VOLUME (SAI),64,HYPOPLASIE GLOBALE SANS REGENERATION,HYPOPLASIE GLOBALE SANS REGENERATION,non,
6065,6,"MODIFICATION DE VOLUME, DYSTROPHIE, KYSTE, METAPLASIE ET DYSPLASIE ACQUISE",60,MODIFICATION DE VOLUME (SAI),65,HYPOPLASIE GLOBALE AVEC REGENERATION,HYPOPLASIE GLOBALE AVEC REGENERATION,non,
6067,6,"MODIFICATION DE VOLUME, DYSTROPHIE, KYSTE, METAPLASIE ET DYSPLASIE ACQUISE",60,MODIFICATION DE VOLUME (SAI),67,ERYTHROBLASTOPENIE (SAI),ERYTHROBLASTOPENIE (SAI),oui,
6068,6,"MODIFICATION DE VOLUME, DYSTROPHIE, KYSTE, METAPLASIE ET DYSPLASIE ACQUISE",60,MODIFICATION DE VOLUME (SAI),68,ANEMIE - ERYTHROPENIE (SAI),ANEMIE - ERYTHROPENIE (SAI),oui,
6069,6,"MODIFICATION DE VOLUME, DYSTROPHIE, KYSTE, METAPLASIE ET DYSPLASIE ACQUISE",60,MODIFICATION DE VOLUME (SAI),69,LEUCOPENIE - HYPOPLASIE ACQUISE GRANULEUSE (SAI),LEUCOPENIE - HYPOPLASIE ACQUISE GRANULEUSE (SAI),oui,
6071,6,"MODIFICATION DE VOLUME, DYSTROPHIE, KYSTE, METAPLASIE ET DYSPLASIE ACQUISE",60,MODIFICATION DE VOLUME (SAI),71,THROMBOCYTOPENIE - HYPOPLASIE ACQUISE MEGACARYOCYTAIRE ET,THROMBOCYTOPENIE - HYPOPLASIE ACQUISE MEGACARYOCYTAIRE ET,non,
6073,6,"MODIFICATION DE VOLUME, DYSTROPHIE, KYSTE, METAPLASIE ET DYSPLASIE ACQUISE",60,MODIFICATION DE VOLUME (SAI),73,HYPOPLASIE ACQUISE PAR TOXIQUES EXOGENES,HYPOPLASIE ACQUISE PAR TOXIQUES EXOGENES,non,
6075,6,"MODIFICATION DE VOLUME, DYSTROPHIE, KYSTE, METAPLASIE ET DYSPLASIE ACQUISE",60,MODIFICATION DE VOLUME (SAI),75,HYPOPLASIE ACQUISE IATROGENE (AUTRE QUE CHIMIOTHERAPIE),HYPOPLASIE ACQUISE IATROGENE (AUTRE QUE CHIMIOTHERAPIE),non,
6077,6,"MODIFICATION DE VOLUME, DYSTROPHIE, KYSTE, METAPLASIE ET DYSPLASIE ACQUISE",60,MODIFICATION DE VOLUME (SAI),77,HYPOPLASIE ACQUISE IATROGENE,HYPOPLASIE ACQUISE IATROGENE,non,
6079,6,"MODIFICATION DE VOLUME, DYSTROPHIE, KYSTE, METAPLASIE ET DYSPLASIE ACQUISE",60,MODIFICATION DE VOLUME (SAI),79,HYPOPLASIE ACQUISE D'ORIGINE HORMONALE,HYPOPLASIE ACQUISE D'ORIGINE HORMONALE,non,
6080,6,"MODIFICATION DE VOLUME, DYSTROPHIE, KYSTE, METAPLASIE ET DYSPLASIE ACQUISE",60,MODIFICATION DE VOLUME (SAI),80,HYPERTROPHIE (SAI),HYPERTROPHIE (SAI),oui,
6081,6,"MODIFICATION DE VOLUME, DYSTROPHIE, KYSTE, METAPLASIE ET DYSPLASIE ACQUISE",60,MODIFICATION DE VOLUME (SAI),81,HYPERTROPHIE LOCALISEE,HYPERTROPHIE LOCALISEE,non,
6082,6,"MODIFICATION DE VOLUME, DYSTROPHIE, KYSTE, METAPLASIE ET DYSPLASIE ACQUISE",60,MODIFICATION DE VOLUME (SAI),82,HYPERTROPHIE DIFFUSE,HYPERTROPHIE DIFFUSE,non,
6083,6,"MODIFICATION DE VOLUME, DYSTROPHIE, KYSTE, METAPLASIE ET DYSPLASIE ACQUISE",60,MODIFICATION DE VOLUME (SAI),83,HYPERTROPHIE D'ADAPTATION,HYPERTROPHIE D'ADAPTATION,non,
6085,6,"MODIFICATION DE VOLUME, DYSTROPHIE, KYSTE, METAPLASIE ET DYSPLASIE ACQUISE",60,MODIFICATION DE VOLUME (SAI),85,HYPERTROPHIE CONCENTRIQUE,HYPERTROPHIE CONCENTRIQUE,non,
6087,6,"MODIFICATION DE VOLUME, DYSTROPHIE, KYSTE, METAPLASIE ET DYSPLASIE ACQUISE",60,MODIFICATION DE VOLUME (SAI),87,HYPERTROPHIE DILATATION,HYPERTROPHIE DILATATION,non,
6089,6,"MODIFICATION DE VOLUME, DYSTROPHIE, KYSTE, METAPLASIE ET DYSPLASIE ACQUISE",60,MODIFICATION DE VOLUME (SAI),89,HYPERTROPHIE COMPENSATRICE,HYPERTROPHIE COMPENSATRICE,non,
6091,6,"MODIFICATION DE VOLUME, DYSTROPHIE, KYSTE, METAPLASIE ET DYSPLASIE ACQUISE",60,MODIFICATION DE VOLUME (SAI),91,HYPERTROPHIE FOETOPLACENTAIRE,HYPERTROPHIE FOETOPLACENTAIRE,non,
6092,6,"MODIFICATION DE VOLUME, DYSTROPHIE, KYSTE, METAPLASIE ET DYSPLASIE ACQUISE",60,MODIFICATION DE VOLUME (SAI),92,HYPERTROPHIE FOETALE,HYPERTROPHIE FOETALE,non,
6093,6,"MODIFICATION DE VOLUME, DYSTROPHIE, KYSTE, METAPLASIE ET DYSPLASIE ACQUISE",60,MODIFICATION DE VOLUME (SAI),93,HYPERTROPHIE PLACENTAIRE ALTERATIONS CELLULAIRES ET TISSULAIRES,HYPERTROPHIE PLACENTAIRE ALTERATIONS CELLULAIRES ET TISSULAIRES,non,
6100,6,"MODIFICATION DE VOLUME, DYSTROPHIE, KYSTE, METAPLASIE ET DYSPLASIE ACQUISE",61,ALTERATION DEGENERATIVE CELLULAIRE ET TISSULAIRE (SAI),00,ALTERATION DEGENERATIVE CELLULAIRE ET TISSULAIRE (SAI),ALTERATION DEGENERATIVE CELLULAIRE ET TISSULAIRE (SAI),oui,
6110,6,"MODIFICATION DE VOLUME, DYSTROPHIE, KYSTE, METAPLASIE ET DYSPLASIE ACQUISE",61,ALTERATION DEGENERATIVE CELLULAIRE ET TISSULAIRE (SAI),10,ALTERATION DEGENERATIVE CYTOPLASMIQUE,ALTERATION DEGENERATIVE CYTOPLASMIQUE,non,
6111,6,"MODIFICATION DE VOLUME, DYSTROPHIE, KYSTE, METAPLASIE ET DYSPLASIE ACQUISE",61,ALTERATION DEGENERATIVE CELLULAIRE ET TISSULAIRE (SAI),11,BALLONISATION - CLARIFICATION,BALLONISATION - CLARIFICATION,non,
6112,6,"MODIFICATION DE VOLUME, DYSTROPHIE, KYSTE, METAPLASIE ET DYSPLASIE ACQUISE",61,ALTERATION DEGENERATIVE CELLULAIRE ET TISSULAIRE (SAI),12,SPONGIOSE INTERCELLULAIRE,SPONGIOSE INTERCELLULAIRE,non,
6113,6,"MODIFICATION DE VOLUME, DYSTROPHIE, KYSTE, METAPLASIE ET DYSPLASIE ACQUISE",61,ALTERATION DEGENERATIVE CELLULAIRE ET TISSULAIRE (SAI),13,HOMOGENEISATION - CONDENSATION ACIDOPHILE,HOMOGENEISATION - CONDENSATION ACIDOPHILE,non,
6115,6,"MODIFICATION DE VOLUME, DYSTROPHIE, KYSTE, METAPLASIE ET DYSPLASIE ACQUISE",61,ALTERATION DEGENERATIVE CELLULAIRE ET TISSULAIRE (SAI),15,NECROSE HYALINE FOCALE DU CYTOPLASME,NECROSE HYALINE FOCALE DU CYTOPLASME,non,
6117,6,"MODIFICATION DE VOLUME, DYSTROPHIE, KYSTE, METAPLASIE ET DYSPLASIE ACQUISE",61,ALTERATION DEGENERATIVE CELLULAIRE ET TISSULAIRE (SAI),17,MALLORY : CORPS DE,MALLORY : CORPS DE,non,
6119,6,"MODIFICATION DE VOLUME, DYSTROPHIE, KYSTE, METAPLASIE ET DYSPLASIE ACQUISE",61,ALTERATION DEGENERATIVE CELLULAIRE ET TISSULAIRE (SAI),19,ASPECT VITREUX DU CYTOPLASME - CELLULE EN VERRE DEPOLI,ASPECT VITREUX DU CYTOPLASME - CELLULE EN VERRE DEPOLI,non,
6121,6,"MODIFICATION DE VOLUME, DYSTROPHIE, KYSTE, METAPLASIE ET DYSPLASIE ACQUISE",61,ALTERATION DEGENERATIVE CELLULAIRE ET TISSULAIRE (SAI),21,INCLUSION CYTOPLASMIQUE PARTICULIERE (NCA),INCLUSION CYTOPLASMIQUE PARTICULIERE (NCA),non,
6122,6,"MODIFICATION DE VOLUME, DYSTROPHIE, KYSTE, METAPLASIE ET DYSPLASIE ACQUISE",61,ALTERATION DEGENERATIVE CELLULAIRE ET TISSULAIRE (SAI),22,PERTE DE LA CILIATION,PERTE DE LA CILIATION,non,1992 AJOUT
6123,6,"MODIFICATION DE VOLUME, DYSTROPHIE, KYSTE, METAPLASIE ET DYSPLASIE ACQUISE",61,ALTERATION DEGENERATIVE CELLULAIRE ET TISSULAIRE (SAI),23,DEGENERESCENCE WALLERIENNE,DEGENERESCENCE WALLERIENNE,non,
6124,6,"MODIFICATION DE VOLUME, DYSTROPHIE, KYSTE, METAPLASIE ET DYSPLASIE ACQUISE",61,ALTERATION DEGENERATIVE CELLULAIRE ET TISSULAIRE (SAI),24,DEGENERESCENCE NEUROFIBRILLAIRE,DEGENERESCENCE NEUROFIBRILLAIRE,non,
6125,6,"MODIFICATION DE VOLUME, DYSTROPHIE, KYSTE, METAPLASIE ET DYSPLASIE ACQUISE",61,ALTERATION DEGENERATIVE CELLULAIRE ET TISSULAIRE (SAI),25,DEGENERESCENCE VACUOLAIRE,DEGENERESCENCE VACUOLAIRE,non,
6126,6,"MODIFICATION DE VOLUME, DYSTROPHIE, KYSTE, METAPLASIE ET DYSPLASIE ACQUISE",61,ALTERATION DEGENERATIVE CELLULAIRE ET TISSULAIRE (SAI),26,CHROMATOLYSE,CHROMATOLYSE,non,
6127,6,"MODIFICATION DE VOLUME, DYSTROPHIE, KYSTE, METAPLASIE ET DYSPLASIE ACQUISE",61,ALTERATION DEGENERATIVE CELLULAIRE ET TISSULAIRE (SAI),27,PLAQUE SENILE,PLAQUE SENILE,non,
6128,6,"MODIFICATION DE VOLUME, DYSTROPHIE, KYSTE, METAPLASIE ET DYSPLASIE ACQUISE",61,ALTERATION DEGENERATIVE CELLULAIRE ET TISSULAIRE (SAI),28,CORPS DE LEWI,CORPS DE LEWI,non,
6129,6,"MODIFICATION DE VOLUME, DYSTROPHIE, KYSTE, METAPLASIE ET DYSPLASIE ACQUISE",61,ALTERATION DEGENERATIVE CELLULAIRE ET TISSULAIRE (SAI),29,CYTOMEGALIE,CYTOMEGALIE,non,1992 AJOUT
6130,6,"MODIFICATION DE VOLUME, DYSTROPHIE, KYSTE, METAPLASIE ET DYSPLASIE ACQUISE",61,ALTERATION DEGENERATIVE CELLULAIRE ET TISSULAIRE (SAI),30,ALTERATION NUCLEAIRE,ALTERATION NUCLEAIRE,non,
6131,6,"MODIFICATION DE VOLUME, DYSTROPHIE, KYSTE, METAPLASIE ET DYSPLASIE ACQUISE",61,ALTERATION DEGENERATIVE CELLULAIRE ET TISSULAIRE (SAI),31,CARYOLYSE- CARYORRHEXIE - PYCNOSE,CARYOLYSE- CARYORRHEXIE - PYCNOSE,non,
6132,6,"MODIFICATION DE VOLUME, DYSTROPHIE, KYSTE, METAPLASIE ET DYSPLASIE ACQUISE",61,ALTERATION DEGENERATIVE CELLULAIRE ET TISSULAIRE (SAI),32,APOPTOSE,APOPTOSE,non,1992 AJOUT
6133,6,"MODIFICATION DE VOLUME, DYSTROPHIE, KYSTE, METAPLASIE ET DYSPLASIE ACQUISE",61,ALTERATION DEGENERATIVE CELLULAIRE ET TISSULAIRE (SAI),33,NOYAU GLYCOGENIQUE,NOYAU GLYCOGENIQUE,non,
6135,6,"MODIFICATION DE VOLUME, DYSTROPHIE, KYSTE, METAPLASIE ET DYSPLASIE ACQUISE",61,ALTERATION DEGENERATIVE CELLULAIRE ET TISSULAIRE (SAI),35,NOYAU SABLEUX,NOYAU SABLEUX,non,
6137,6,"MODIFICATION DE VOLUME, DYSTROPHIE, KYSTE, METAPLASIE ET DYSPLASIE ACQUISE",61,ALTERATION DEGENERATIVE CELLULAIRE ET TISSULAIRE (SAI),37,PLURINUCLEATION,PLURINUCLEATION,non,
6139,6,"MODIFICATION DE VOLUME, DYSTROPHIE, KYSTE, METAPLASIE ET DYSPLASIE ACQUISE",61,ALTERATION DEGENERATIVE CELLULAIRE ET TISSULAIRE (SAI),39,INCLUSION NUCLEAIRE PARTICULIERE ( NCA),INCLUSION NUCLEAIRE PARTICULIERE ( NCA),non,
6140,6,"MODIFICATION DE VOLUME, DYSTROPHIE, KYSTE, METAPLASIE ET DYSPLASIE ACQUISE",61,ALTERATION DEGENERATIVE CELLULAIRE ET TISSULAIRE (SAI),40,LESION DE SURCHARGE INDETERMINEE (SAI),LESION DE SURCHARGE INDETERMINEE (SAI),oui,
6141,6,"MODIFICATION DE VOLUME, DYSTROPHIE, KYSTE, METAPLASIE ET DYSPLASIE ACQUISE",61,ALTERATION DEGENERATIVE CELLULAIRE ET TISSULAIRE (SAI),41,LESION DE SURCHARGE SUSPECTEE (SAI),LESION DE SURCHARGE SUSPECTEE (SAI),oui,1992 AJOUT
6150,6,"MODIFICATION DE VOLUME, DYSTROPHIE, KYSTE, METAPLASIE ET DYSPLASIE ACQUISE",61,ALTERATION DEGENERATIVE CELLULAIRE ET TISSULAIRE (SAI),50,NECROSE - ETAT NECROTIQUE - CYTOLYSE (SAI),NECROSE - ETAT NECROTIQUE - CYTOLYSE (SAI),oui,
6151,6,"MODIFICATION DE VOLUME, DYSTROPHIE, KYSTE, METAPLASIE ET DYSPLASIE ACQUISE",61,ALTERATION DEGENERATIVE CELLULAIRE ET TISSULAIRE (SAI),51,NECROSE DE COAGULATION,NECROSE DE COAGULATION,non,
6152,6,"MODIFICATION DE VOLUME, DYSTROPHIE, KYSTE, METAPLASIE ET DYSPLASIE ACQUISE",61,ALTERATION DEGENERATIVE CELLULAIRE ET TISSULAIRE (SAI),52,NECROSE DE LIQUEFACTION OU AUTOLYTIQUE,NECROSE DE LIQUEFACTION OU AUTOLYTIQUE,non,
6154,6,"MODIFICATION DE VOLUME, DYSTROPHIE, KYSTE, METAPLASIE ET DYSPLASIE ACQUISE",61,ALTERATION DEGENERATIVE CELLULAIRE ET TISSULAIRE (SAI),54,NECROSE TUMORALE,NECROSE TUMORALE,non,1999 AJOUT
6157,6,"MODIFICATION DE VOLUME, DYSTROPHIE, KYSTE, METAPLASIE ET DYSPLASIE ACQUISE",61,ALTERATION DEGENERATIVE CELLULAIRE ET TISSULAIRE (SAI),57,NECROSE CALCIFIEE,NECROSE CALCIFIEE,non,
6158,6,"MODIFICATION DE VOLUME, DYSTROPHIE, KYSTE, METAPLASIE ET DYSPLASIE ACQUISE",61,ALTERATION DEGENERATIVE CELLULAIRE ET TISSULAIRE (SAI),58,MEDIANECROSE,MEDIANECROSE,non,
6161,6,"MODIFICATION DE VOLUME, DYSTROPHIE, KYSTE, METAPLASIE ET DYSPLASIE ACQUISE",61,ALTERATION DEGENERATIVE CELLULAIRE ET TISSULAIRE (SAI),61,NECROSE FOCALE OU PONCTUEE,NECROSE FOCALE OU PONCTUEE,non,
6162,6,"MODIFICATION DE VOLUME, DYSTROPHIE, KYSTE, METAPLASIE ET DYSPLASIE ACQUISE",61,ALTERATION DEGENERATIVE CELLULAIRE ET TISSULAIRE (SAI),62,NECROSE PARCELLAIRE,NECROSE PARCELLAIRE,non,
6163,6,"MODIFICATION DE VOLUME, DYSTROPHIE, KYSTE, METAPLASIE ET DYSPLASIE ACQUISE",61,ALTERATION DEGENERATIVE CELLULAIRE ET TISSULAIRE (SAI),63,NECROSE EN PONT,NECROSE EN PONT,non,
6164,6,"MODIFICATION DE VOLUME, DYSTROPHIE, KYSTE, METAPLASIE ET DYSPLASIE ACQUISE",61,ALTERATION DEGENERATIVE CELLULAIRE ET TISSULAIRE (SAI),64,NECROSE ZONALE SYSTEMATISEE,NECROSE ZONALE SYSTEMATISEE,non,
6166,6,"MODIFICATION DE VOLUME, DYSTROPHIE, KYSTE, METAPLASIE ET DYSPLASIE ACQUISE",61,ALTERATION DEGENERATIVE CELLULAIRE ET TISSULAIRE (SAI),66,NECROSE CONFLUENTE OU MASSIVE,NECROSE CONFLUENTE OU MASSIVE,non,
6167,6,"MODIFICATION DE VOLUME, DYSTROPHIE, KYSTE, METAPLASIE ET DYSPLASIE ACQUISE",61,ALTERATION DEGENERATIVE CELLULAIRE ET TISSULAIRE (SAI),67,HEMOLYSE,HEMOLYSE,non,
6168,6,"MODIFICATION DE VOLUME, DYSTROPHIE, KYSTE, METAPLASIE ET DYSPLASIE ACQUISE",61,ALTERATION DEGENERATIVE CELLULAIRE ET TISSULAIRE (SAI),68,RHABDOMYOLYSE,RHABDOMYOLYSE,non,
6169,6,"MODIFICATION DE VOLUME, DYSTROPHIE, KYSTE, METAPLASIE ET DYSPLASIE ACQUISE",61,ALTERATION DEGENERATIVE CELLULAIRE ET TISSULAIRE (SAI),69,SEQUESTRE,SEQUESTRE,non,1992 AJOUT
6170,6,"MODIFICATION DE VOLUME, DYSTROPHIE, KYSTE, METAPLASIE ET DYSPLASIE ACQUISE",61,ALTERATION DEGENERATIVE CELLULAIRE ET TISSULAIRE (SAI),70,ANOMALIE ACQUISE DE LA DIFFERENCIATION ET/OU DE LA MATURATION (SAI),ANOMALIE ACQUISE DE LA DIFFERENCIATION ET/OU DE LA MATURATION (SAI),oui,
6171,6,"MODIFICATION DE VOLUME, DYSTROPHIE, KYSTE, METAPLASIE ET DYSPLASIE ACQUISE",61,ALTERATION DEGENERATIVE CELLULAIRE ET TISSULAIRE (SAI),71,ANOMALIE ACQUISE DE LA DIFFERENCIATION (SAI),ANOMALIE ACQUISE DE LA DIFFERENCIATION (SAI),oui,
6172,6,"MODIFICATION DE VOLUME, DYSTROPHIE, KYSTE, METAPLASIE ET DYSPLASIE ACQUISE",61,ALTERATION DEGENERATIVE CELLULAIRE ET TISSULAIRE (SAI),72,INDIFFERENCIATION (SAI),INDIFFERENCIATION (SAI),oui,
6174,6,"MODIFICATION DE VOLUME, DYSTROPHIE, KYSTE, METAPLASIE ET DYSPLASIE ACQUISE",61,ALTERATION DEGENERATIVE CELLULAIRE ET TISSULAIRE (SAI),74,HEMATOPOIESE EXTRA-MEDULLAIRE ET EXTRA-HEPATIQUE,HEMATOPOIESE EXTRA-MEDULLAIRE ET EXTRA-HEPATIQUE,non,1992 AJOUT
6175,6,"MODIFICATION DE VOLUME, DYSTROPHIE, KYSTE, METAPLASIE ET DYSPLASIE ACQUISE",61,ALTERATION DEGENERATIVE CELLULAIRE ET TISSULAIRE (SAI),75,ANOMALIE ACQUISE DE LA MATURATION (SAI) - IMMATURITE TISSULAIRE ACQUISE (SAI),ANOMALIE ACQUISE DE LA MATURATION (SAI) - IMMATURITE TISSULAIRE ACQUISE (SAI),oui,
6176,6,"MODIFICATION DE VOLUME, DYSTROPHIE, KYSTE, METAPLASIE ET DYSPLASIE ACQUISE",61,ALTERATION DEGENERATIVE CELLULAIRE ET TISSULAIRE (SAI),76,HYPERKERATOSE NON TUMORALE,HYPERKERATOSE NON TUMORALE,non,
6177,6,"MODIFICATION DE VOLUME, DYSTROPHIE, KYSTE, METAPLASIE ET DYSPLASIE ACQUISE",61,ALTERATION DEGENERATIVE CELLULAIRE ET TISSULAIRE (SAI),77,ORTHOKERATOSE,ORTHOKERATOSE,non,1997 AJOUT
6178,6,"MODIFICATION DE VOLUME, DYSTROPHIE, KYSTE, METAPLASIE ET DYSPLASIE ACQUISE",61,ALTERATION DEGENERATIVE CELLULAIRE ET TISSULAIRE (SAI),78,PARAKERATOSE,PARAKERATOSE,non,1997 AJOUT
6180,6,"MODIFICATION DE VOLUME, DYSTROPHIE, KYSTE, METAPLASIE ET DYSPLASIE ACQUISE",61,ALTERATION DEGENERATIVE CELLULAIRE ET TISSULAIRE (SAI),80,REGENERATION (SAI),REGENERATION (SAI),oui,
6181,6,"MODIFICATION DE VOLUME, DYSTROPHIE, KYSTE, METAPLASIE ET DYSPLASIE ACQUISE",61,ALTERATION DEGENERATIVE CELLULAIRE ET TISSULAIRE (SAI),81,REGENERATION ORTHOPLASIQUE (REPARATION),REGENERATION ORTHOPLASIQUE (REPARATION),non,
6183,6,"MODIFICATION DE VOLUME, DYSTROPHIE, KYSTE, METAPLASIE ET DYSPLASIE ACQUISE",61,ALTERATION DEGENERATIVE CELLULAIRE ET TISSULAIRE (SAI),83,REGENERATION HYPERPLASIQUE,REGENERATION HYPERPLASIQUE,non,
6185,6,"MODIFICATION DE VOLUME, DYSTROPHIE, KYSTE, METAPLASIE ET DYSPLASIE ACQUISE",61,ALTERATION DEGENERATIVE CELLULAIRE ET TISSULAIRE (SAI),85,REGENERATION METAPLASIQUE,REGENERATION METAPLASIQUE,non,
6186,6,"MODIFICATION DE VOLUME, DYSTROPHIE, KYSTE, METAPLASIE ET DYSPLASIE ACQUISE",61,ALTERATION DEGENERATIVE CELLULAIRE ET TISSULAIRE (SAI),86,REGENERATION DYSPLASIQUE (AVEC TROUBLE DE LA DIFFERENCIATION ET DE LA MATURATION),REGENERATION DYSPLASIQUE (AVEC TROUBLE DE LA DIFFERENCIATION ET DE LA MATURATION),non,
6188,6,"MODIFICATION DE VOLUME, DYSTROPHIE, KYSTE, METAPLASIE ET DYSPLASIE ACQUISE",61,ALTERATION DEGENERATIVE CELLULAIRE ET TISSULAIRE (SAI),88,ABSENCE DE REGENERATION,ABSENCE DE REGENERATION,non,
6200,6,"MODIFICATION DE VOLUME, DYSTROPHIE, KYSTE, METAPLASIE ET DYSPLASIE ACQUISE",62,PATHOLOGIE DE LA MATRICE EXTRACELLULAIRE ET/OU DE LA TRAME DE SOUTIEN (SAI),00,PATHOLOGIE DE LA MATRICE EXTRACELLULAIRE ET/OU DE LA TRAME DE SOUTIEN (SAI),PATHOLOGIE DE LA MATRICE EXTRACELLULAIRE ET/OU DE LA TRAME DE SOUTIEN (SAI),oui,
6210,6,"MODIFICATION DE VOLUME, DYSTROPHIE, KYSTE, METAPLASIE ET DYSPLASIE ACQUISE",62,PATHOLOGIE DE LA MATRICE EXTRACELLULAIRE ET/OU DE LA TRAME DE SOUTIEN (SAI),10,PATHOLOGIE DE LA TRAME DE SOUTIEN (SAI),PATHOLOGIE DE LA TRAME DE SOUTIEN (SAI),oui,
6211,6,"MODIFICATION DE VOLUME, DYSTROPHIE, KYSTE, METAPLASIE ET DYSPLASIE ACQUISE",62,PATHOLOGIE DE LA MATRICE EXTRACELLULAIRE ET/OU DE LA TRAME DE SOUTIEN (SAI),11,TRAME DE SOUTIEN DENSIFIEE,TRAME DE SOUTIEN DENSIFIEE,non,
6215,6,"MODIFICATION DE VOLUME, DYSTROPHIE, KYSTE, METAPLASIE ET DYSPLASIE ACQUISE",62,PATHOLOGIE DE LA MATRICE EXTRACELLULAIRE ET/OU DE LA TRAME DE SOUTIEN (SAI),15,TRAME DE SOUTIEN DISLOQUEE,TRAME DE SOUTIEN DISLOQUEE,non,
6220,6,"MODIFICATION DE VOLUME, DYSTROPHIE, KYSTE, METAPLASIE ET DYSPLASIE ACQUISE",62,PATHOLOGIE DE LA MATRICE EXTRACELLULAIRE ET/OU DE LA TRAME DE SOUTIEN (SAI),20,SCLEROSE DYSTROPHIQUE NON INFLAMMATOIRE (SAI),SCLEROSE DYSTROPHIQUE NON INFLAMMATOIRE (SAI),oui,
6221,6,"MODIFICATION DE VOLUME, DYSTROPHIE, KYSTE, METAPLASIE ET DYSPLASIE ACQUISE",62,PATHOLOGIE DE LA MATRICE EXTRACELLULAIRE ET/OU DE LA TRAME DE SOUTIEN (SAI),21,SCLEROSE DYSTROPHIQUE HYALINE - SCLEROHYALINOSE DYSTROPHIQUE,SCLEROSE DYSTROPHIQUE HYALINE - SCLEROHYALINOSE DYSTROPHIQUE,non,
6222,6,"MODIFICATION DE VOLUME, DYSTROPHIE, KYSTE, METAPLASIE ET DYSPLASIE ACQUISE",62,PATHOLOGIE DE LA MATRICE EXTRACELLULAIRE ET/OU DE LA TRAME DE SOUTIEN (SAI),22,SCLEROSE DYSTROPHIQUE ELASTIGENE - FIBROELASTOSE,SCLEROSE DYSTROPHIQUE ELASTIGENE - FIBROELASTOSE,non,
6224,6,"MODIFICATION DE VOLUME, DYSTROPHIE, KYSTE, METAPLASIE ET DYSPLASIE ACQUISE",62,PATHOLOGIE DE LA MATRICE EXTRACELLULAIRE ET/OU DE LA TRAME DE SOUTIEN (SAI),24,SCLEROSE DYSTROPHIQUE MYOGENE,SCLEROSE DYSTROPHIQUE MYOGENE,non,
6226,6,"MODIFICATION DE VOLUME, DYSTROPHIE, KYSTE, METAPLASIE ET DYSPLASIE ACQUISE",62,PATHOLOGIE DE LA MATRICE EXTRACELLULAIRE ET/OU DE LA TRAME DE SOUTIEN (SAI),26,SCLEROSE DYSTROPHIQUE AU COURS DES CARCINOIDOSES,SCLEROSE DYSTROPHIQUE AU COURS DES CARCINOIDOSES,non,
6228,6,"MODIFICATION DE VOLUME, DYSTROPHIE, KYSTE, METAPLASIE ET DYSPLASIE ACQUISE",62,PATHOLOGIE DE LA MATRICE EXTRACELLULAIRE ET/OU DE LA TRAME DE SOUTIEN (SAI),28,SCLEROSE DYSTROPHIQUE IATROGENE,SCLEROSE DYSTROPHIQUE IATROGENE,non,
6230,6,"MODIFICATION DE VOLUME, DYSTROPHIE, KYSTE, METAPLASIE ET DYSPLASIE ACQUISE",62,PATHOLOGIE DE LA MATRICE EXTRACELLULAIRE ET/OU DE LA TRAME DE SOUTIEN (SAI),30,SCLEROSE DYSTROPHIQUE SYSTEMATISEE (SAI),SCLEROSE DYSTROPHIQUE SYSTEMATISEE (SAI),oui,
6231,6,"MODIFICATION DE VOLUME, DYSTROPHIE, KYSTE, METAPLASIE ET DYSPLASIE ACQUISE",62,PATHOLOGIE DE LA MATRICE EXTRACELLULAIRE ET/OU DE LA TRAME DE SOUTIEN (SAI),31,SCLEROSE DYSTROPHIQUE SYSTEMATISEE LOCALISEE OU PARTIELLE,SCLEROSE DYSTROPHIQUE SYSTEMATISEE LOCALISEE OU PARTIELLE,non,
6233,6,"MODIFICATION DE VOLUME, DYSTROPHIE, KYSTE, METAPLASIE ET DYSPLASIE ACQUISE",62,PATHOLOGIE DE LA MATRICE EXTRACELLULAIRE ET/OU DE LA TRAME DE SOUTIEN (SAI),33,SCLEROSE DYSTROPHIQUE SYSTEMATISEE DISSEMINEE,SCLEROSE DYSTROPHIQUE SYSTEMATISEE DISSEMINEE,non,
6235,6,"MODIFICATION DE VOLUME, DYSTROPHIE, KYSTE, METAPLASIE ET DYSPLASIE ACQUISE",62,PATHOLOGIE DE LA MATRICE EXTRACELLULAIRE ET/OU DE LA TRAME DE SOUTIEN (SAI),35,SCLEROSE DYSTROPHIQUE SYSTEMATISEE DIFFUSE PRIMITIVE,SCLEROSE DYSTROPHIQUE SYSTEMATISEE DIFFUSE PRIMITIVE,non,
6237,6,"MODIFICATION DE VOLUME, DYSTROPHIE, KYSTE, METAPLASIE ET DYSPLASIE ACQUISE",62,PATHOLOGIE DE LA MATRICE EXTRACELLULAIRE ET/OU DE LA TRAME DE SOUTIEN (SAI),37,SCLEROSE DYSTROPHIQUE SYSTEMATISEE DIFFUSE SECONDAIRE,SCLEROSE DYSTROPHIQUE SYSTEMATISEE DIFFUSE SECONDAIRE,non,
6240,6,"MODIFICATION DE VOLUME, DYSTROPHIE, KYSTE, METAPLASIE ET DYSPLASIE ACQUISE",62,PATHOLOGIE DE LA MATRICE EXTRACELLULAIRE ET/OU DE LA TRAME DE SOUTIEN (SAI),40,SCLEROSE DYSTROPHIQUE MUTILANTE (SAI),SCLEROSE DYSTROPHIQUE MUTILANTE (SAI),oui,
6241,6,"MODIFICATION DE VOLUME, DYSTROPHIE, KYSTE, METAPLASIE ET DYSPLASIE ACQUISE",62,PATHOLOGIE DE LA MATRICE EXTRACELLULAIRE ET/OU DE LA TRAME DE SOUTIEN (SAI),41,SCLEROSE DYSTROPHIQUE MUTILANTE LOCALISEE OU PARTIELLE,SCLEROSE DYSTROPHIQUE MUTILANTE LOCALISEE OU PARTIELLE,non,
6243,6,"MODIFICATION DE VOLUME, DYSTROPHIE, KYSTE, METAPLASIE ET DYSPLASIE ACQUISE",62,PATHOLOGIE DE LA MATRICE EXTRACELLULAIRE ET/OU DE LA TRAME DE SOUTIEN (SAI),43,SCLEROSE DYSTROPHIQUE MUTILANTE DISSEMINEE,SCLEROSE DYSTROPHIQUE MUTILANTE DISSEMINEE,non,
6245,6,"MODIFICATION DE VOLUME, DYSTROPHIE, KYSTE, METAPLASIE ET DYSPLASIE ACQUISE",62,PATHOLOGIE DE LA MATRICE EXTRACELLULAIRE ET/OU DE LA TRAME DE SOUTIEN (SAI),45,SCLEROSE DYSTROPHIQUE MUTILANTE DIFFUSE,SCLEROSE DYSTROPHIQUE MUTILANTE DIFFUSE,non,
6250,6,"MODIFICATION DE VOLUME, DYSTROPHIE, KYSTE, METAPLASIE ET DYSPLASIE ACQUISE",62,PATHOLOGIE DE LA MATRICE EXTRACELLULAIRE ET/OU DE LA TRAME DE SOUTIEN (SAI),50,HYALINE - HYALINOSE (SAI),HYALINE - HYALINOSE (SAI),oui,
6251,6,"MODIFICATION DE VOLUME, DYSTROPHIE, KYSTE, METAPLASIE ET DYSPLASIE ACQUISE",62,PATHOLOGIE DE LA MATRICE EXTRACELLULAIRE ET/OU DE LA TRAME DE SOUTIEN (SAI),51,HYALINE CONJONCTIVE,HYALINE CONJONCTIVE,non,
6253,6,"MODIFICATION DE VOLUME, DYSTROPHIE, KYSTE, METAPLASIE ET DYSPLASIE ACQUISE",62,PATHOLOGIE DE LA MATRICE EXTRACELLULAIRE ET/OU DE LA TRAME DE SOUTIEN (SAI),53,HYALINOPROTEINOSE CUTANEOMUQUEUSE - URBACH-WEITHE : MALADIE D',HYALINOPROTEINOSE CUTANEOMUQUEUSE - URBACH-WEITHE : MALADIE D',non,
6260,6,"MODIFICATION DE VOLUME, DYSTROPHIE, KYSTE, METAPLASIE ET DYSPLASIE ACQUISE",62,PATHOLOGIE DE LA MATRICE EXTRACELLULAIRE ET/OU DE LA TRAME DE SOUTIEN (SAI),60,FIBRINOIDE INTERSTITIELLE (SAI),FIBRINOIDE INTERSTITIELLE (SAI),oui,
6261,6,"MODIFICATION DE VOLUME, DYSTROPHIE, KYSTE, METAPLASIE ET DYSPLASIE ACQUISE",62,PATHOLOGIE DE LA MATRICE EXTRACELLULAIRE ET/OU DE LA TRAME DE SOUTIEN (SAI),61,FIBRINOIDE CONJONCTIVE,FIBRINOIDE CONJONCTIVE,non,
6270,6,"MODIFICATION DE VOLUME, DYSTROPHIE, KYSTE, METAPLASIE ET DYSPLASIE ACQUISE",62,PATHOLOGIE DE LA MATRICE EXTRACELLULAIRE ET/OU DE LA TRAME DE SOUTIEN (SAI),70,ELASTOPATHIE PAR RAREFACTION DES FIBRES ELASTIQUES - ELASTOLYSE,ELASTOPATHIE PAR RAREFACTION DES FIBRES ELASTIQUES - ELASTOLYSE,non,
6271,6,"MODIFICATION DE VOLUME, DYSTROPHIE, KYSTE, METAPLASIE ET DYSPLASIE ACQUISE",62,PATHOLOGIE DE LA MATRICE EXTRACELLULAIRE ET/OU DE LA TRAME DE SOUTIEN (SAI),71,ANETODERMIE (TOUTE FORME),ANETODERMIE (TOUTE FORME),non,
6272,6,"MODIFICATION DE VOLUME, DYSTROPHIE, KYSTE, METAPLASIE ET DYSPLASIE ACQUISE",62,PATHOLOGIE DE LA MATRICE EXTRACELLULAIRE ET/OU DE LA TRAME DE SOUTIEN (SAI),72,VERGETURE,VERGETURE,non,
6273,6,"MODIFICATION DE VOLUME, DYSTROPHIE, KYSTE, METAPLASIE ET DYSPLASIE ACQUISE",62,PATHOLOGIE DE LA MATRICE EXTRACELLULAIRE ET/OU DE LA TRAME DE SOUTIEN (SAI),73,MARFAN : MALADIE DE,MARFAN : MALADIE DE,non,
6274,6,"MODIFICATION DE VOLUME, DYSTROPHIE, KYSTE, METAPLASIE ET DYSPLASIE ACQUISE",62,PATHOLOGIE DE LA MATRICE EXTRACELLULAIRE ET/OU DE LA TRAME DE SOUTIEN (SAI),74,EHLERS-DANLOS : SYNDROME D',EHLERS-DANLOS : SYNDROME D',non,
6275,6,"MODIFICATION DE VOLUME, DYSTROPHIE, KYSTE, METAPLASIE ET DYSPLASIE ACQUISE",62,PATHOLOGIE DE LA MATRICE EXTRACELLULAIRE ET/OU DE LA TRAME DE SOUTIEN (SAI),75,CUTIS LAXA OU DERMATOLYSIS (LOCALISEE OU GENERALISEE),CUTIS LAXA OU DERMATOLYSIS (LOCALISEE OU GENERALISEE),non,
6280,6,"MODIFICATION DE VOLUME, DYSTROPHIE, KYSTE, METAPLASIE ET DYSPLASIE ACQUISE",62,PATHOLOGIE DE LA MATRICE EXTRACELLULAIRE ET/OU DE LA TRAME DE SOUTIEN (SAI),80,ELASTOPATHIE PAR EXCES DE FIBRES ELASTIQUES,ELASTOPATHIE PAR EXCES DE FIBRES ELASTIQUES,non,
6281,6,"MODIFICATION DE VOLUME, DYSTROPHIE, KYSTE, METAPLASIE ET DYSPLASIE ACQUISE",62,PATHOLOGIE DE LA MATRICE EXTRACELLULAIRE ET/OU DE LA TRAME DE SOUTIEN (SAI),81,ELASTOSE ACTINIQUE - ELASTOSE SENILE,ELASTOSE ACTINIQUE - ELASTOSE SENILE,non,
6282,6,"MODIFICATION DE VOLUME, DYSTROPHIE, KYSTE, METAPLASIE ET DYSPLASIE ACQUISE",62,PATHOLOGIE DE LA MATRICE EXTRACELLULAIRE ET/OU DE LA TRAME DE SOUTIEN (SAI),82,ELASTOME A TYPE D'HYPERTROPHIE ELASTIQUE ACTINIQUE,ELASTOME A TYPE D'HYPERTROPHIE ELASTIQUE ACTINIQUE,non,
6283,6,"MODIFICATION DE VOLUME, DYSTROPHIE, KYSTE, METAPLASIE ET DYSPLASIE ACQUISE",62,PATHOLOGIE DE LA MATRICE EXTRACELLULAIRE ET/OU DE LA TRAME DE SOUTIEN (SAI),83,ELASTOME EN NAPPE,ELASTOME EN NAPPE,non,
6285,6,"MODIFICATION DE VOLUME, DYSTROPHIE, KYSTE, METAPLASIE ET DYSPLASIE ACQUISE",62,PATHOLOGIE DE LA MATRICE EXTRACELLULAIRE ET/OU DE LA TRAME DE SOUTIEN (SAI),85,ELASTOME JUVENILE - DYSEMBRYOME ELASTIQUE - NAEVUS ELASTICUS DISSEMINE,ELASTOME JUVENILE - DYSEMBRYOME ELASTIQUE - NAEVUS ELASTICUS DISSEMINE,non,
6286,6,"MODIFICATION DE VOLUME, DYSTROPHIE, KYSTE, METAPLASIE ET DYSPLASIE ACQUISE",62,PATHOLOGIE DE LA MATRICE EXTRACELLULAIRE ET/OU DE LA TRAME DE SOUTIEN (SAI),86,NAEVUS ELASTIQUE PREMAMMAIRE DE LEWANDOWSKI,NAEVUS ELASTIQUE PREMAMMAIRE DE LEWANDOWSKI,non,
6287,6,"MODIFICATION DE VOLUME, DYSTROPHIE, KYSTE, METAPLASIE ET DYSPLASIE ACQUISE",62,PATHOLOGIE DE LA MATRICE EXTRACELLULAIRE ET/OU DE LA TRAME DE SOUTIEN (SAI),87,ELASTOME PERFORANT SERPIGINEUX,ELASTOME PERFORANT SERPIGINEUX,non,
6289,6,"MODIFICATION DE VOLUME, DYSTROPHIE, KYSTE, METAPLASIE ET DYSPLASIE ACQUISE",62,PATHOLOGIE DE LA MATRICE EXTRACELLULAIRE ET/OU DE LA TRAME DE SOUTIEN (SAI),89,ELASTOIDOSE CUTANEE NODULAIRE A KYSTES ET A COMEDONS DE FAVRE ET RACOUCHOT,ELASTOIDOSE CUTANEE NODULAIRE A KYSTES ET A COMEDONS DE FAVRE ET RACOUCHOT,non,
6292,6,"MODIFICATION DE VOLUME, DYSTROPHIE, KYSTE, METAPLASIE ET DYSPLASIE ACQUISE",62,PATHOLOGIE DE LA MATRICE EXTRACELLULAIRE ET/OU DE LA TRAME DE SOUTIEN (SAI),92,PSEUDOXANTHOME ELASTIQUE KYSTES ACQUIS,PSEUDOXANTHOME ELASTIQUE KYSTES ACQUIS,non,
6300,6,"MODIFICATION DE VOLUME, DYSTROPHIE, KYSTE, METAPLASIE ET DYSPLASIE ACQUISE",63,KYSTE ACQUIS OU D'ORIGINE INDETERMINEE (SAI),00,KYSTE ACQUIS OU D'ORIGINE INDETERMINEE (SAI),KYSTE ACQUIS OU D'ORIGINE INDETERMINEE (SAI),oui,
6301,6,"MODIFICATION DE VOLUME, DYSTROPHIE, KYSTE, METAPLASIE ET DYSPLASIE ACQUISE",63,KYSTE ACQUIS OU D'ORIGINE INDETERMINEE (SAI),01,KYSTE EPITHELIAL SOLITAIRE ACQUIS (SAI),KYSTE EPITHELIAL SOLITAIRE ACQUIS (SAI),oui,
6303,6,"MODIFICATION DE VOLUME, DYSTROPHIE, KYSTE, METAPLASIE ET DYSPLASIE ACQUISE",63,KYSTE ACQUIS OU D'ORIGINE INDETERMINEE (SAI),03,KYSTE PAR INCLUSION (SAI),KYSTE PAR INCLUSION (SAI),oui,
6304,6,"MODIFICATION DE VOLUME, DYSTROPHIE, KYSTE, METAPLASIE ET DYSPLASIE ACQUISE",63,KYSTE ACQUIS OU D'ORIGINE INDETERMINEE (SAI),04,KYSTE PAR RETENTION D'UNE GLANDE OU D'UN CANAL- KYSTE CANALAIRE - GRENOUILLETTE,KYSTE PAR RETENTION D'UNE GLANDE OU D'UN CANAL- KYSTE CANALAIRE - GRENOUILLETTE,non,
6305,6,"MODIFICATION DE VOLUME, DYSTROPHIE, KYSTE, METAPLASIE ET DYSPLASIE ACQUISE",63,KYSTE ACQUIS OU D'ORIGINE INDETERMINEE (SAI),05,KYSTE EPITHELIAL REMANIE,KYSTE EPITHELIAL REMANIE,non,
6306,6,"MODIFICATION DE VOLUME, DYSTROPHIE, KYSTE, METAPLASIE ET DYSPLASIE ACQUISE",63,KYSTE ACQUIS OU D'ORIGINE INDETERMINEE (SAI),06,KYSTES EPITHELIAUX MULTIPLES ACQUIS,KYSTES EPITHELIAUX MULTIPLES ACQUIS,non,
6310,6,"MODIFICATION DE VOLUME, DYSTROPHIE, KYSTE, METAPLASIE ET DYSPLASIE ACQUISE",63,KYSTE ACQUIS OU D'ORIGINE INDETERMINEE (SAI),10,KYSTE EPIDERMIQUE ACQUIS - KYSTE TRICHILEMMAL - KERATOKYSTE - LOUPE (SAI),KYSTE EPIDERMIQUE ACQUIS - KYSTE TRICHILEMMAL - KERATOKYSTE - LOUPE (SAI),oui,
6311,6,"MODIFICATION DE VOLUME, DYSTROPHIE, KYSTE, METAPLASIE ET DYSPLASIE ACQUISE",63,KYSTE ACQUIS OU D'ORIGINE INDETERMINEE (SAI),11,CHOLESTEATOME,CHOLESTEATOME,non,
6312,6,"MODIFICATION DE VOLUME, DYSTROPHIE, KYSTE, METAPLASIE ET DYSPLASIE ACQUISE",63,KYSTE ACQUIS OU D'ORIGINE INDETERMINEE (SAI),12,KYSTE EPIDERMIQUE REMANIE OU EN RESORPTION MACROPHAGIQUE,KYSTE EPIDERMIQUE REMANIE OU EN RESORPTION MACROPHAGIQUE,non,
6313,6,"MODIFICATION DE VOLUME, DYSTROPHIE, KYSTE, METAPLASIE ET DYSPLASIE ACQUISE",63,KYSTE ACQUIS OU D'ORIGINE INDETERMINEE (SAI),13,KYSTE EPIDERMIQUE PAR INCLUSION – KYSTE PAR INCLUSION,KYSTE EPIDERMIQUE PAR INCLUSION – KYSTE PAR INCLUSION,non,2003 MODIF
6314,6,"MODIFICATION DE VOLUME, DYSTROPHIE, KYSTE, METAPLASIE ET DYSPLASIE ACQUISE",63,KYSTE ACQUIS OU D'ORIGINE INDETERMINEE (SAI),14,KYSTE PILAIRE,KYSTE PILAIRE,non,
6315,6,"MODIFICATION DE VOLUME, DYSTROPHIE, KYSTE, METAPLASIE ET DYSPLASIE ACQUISE",63,KYSTE ACQUIS OU D'ORIGINE INDETERMINEE (SAI),15,KYSTE PARADENTAIRE,KYSTE PARADENTAIRE,non,
6316,6,"MODIFICATION DE VOLUME, DYSTROPHIE, KYSTE, METAPLASIE ET DYSPLASIE ACQUISE",63,KYSTE ACQUIS OU D'ORIGINE INDETERMINEE (SAI),16,KYSTE RADICULO-DENTAIRE - KYSTE APICO-DENTAIRE - KYSTE PERI-APICAL - KYSTE APICAL PERIDENTAIRE,KYSTE RADICULO-DENTAIRE - KYSTE APICO-DENTAIRE - KYSTE PERI-APICAL - KYSTE APICAL PERIDENTAIRE,non,1999 MODIF
6317,6,"MODIFICATION DE VOLUME, DYSTROPHIE, KYSTE, METAPLASIE ET DYSPLASIE ACQUISE",63,KYSTE ACQUIS OU D'ORIGINE INDETERMINEE (SAI),17,KYSTE EPIDERMIQUE RESIDUEL,KYSTE EPIDERMIQUE RESIDUEL,non,
6318,6,"MODIFICATION DE VOLUME, DYSTROPHIE, KYSTE, METAPLASIE ET DYSPLASIE ACQUISE",63,KYSTE ACQUIS OU D'ORIGINE INDETERMINEE (SAI),18,KYSTE SEBACE - KYSTE MEIBONIEN,KYSTE SEBACE - KYSTE MEIBONIEN,non,
6330,6,"MODIFICATION DE VOLUME, DYSTROPHIE, KYSTE, METAPLASIE ET DYSPLASIE ACQUISE",63,KYSTE ACQUIS OU D'ORIGINE INDETERMINEE (SAI),30,"KYSTE A REVETEMENT CYLINDRIQUE, CUBIQUE OU ENDOTHELIFORME (SAI)","KYSTE A REVETEMENT CYLINDRIQUE, CUBIQUE OU ENDOTHELIFORME (SAI)",oui,
6331,6,"MODIFICATION DE VOLUME, DYSTROPHIE, KYSTE, METAPLASIE ET DYSPLASIE ACQUISE",63,KYSTE ACQUIS OU D'ORIGINE INDETERMINEE (SAI),31,KYSTE A REVETEMENT CYLINDRIQUE CILIE,KYSTE A REVETEMENT CYLINDRIQUE CILIE,non,
6332,6,"MODIFICATION DE VOLUME, DYSTROPHIE, KYSTE, METAPLASIE ET DYSPLASIE ACQUISE",63,KYSTE ACQUIS OU D'ORIGINE INDETERMINEE (SAI),32,KYSTE MUCOIDE - KYSTE MUQUEUX,KYSTE MUCOIDE - KYSTE MUQUEUX,non,
6333,6,"MODIFICATION DE VOLUME, DYSTROPHIE, KYSTE, METAPLASIE ET DYSPLASIE ACQUISE",63,KYSTE ACQUIS OU D'ORIGINE INDETERMINEE (SAI),33,KYSTE COLLOIDE ACQUIS,KYSTE COLLOIDE ACQUIS,non,
6334,6,"MODIFICATION DE VOLUME, DYSTROPHIE, KYSTE, METAPLASIE ET DYSPLASIE ACQUISE",63,KYSTE ACQUIS OU D'ORIGINE INDETERMINEE (SAI),34,KYSTE GALACTOPHORIQUE,KYSTE GALACTOPHORIQUE,non,
6335,6,"MODIFICATION DE VOLUME, DYSTROPHIE, KYSTE, METAPLASIE ET DYSPLASIE ACQUISE",63,KYSTE ACQUIS OU D'ORIGINE INDETERMINEE (SAI),35,KYSTE GALACTOPHORIQUE PAPILLAIRE,KYSTE GALACTOPHORIQUE PAPILLAIRE,non,
6336,6,"MODIFICATION DE VOLUME, DYSTROPHIE, KYSTE, METAPLASIE ET DYSPLASIE ACQUISE",63,KYSTE ACQUIS OU D'ORIGINE INDETERMINEE (SAI),36,KYSTE DE LA GLANDE LACRYMALE - DACRYOPS,KYSTE DE LA GLANDE LACRYMALE - DACRYOPS,non,
6337,6,"MODIFICATION DE VOLUME, DYSTROPHIE, KYSTE, METAPLASIE ET DYSPLASIE ACQUISE",63,KYSTE ACQUIS OU D'ORIGINE INDETERMINEE (SAI),37,KYSTE DE LA GLANDE DE BARTHOLIN,KYSTE DE LA GLANDE DE BARTHOLIN,non,
6339,6,"MODIFICATION DE VOLUME, DYSTROPHIE, KYSTE, METAPLASIE ET DYSPLASIE ACQUISE",63,KYSTE ACQUIS OU D'ORIGINE INDETERMINEE (SAI),39,KYSTE LYMPHO-EPITHELIAL - KYSTE AMYGDALOIDE,KYSTE LYMPHO-EPITHELIAL - KYSTE AMYGDALOIDE,non,
6341,6,"MODIFICATION DE VOLUME, DYSTROPHIE, KYSTE, METAPLASIE ET DYSPLASIE ACQUISE",63,KYSTE ACQUIS OU D'ORIGINE INDETERMINEE (SAI),41,KYSTE MESOTHELIAL - KYSTE SEREUX ACQUIS (SAI),KYSTE MESOTHELIAL - KYSTE SEREUX ACQUIS (SAI),oui,
6342,6,"MODIFICATION DE VOLUME, DYSTROPHIE, KYSTE, METAPLASIE ET DYSPLASIE ACQUISE",63,KYSTE ACQUIS OU D'ORIGINE INDETERMINEE (SAI),42,KYSTE PLEUROPERICARDIQUE ACQUIS,KYSTE PLEUROPERICARDIQUE ACQUIS,non,
6344,6,"MODIFICATION DE VOLUME, DYSTROPHIE, KYSTE, METAPLASIE ET DYSPLASIE ACQUISE",63,KYSTE ACQUIS OU D'ORIGINE INDETERMINEE (SAI),44,KYSTE SYNOVIAL (SAI) - KYSTE DE BAKER,KYSTE SYNOVIAL (SAI) - KYSTE DE BAKER,oui,
6345,6,"MODIFICATION DE VOLUME, DYSTROPHIE, KYSTE, METAPLASIE ET DYSPLASIE ACQUISE",63,KYSTE ACQUIS OU D'ORIGINE INDETERMINEE (SAI),45,KYSTE OSSEUX JUXTA-ARTICULAIRE - INCLUSION CAPSULO-SYNOVIALE SOUS CHONDRALE,KYSTE OSSEUX JUXTA-ARTICULAIRE - INCLUSION CAPSULO-SYNOVIALE SOUS CHONDRALE,non,
6350,6,"MODIFICATION DE VOLUME, DYSTROPHIE, KYSTE, METAPLASIE ET DYSPLASIE ACQUISE",63,KYSTE ACQUIS OU D'ORIGINE INDETERMINEE (SAI),50,KYSTE FONCTIONNEL (SAI),KYSTE FONCTIONNEL (SAI),oui,
6351,6,"MODIFICATION DE VOLUME, DYSTROPHIE, KYSTE, METAPLASIE ET DYSPLASIE ACQUISE",63,KYSTE ACQUIS OU D'ORIGINE INDETERMINEE (SAI),51,KYSTE FOLLICULAIRE,KYSTE FOLLICULAIRE,non,
6352,6,"MODIFICATION DE VOLUME, DYSTROPHIE, KYSTE, METAPLASIE ET DYSPLASIE ACQUISE",63,KYSTE ACQUIS OU D'ORIGINE INDETERMINEE (SAI),52,KYSTE LUTEINIQUE - CORPS JAUNE KYSTIQUE,KYSTE LUTEINIQUE - CORPS JAUNE KYSTIQUE,non,
6353,6,"MODIFICATION DE VOLUME, DYSTROPHIE, KYSTE, METAPLASIE ET DYSPLASIE ACQUISE",63,KYSTE ACQUIS OU D'ORIGINE INDETERMINEE (SAI),53,KYSTE LUTEAL ROMPU,KYSTE LUTEAL ROMPU,non,
6355,6,"MODIFICATION DE VOLUME, DYSTROPHIE, KYSTE, METAPLASIE ET DYSPLASIE ACQUISE",63,KYSTE ACQUIS OU D'ORIGINE INDETERMINEE (SAI),55,KYSTE THECOLUTEINIQUE OU DE LA THEQUE LUTEINISEE,KYSTE THECOLUTEINIQUE OU DE LA THEQUE LUTEINISEE,non,
6357,6,"MODIFICATION DE VOLUME, DYSTROPHIE, KYSTE, METAPLASIE ET DYSPLASIE ACQUISE",63,KYSTE ACQUIS OU D'ORIGINE INDETERMINEE (SAI),57,KYSTE LUTEAL REGRESSIF,KYSTE LUTEAL REGRESSIF,non,
6358,6,"MODIFICATION DE VOLUME, DYSTROPHIE, KYSTE, METAPLASIE ET DYSPLASIE ACQUISE",63,KYSTE ACQUIS OU D'ORIGINE INDETERMINEE (SAI),58,CORPS BLANC KYSTIQUE,CORPS BLANC KYSTIQUE,non,
6359,6,"MODIFICATION DE VOLUME, DYSTROPHIE, KYSTE, METAPLASIE ET DYSPLASIE ACQUISE",63,KYSTE ACQUIS OU D'ORIGINE INDETERMINEE (SAI),59,LUTEOSE PLURIKYSTIQUE DE LA GROSSESSE,LUTEOSE PLURIKYSTIQUE DE LA GROSSESSE,non,
6360,6,"MODIFICATION DE VOLUME, DYSTROPHIE, KYSTE, METAPLASIE ET DYSPLASIE ACQUISE",63,KYSTE ACQUIS OU D'ORIGINE INDETERMINEE (SAI),60,KYSTE DIVERS ACQUIS (NCA),KYSTE DIVERS ACQUIS (NCA),non,
6361,6,"MODIFICATION DE VOLUME, DYSTROPHIE, KYSTE, METAPLASIE ET DYSPLASIE ACQUISE",63,KYSTE ACQUIS OU D'ORIGINE INDETERMINEE (SAI),61,KYSTE ANEVRISMATIQUE,KYSTE ANEVRISMATIQUE,non,
6363,6,"MODIFICATION DE VOLUME, DYSTROPHIE, KYSTE, METAPLASIE ET DYSPLASIE ACQUISE",63,KYSTE ACQUIS OU D'ORIGINE INDETERMINEE (SAI),63,KYSTE CYTOTROPHOBLASTIQUE SOUS-CHORIONIQUE,KYSTE CYTOTROPHOBLASTIQUE SOUS-CHORIONIQUE,non,
6364,6,"MODIFICATION DE VOLUME, DYSTROPHIE, KYSTE, METAPLASIE ET DYSPLASIE ACQUISE",63,KYSTE ACQUIS OU D'ORIGINE INDETERMINEE (SAI),64,KYSTE CYTOTROPHOBLASTIQUE INTRAPLACENTAIRE,KYSTE CYTOTROPHOBLASTIQUE INTRAPLACENTAIRE,non,
6366,6,"MODIFICATION DE VOLUME, DYSTROPHIE, KYSTE, METAPLASIE ET DYSPLASIE ACQUISE",63,KYSTE ACQUIS OU D'ORIGINE INDETERMINEE (SAI),66,KYSTE ESSENTIEL,KYSTE ESSENTIEL,non,
6370,6,"MODIFICATION DE VOLUME, DYSTROPHIE, KYSTE, METAPLASIE ET DYSPLASIE ACQUISE",63,KYSTE ACQUIS OU D'ORIGINE INDETERMINEE (SAI),70,PSEUDOKYSTE (SAI),PSEUDOKYSTE (SAI),oui,
6371,6,"MODIFICATION DE VOLUME, DYSTROPHIE, KYSTE, METAPLASIE ET DYSPLASIE ACQUISE",63,KYSTE ACQUIS OU D'ORIGINE INDETERMINEE (SAI),71,PSEUDOKYSTE PAR DEGENERESCENCE DE LA SUBSTANCE FONDAMENTALE,PSEUDOKYSTE PAR DEGENERESCENCE DE LA SUBSTANCE FONDAMENTALE,non,
6372,6,"MODIFICATION DE VOLUME, DYSTROPHIE, KYSTE, METAPLASIE ET DYSPLASIE ACQUISE",63,KYSTE ACQUIS OU D'ORIGINE INDETERMINEE (SAI),72,PNEUMATOSE (SAI) - PNEUMATOSE KYSTIQUE - PSEUDOKYSTE GAZEUX,PNEUMATOSE (SAI) - PNEUMATOSE KYSTIQUE - PSEUDOKYSTE GAZEUX,oui,
6373,6,"MODIFICATION DE VOLUME, DYSTROPHIE, KYSTE, METAPLASIE ET DYSPLASIE ACQUISE",63,KYSTE ACQUIS OU D'ORIGINE INDETERMINEE (SAI),73,PSEUDOKYSTE GLIAL,PSEUDOKYSTE GLIAL,non,
6375,6,"MODIFICATION DE VOLUME, DYSTROPHIE, KYSTE, METAPLASIE ET DYSPLASIE ACQUISE",63,KYSTE ACQUIS OU D'ORIGINE INDETERMINEE (SAI),75,PSEUDOKYSTE INFLAMMATOIRE,PSEUDOKYSTE INFLAMMATOIRE,non,
6376,6,"MODIFICATION DE VOLUME, DYSTROPHIE, KYSTE, METAPLASIE ET DYSPLASIE ACQUISE",63,KYSTE ACQUIS OU D'ORIGINE INDETERMINEE (SAI),76,PSEUDOKYSTE MUQUEUX MUCOIDE,PSEUDOKYSTE MUQUEUX MUCOIDE,non,
6377,6,"MODIFICATION DE VOLUME, DYSTROPHIE, KYSTE, METAPLASIE ET DYSPLASIE ACQUISE",63,KYSTE ACQUIS OU D'ORIGINE INDETERMINEE (SAI),77,PSEUDOKYSTE NECROTIQUE,PSEUDOKYSTE NECROTIQUE,non,
6378,6,"MODIFICATION DE VOLUME, DYSTROPHIE, KYSTE, METAPLASIE ET DYSPLASIE ACQUISE",63,KYSTE ACQUIS OU D'ORIGINE INDETERMINEE (SAI),78,PSEUDOKYSTE SOUS-CHORIAL,PSEUDOKYSTE SOUS-CHORIAL,non,
6379,6,"MODIFICATION DE VOLUME, DYSTROPHIE, KYSTE, METAPLASIE ET DYSPLASIE ACQUISE",63,KYSTE ACQUIS OU D'ORIGINE INDETERMINEE (SAI),79,PSEUDOKYSTE SOUS-AMNIOTIQUE,PSEUDOKYSTE SOUS-AMNIOTIQUE,non,
6390,6,"MODIFICATION DE VOLUME, DYSTROPHIE, KYSTE, METAPLASIE ET DYSPLASIE ACQUISE",63,KYSTE ACQUIS OU D'ORIGINE INDETERMINEE (SAI),90,VISCEROCELE NON HEMORRAGIQUE ET NON SUPPUREE (SAI),VISCEROCELE NON HEMORRAGIQUE ET NON SUPPUREE (SAI),oui,
6391,6,"MODIFICATION DE VOLUME, DYSTROPHIE, KYSTE, METAPLASIE ET DYSPLASIE ACQUISE",63,KYSTE ACQUIS OU D'ORIGINE INDETERMINEE (SAI),91,HYDROCELE - VISCEROCELE PAR RETENTION SEREUSE,HYDROCELE - VISCEROCELE PAR RETENTION SEREUSE,non,
6392,6,"MODIFICATION DE VOLUME, DYSTROPHIE, KYSTE, METAPLASIE ET DYSPLASIE ACQUISE",63,KYSTE ACQUIS OU D'ORIGINE INDETERMINEE (SAI),92,MUCOCELE - VISCEROCELE PAR RETENTION MUQUEUSE,MUCOCELE - VISCEROCELE PAR RETENTION MUQUEUSE,non,
6394,6,"MODIFICATION DE VOLUME, DYSTROPHIE, KYSTE, METAPLASIE ET DYSPLASIE ACQUISE",63,KYSTE ACQUIS OU D'ORIGINE INDETERMINEE (SAI),94,VISCEROCELE PAR RETENTION GAZEUSE,VISCEROCELE PAR RETENTION GAZEUSE,non,
6395,6,"MODIFICATION DE VOLUME, DYSTROPHIE, KYSTE, METAPLASIE ET DYSPLASIE ACQUISE",63,KYSTE ACQUIS OU D'ORIGINE INDETERMINEE (SAI),95,VISCEROCELE PAR RETENTION GAZEUSE TRAUMATIQUE,VISCEROCELE PAR RETENTION GAZEUSE TRAUMATIQUE,non,
6396,6,"MODIFICATION DE VOLUME, DYSTROPHIE, KYSTE, METAPLASIE ET DYSPLASIE ACQUISE",63,KYSTE ACQUIS OU D'ORIGINE INDETERMINEE (SAI),96,VISCEROCELE PAR RETENTION GAZEUSE PAR RUPTURE DE BULLE,VISCEROCELE PAR RETENTION GAZEUSE PAR RUPTURE DE BULLE,non,
6397,6,"MODIFICATION DE VOLUME, DYSTROPHIE, KYSTE, METAPLASIE ET DYSPLASIE ACQUISE",63,KYSTE ACQUIS OU D'ORIGINE INDETERMINEE (SAI),97,VISCEROCELE PAR RETENTION GAZEUSE PAR PERFORATION D'ORGANE,VISCEROCELE PAR RETENTION GAZEUSE PAR PERFORATION D'ORGANE,non,
6398,6,"MODIFICATION DE VOLUME, DYSTROPHIE, KYSTE, METAPLASIE ET DYSPLASIE ACQUISE",63,KYSTE ACQUIS OU D'ORIGINE INDETERMINEE (SAI),98,LYMPHOCELE - VISCEROCELE A LIQUIDE CHYLEUX,LYMPHOCELE - VISCEROCELE A LIQUIDE CHYLEUX,non,
6399,6,"MODIFICATION DE VOLUME, DYSTROPHIE, KYSTE, METAPLASIE ET DYSPLASIE ACQUISE",63,KYSTE ACQUIS OU D'ORIGINE INDETERMINEE (SAI),99,GALACTOCELE - VISCEROCELE A LIQUIDE LACTE METAPLASIE,GALACTOCELE - VISCEROCELE A LIQUIDE LACTE METAPLASIE,non,
6400,6,"MODIFICATION DE VOLUME, DYSTROPHIE, KYSTE, METAPLASIE ET DYSPLASIE ACQUISE",64,METAPLASIE EPITHELIALE ET MESENCHYMATEUSE (SAI),00,METAPLASIE EPITHELIALE ET MESENCHYMATEUSE (SAI),METAPLASIE EPITHELIALE ET MESENCHYMATEUSE (SAI),oui,
6410,6,"MODIFICATION DE VOLUME, DYSTROPHIE, KYSTE, METAPLASIE ET DYSPLASIE ACQUISE",64,METAPLASIE EPITHELIALE ET MESENCHYMATEUSE (SAI),10,METAPLASIE EPITHELIALE (SAI),METAPLASIE EPITHELIALE (SAI),oui,
6411,6,"MODIFICATION DE VOLUME, DYSTROPHIE, KYSTE, METAPLASIE ET DYSPLASIE ACQUISE",64,METAPLASIE EPITHELIALE ET MESENCHYMATEUSE (SAI),11,METAPLASIE EOSINOPHILE OU OXYPHILE,METAPLASIE EOSINOPHILE OU OXYPHILE,non,
6412,6,"MODIFICATION DE VOLUME, DYSTROPHIE, KYSTE, METAPLASIE ET DYSPLASIE ACQUISE",64,METAPLASIE EPITHELIALE ET MESENCHYMATEUSE (SAI),12,METAPLASIE GASTRIQUE DE TYPE FUNDIQUE,METAPLASIE GASTRIQUE DE TYPE FUNDIQUE,non,
6413,6,"MODIFICATION DE VOLUME, DYSTROPHIE, KYSTE, METAPLASIE ET DYSPLASIE ACQUISE",64,METAPLASIE EPITHELIALE ET MESENCHYMATEUSE (SAI),13,METAPLASIE GASTRIQUE DE TYPE PYLORIQUE,METAPLASIE GASTRIQUE DE TYPE PYLORIQUE,non,1992 AJOUT
6414,6,"MODIFICATION DE VOLUME, DYSTROPHIE, KYSTE, METAPLASIE ET DYSPLASIE ACQUISE",64,METAPLASIE EPITHELIALE ET MESENCHYMATEUSE (SAI),14,METAPLASIE IDROSADENOIDE - METAPLASIE APOCRINE,METAPLASIE IDROSADENOIDE - METAPLASIE APOCRINE,non,1999 MODIF
6415,6,"MODIFICATION DE VOLUME, DYSTROPHIE, KYSTE, METAPLASIE ET DYSPLASIE ACQUISE",64,METAPLASIE EPITHELIALE ET MESENCHYMATEUSE (SAI),15,METAPLASIE CYLINDRIQUE - ADENOSE CYLINDRIQUE,METAPLASIE CYLINDRIQUE - ADENOSE CYLINDRIQUE,non,1999 MODIF
6416,6,"MODIFICATION DE VOLUME, DYSTROPHIE, KYSTE, METAPLASIE ET DYSPLASIE ACQUISE",64,METAPLASIE EPITHELIALE ET MESENCHYMATEUSE (SAI),16,METAPLASIE INTESTINALE OU ENTEROIDE,METAPLASIE INTESTINALE OU ENTEROIDE,non,
6418,6,"MODIFICATION DE VOLUME, DYSTROPHIE, KYSTE, METAPLASIE ET DYSPLASIE ACQUISE",64,METAPLASIE EPITHELIALE ET MESENCHYMATEUSE (SAI),18,METAPLASIE MALPIGHIENNE,METAPLASIE MALPIGHIENNE,non,
6419,6,"MODIFICATION DE VOLUME, DYSTROPHIE, KYSTE, METAPLASIE ET DYSPLASIE ACQUISE",64,METAPLASIE EPITHELIALE ET MESENCHYMATEUSE (SAI),19,METAPLASIE MALPIGHIENNE MATURE,METAPLASIE MALPIGHIENNE MATURE,non,2006 AJOUT
6420,6,"MODIFICATION DE VOLUME, DYSTROPHIE, KYSTE, METAPLASIE ET DYSPLASIE ACQUISE",64,METAPLASIE EPITHELIALE ET MESENCHYMATEUSE (SAI),20,METAPLASIE MALPIGHIENNE IMMATURE,METAPLASIE MALPIGHIENNE IMMATURE,non,2006 AJOUT
6422,6,"MODIFICATION DE VOLUME, DYSTROPHIE, KYSTE, METAPLASIE ET DYSPLASIE ACQUISE",64,METAPLASIE EPITHELIALE ET MESENCHYMATEUSE (SAI),22,LEUCOPLASIE - METAPLASIE MALPIGHIENNE AVEC KERATINISATION,LEUCOPLASIE - METAPLASIE MALPIGHIENNE AVEC KERATINISATION,non,
6424,6,"MODIFICATION DE VOLUME, DYSTROPHIE, KYSTE, METAPLASIE ET DYSPLASIE ACQUISE",64,METAPLASIE EPITHELIALE ET MESENCHYMATEUSE (SAI),24,METAPLASIE MUCIPARE,METAPLASIE MUCIPARE,non,
6425,6,"MODIFICATION DE VOLUME, DYSTROPHIE, KYSTE, METAPLASIE ET DYSPLASIE ACQUISE",64,METAPLASIE EPITHELIALE ET MESENCHYMATEUSE (SAI),25,METAPLASIE NEPHROGENIQUE,METAPLASIE NEPHROGENIQUE,non,
6426,6,"MODIFICATION DE VOLUME, DYSTROPHIE, KYSTE, METAPLASIE ET DYSPLASIE ACQUISE",64,METAPLASIE EPITHELIALE ET MESENCHYMATEUSE (SAI),26,METAPLASIE ONCOCYTAIRE,METAPLASIE ONCOCYTAIRE,non,
6428,6,"MODIFICATION DE VOLUME, DYSTROPHIE, KYSTE, METAPLASIE ET DYSPLASIE ACQUISE",64,METAPLASIE EPITHELIALE ET MESENCHYMATEUSE (SAI),28,METAPLASIE SEBACEE,METAPLASIE SEBACEE,non,
6431,6,"MODIFICATION DE VOLUME, DYSTROPHIE, KYSTE, METAPLASIE ET DYSPLASIE ACQUISE",64,METAPLASIE EPITHELIALE ET MESENCHYMATEUSE (SAI),31,METAPLASIE TUBAIRE (ENDOMETRE),METAPLASIE TUBAIRE (ENDOMETRE),non,1992 AJOUT
6432,6,"MODIFICATION DE VOLUME, DYSTROPHIE, KYSTE, METAPLASIE ET DYSPLASIE ACQUISE",64,METAPLASIE EPITHELIALE ET MESENCHYMATEUSE (SAI),32,METAPLASIE A CELLULES TRANSITIONNELLES - METAPLASIE UROTHELIALE,METAPLASIE A CELLULES TRANSITIONNELLES - METAPLASIE UROTHELIALE,non,2006 MODIF
6434,6,"MODIFICATION DE VOLUME, DYSTROPHIE, KYSTE, METAPLASIE ET DYSPLASIE ACQUISE",64,METAPLASIE EPITHELIALE ET MESENCHYMATEUSE (SAI),34,METAPLASIE SUR NECROSE ET INFARCTUS,METAPLASIE SUR NECROSE ET INFARCTUS,non,
6450,6,"MODIFICATION DE VOLUME, DYSTROPHIE, KYSTE, METAPLASIE ET DYSPLASIE ACQUISE",64,METAPLASIE EPITHELIALE ET MESENCHYMATEUSE (SAI),50,METAPLASIE MESENCHYMATEUSE (SAI),METAPLASIE MESENCHYMATEUSE (SAI),oui,
6452,6,"MODIFICATION DE VOLUME, DYSTROPHIE, KYSTE, METAPLASIE ET DYSPLASIE ACQUISE",64,METAPLASIE EPITHELIALE ET MESENCHYMATEUSE (SAI),52,METAPLASIE CHONDROIDE OU CARTILAGINEUSE,METAPLASIE CHONDROIDE OU CARTILAGINEUSE,non,
6453,6,"MODIFICATION DE VOLUME, DYSTROPHIE, KYSTE, METAPLASIE ET DYSPLASIE ACQUISE",64,METAPLASIE EPITHELIALE ET MESENCHYMATEUSE (SAI),53,TYMPANOSCLEROSE,TYMPANOSCLEROSE,non,
6454,6,"MODIFICATION DE VOLUME, DYSTROPHIE, KYSTE, METAPLASIE ET DYSPLASIE ACQUISE",64,METAPLASIE EPITHELIALE ET MESENCHYMATEUSE (SAI),54,METAPLASIE OSTEOIDE - METAPLASIE OSSEUSE LOCALISEE,METAPLASIE OSTEOIDE - METAPLASIE OSSEUSE LOCALISEE,non,
6455,6,"MODIFICATION DE VOLUME, DYSTROPHIE, KYSTE, METAPLASIE ET DYSPLASIE ACQUISE",64,METAPLASIE EPITHELIALE ET MESENCHYMATEUSE (SAI),55,METAPLASIE OSSEUSE DIFFUSE,METAPLASIE OSSEUSE DIFFUSE,non,
6456,6,"MODIFICATION DE VOLUME, DYSTROPHIE, KYSTE, METAPLASIE ET DYSPLASIE ACQUISE",64,METAPLASIE EPITHELIALE ET MESENCHYMATEUSE (SAI),56,METAPLASIE MYELOIDE,METAPLASIE MYELOIDE,non,
6457,6,"MODIFICATION DE VOLUME, DYSTROPHIE, KYSTE, METAPLASIE ET DYSPLASIE ACQUISE",64,METAPLASIE EPITHELIALE ET MESENCHYMATEUSE (SAI),57,METAPLASIE MUSCULAIRE LISSE,METAPLASIE MUSCULAIRE LISSE,non,
6458,6,"MODIFICATION DE VOLUME, DYSTROPHIE, KYSTE, METAPLASIE ET DYSPLASIE ACQUISE",64,METAPLASIE EPITHELIALE ET MESENCHYMATEUSE (SAI),58,METAPLASIE DECIDUALE - DECIDUOSE,METAPLASIE DECIDUALE - DECIDUOSE,non,
6459,6,"MODIFICATION DE VOLUME, DYSTROPHIE, KYSTE, METAPLASIE ET DYSPLASIE ACQUISE",64,METAPLASIE EPITHELIALE ET MESENCHYMATEUSE (SAI),59,LUTEOSE DYSTROPHIES ACQUISES,LUTEOSE DYSTROPHIES ACQUISES,non,
6500,6,"MODIFICATION DE VOLUME, DYSTROPHIE, KYSTE, METAPLASIE ET DYSPLASIE ACQUISE",65,DYSTROPHIE EPITHELIALE (SAI),00,DYSTROPHIE EPITHELIALE (SAI),DYSTROPHIE EPITHELIALE (SAI),oui,
6502,6,"MODIFICATION DE VOLUME, DYSTROPHIE, KYSTE, METAPLASIE ET DYSPLASIE ACQUISE",65,DYSTROPHIE EPITHELIALE (SAI),02,LICHEN PLAN DES MUQUEUSES,LICHEN PLAN DES MUQUEUSES,non,1997 AJOUT
6510,6,"MODIFICATION DE VOLUME, DYSTROPHIE, KYSTE, METAPLASIE ET DYSPLASIE ACQUISE",65,DYSTROPHIE EPITHELIALE (SAI),10,DYSTROPHIE EPIDERMOIDE,DYSTROPHIE EPIDERMOIDE,non,
6511,6,"MODIFICATION DE VOLUME, DYSTROPHIE, KYSTE, METAPLASIE ET DYSPLASIE ACQUISE",65,DYSTROPHIE EPITHELIALE (SAI),11,DYSTROPHIE EPIDERMOIDE AVEC HYPERPLASIE,DYSTROPHIE EPIDERMOIDE AVEC HYPERPLASIE,non,
6512,6,"MODIFICATION DE VOLUME, DYSTROPHIE, KYSTE, METAPLASIE ET DYSPLASIE ACQUISE",65,DYSTROPHIE EPITHELIALE (SAI),12,LICHEN SCLEREUX DES MUQUEUSES (SAI),LICHEN SCLEREUX DES MUQUEUSES (SAI),oui,
6513,6,"MODIFICATION DE VOLUME, DYSTROPHIE, KYSTE, METAPLASIE ET DYSPLASIE ACQUISE",65,DYSTROPHIE EPITHELIALE (SAI),13,DYSTROPHIE EPIDERMOIDE MIXTE,DYSTROPHIE EPIDERMOIDE MIXTE,non,
6515,6,"MODIFICATION DE VOLUME, DYSTROPHIE, KYSTE, METAPLASIE ET DYSPLASIE ACQUISE",65,DYSTROPHIE EPITHELIALE (SAI),15,DYSTROPHIE EPIDERMOIDE AVEC HYPERPLASIE ATYPIQUE (SAI),DYSTROPHIE EPIDERMOIDE AVEC HYPERPLASIE ATYPIQUE (SAI),oui,
6516,6,"MODIFICATION DE VOLUME, DYSTROPHIE, KYSTE, METAPLASIE ET DYSPLASIE ACQUISE",65,DYSTROPHIE EPITHELIALE (SAI),16,DYSTROPHIE EPIDERMOIDE AVEC HYPERPLASIE ATYPIQUE LEGERE,DYSTROPHIE EPIDERMOIDE AVEC HYPERPLASIE ATYPIQUE LEGERE,non,
6517,6,"MODIFICATION DE VOLUME, DYSTROPHIE, KYSTE, METAPLASIE ET DYSPLASIE ACQUISE",65,DYSTROPHIE EPITHELIALE (SAI),17,DYSTROPHIE EPIDERMOIDE AVEC HYPERPLASIE ATYPIQUE MODEREE,DYSTROPHIE EPIDERMOIDE AVEC HYPERPLASIE ATYPIQUE MODEREE,non,
6518,6,"MODIFICATION DE VOLUME, DYSTROPHIE, KYSTE, METAPLASIE ET DYSPLASIE ACQUISE",65,DYSTROPHIE EPITHELIALE (SAI),18,DYSTROPHIE EPIDERMOIDE AVEC HYPERPLASIE ATYPIQUE SEVERE,DYSTROPHIE EPIDERMOIDE AVEC HYPERPLASIE ATYPIQUE SEVERE,non,
6521,6,"MODIFICATION DE VOLUME, DYSTROPHIE, KYSTE, METAPLASIE ET DYSPLASIE ACQUISE",65,DYSTROPHIE EPITHELIALE (SAI),21,DYSTROPHIE EPIDERMOIDE MIXTE AVEC HYPERPLASIE ATYPIQUE (SAI),DYSTROPHIE EPIDERMOIDE MIXTE AVEC HYPERPLASIE ATYPIQUE (SAI),oui,
6522,6,"MODIFICATION DE VOLUME, DYSTROPHIE, KYSTE, METAPLASIE ET DYSPLASIE ACQUISE",65,DYSTROPHIE EPITHELIALE (SAI),22,DYSTROPHIE EPIDERMOIDE MIXTE AVEC HYPERPLASIE ATYPIQUE LEGERE,DYSTROPHIE EPIDERMOIDE MIXTE AVEC HYPERPLASIE ATYPIQUE LEGERE,non,
6523,6,"MODIFICATION DE VOLUME, DYSTROPHIE, KYSTE, METAPLASIE ET DYSPLASIE ACQUISE",65,DYSTROPHIE EPITHELIALE (SAI),23,DYSTROPHIE EPIDERMOIDE MIXTE AVEC HYPERPLASIE ATYPIQUE MODEREE,DYSTROPHIE EPIDERMOIDE MIXTE AVEC HYPERPLASIE ATYPIQUE MODEREE,non,
6524,6,"MODIFICATION DE VOLUME, DYSTROPHIE, KYSTE, METAPLASIE ET DYSPLASIE ACQUISE",65,DYSTROPHIE EPITHELIALE (SAI),24,DYSTROPHIE EPIDERMOIDE MIXTE AVEC HYPERPLASIE ATYPIQUE SEVERE,DYSTROPHIE EPIDERMOIDE MIXTE AVEC HYPERPLASIE ATYPIQUE SEVERE,non,
6530,6,"MODIFICATION DE VOLUME, DYSTROPHIE, KYSTE, METAPLASIE ET DYSPLASIE ACQUISE",65,DYSTROPHIE EPITHELIALE (SAI),30,DYSTROPHIE GLANDULAIRE (SAI),DYSTROPHIE GLANDULAIRE (SAI),oui,
6531,6,"MODIFICATION DE VOLUME, DYSTROPHIE, KYSTE, METAPLASIE ET DYSPLASIE ACQUISE",65,DYSTROPHIE EPITHELIALE (SAI),31,ECTROPION (SAI),ECTROPION (SAI),oui,
6532,6,"MODIFICATION DE VOLUME, DYSTROPHIE, KYSTE, METAPLASIE ET DYSPLASIE ACQUISE",65,DYSTROPHIE EPITHELIALE (SAI),32,ECTROPION ENFLAMME,ECTROPION ENFLAMME,non,
6533,6,"MODIFICATION DE VOLUME, DYSTROPHIE, KYSTE, METAPLASIE ET DYSPLASIE ACQUISE",65,DYSTROPHIE EPITHELIALE (SAI),33,ECTROPION METAPLASIQUE,ECTROPION METAPLASIQUE,non,
6535,6,"MODIFICATION DE VOLUME, DYSTROPHIE, KYSTE, METAPLASIE ET DYSPLASIE ACQUISE",65,DYSTROPHIE EPITHELIALE (SAI),35,EROSION GLANDULAIRE,EROSION GLANDULAIRE,non,
6536,6,"MODIFICATION DE VOLUME, DYSTROPHIE, KYSTE, METAPLASIE ET DYSPLASIE ACQUISE",65,DYSTROPHIE EPITHELIALE (SAI),36,HETEROTOPIE GLANDULAIRE ACQUISE (SAI),HETEROTOPIE GLANDULAIRE ACQUISE (SAI),oui,
6537,6,"MODIFICATION DE VOLUME, DYSTROPHIE, KYSTE, METAPLASIE ET DYSPLASIE ACQUISE",65,DYSTROPHIE EPITHELIALE (SAI),37,HETEROTOPIE GLANDULAIRE ACQUISE DE TYPE GASTRIQUE - SYNDROME DE BARRETT,HETEROTOPIE GLANDULAIRE ACQUISE DE TYPE GASTRIQUE - SYNDROME DE BARRETT,non,
6538,6,"MODIFICATION DE VOLUME, DYSTROPHIE, KYSTE, METAPLASIE ET DYSPLASIE ACQUISE",65,DYSTROPHIE EPITHELIALE (SAI),38,HETEROTOPIE GLANDULAIRE ACQUISE DE TYPE INTESTINAL,HETEROTOPIE GLANDULAIRE ACQUISE DE TYPE INTESTINAL,non,
6539,6,"MODIFICATION DE VOLUME, DYSTROPHIE, KYSTE, METAPLASIE ET DYSPLASIE ACQUISE",65,DYSTROPHIE EPITHELIALE (SAI),39,HETEROTOPIE GLANDULAIRE ACQUISE ULCEREE,HETEROTOPIE GLANDULAIRE ACQUISE ULCEREE,non,
6540,6,"MODIFICATION DE VOLUME, DYSTROPHIE, KYSTE, METAPLASIE ET DYSPLASIE ACQUISE",65,DYSTROPHIE EPITHELIALE (SAI),40,DYSTROPHIE COMPLEXE (SAI),DYSTROPHIE COMPLEXE (SAI),oui,
6541,6,"MODIFICATION DE VOLUME, DYSTROPHIE, KYSTE, METAPLASIE ET DYSPLASIE ACQUISE",65,DYSTROPHIE EPITHELIALE (SAI),41,DYSTROPHIE MULTIKYSTIQUE,DYSTROPHIE MULTIKYSTIQUE,non,
6542,6,"MODIFICATION DE VOLUME, DYSTROPHIE, KYSTE, METAPLASIE ET DYSPLASIE ACQUISE",65,DYSTROPHIE EPITHELIALE (SAI),42,DYSTROPHIE KYSTIQUE AVEC HYPERTHECOSE,DYSTROPHIE KYSTIQUE AVEC HYPERTHECOSE,non,
6544,6,"MODIFICATION DE VOLUME, DYSTROPHIE, KYSTE, METAPLASIE ET DYSPLASIE ACQUISE",65,DYSTROPHIE EPITHELIALE (SAI),44,DYSTROPHIE FIBROKYSTIQUE,DYSTROPHIE FIBROKYSTIQUE,non,
6546,6,"MODIFICATION DE VOLUME, DYSTROPHIE, KYSTE, METAPLASIE ET DYSPLASIE ACQUISE",65,DYSTROPHIE EPITHELIALE (SAI),46,DYSTROPHIE PAR ECTASIE DES CONDUITS (GALACTOPHORE),DYSTROPHIE PAR ECTASIE DES CONDUITS (GALACTOPHORE),non,
6547,6,"MODIFICATION DE VOLUME, DYSTROPHIE, KYSTE, METAPLASIE ET DYSPLASIE ACQUISE",65,DYSTROPHIE EPITHELIALE (SAI),47,ENDOSALPINGIOSE,ENDOSALPINGIOSE,non,
6549,6,"MODIFICATION DE VOLUME, DYSTROPHIE, KYSTE, METAPLASIE ET DYSPLASIE ACQUISE",65,DYSTROPHIE EPITHELIALE (SAI),49,SALPINGIOSE ISTHMIQUE NOUEUSE,SALPINGIOSE ISTHMIQUE NOUEUSE,non,
6551,6,"MODIFICATION DE VOLUME, DYSTROPHIE, KYSTE, METAPLASIE ET DYSPLASIE ACQUISE",65,DYSTROPHIE EPITHELIALE (SAI),51,GYNECOMASTIE,GYNECOMASTIE,non,
6553,6,"MODIFICATION DE VOLUME, DYSTROPHIE, KYSTE, METAPLASIE ET DYSPLASIE ACQUISE",65,DYSTROPHIE EPITHELIALE (SAI),53,METROSE ENDOPHYTIQUE,METROSE ENDOPHYTIQUE,non,
6559,6,"MODIFICATION DE VOLUME, DYSTROPHIE, KYSTE, METAPLASIE ET DYSPLASIE ACQUISE",65,DYSTROPHIE EPITHELIALE (SAI),59,DYSTROPHIE COMPLEXE A MULTIPLES COMPOSANTES (SAI),DYSTROPHIE COMPLEXE A MULTIPLES COMPOSANTES (SAI),oui,
6560,6,"MODIFICATION DE VOLUME, DYSTROPHIE, KYSTE, METAPLASIE ET DYSPLASIE ACQUISE",65,DYSTROPHIE EPITHELIALE (SAI),60,ENDOMETRIOSE (SAI),ENDOMETRIOSE (SAI),oui,
6561,6,"MODIFICATION DE VOLUME, DYSTROPHIE, KYSTE, METAPLASIE ET DYSPLASIE ACQUISE",65,DYSTROPHIE EPITHELIALE (SAI),61,ENDOMETRIOSE INCOMPLETE,ENDOMETRIOSE INCOMPLETE,non,
6562,6,"MODIFICATION DE VOLUME, DYSTROPHIE, KYSTE, METAPLASIE ET DYSPLASIE ACQUISE",65,DYSTROPHIE EPITHELIALE (SAI),62,ENDOMETRIOSE DECIDUALISEE,ENDOMETRIOSE DECIDUALISEE,non,
6563,6,"MODIFICATION DE VOLUME, DYSTROPHIE, KYSTE, METAPLASIE ET DYSPLASIE ACQUISE",65,DYSTROPHIE EPITHELIALE (SAI),63,ENDOMETRIOSE REGRESSIVE,ENDOMETRIOSE REGRESSIVE,non,
6565,6,"MODIFICATION DE VOLUME, DYSTROPHIE, KYSTE, METAPLASIE ET DYSPLASIE ACQUISE",65,DYSTROPHIE EPITHELIALE (SAI),65,ENDOMETRIOSE KYSTIQUE - KYSTE ENDOMETRIOSIQUE,ENDOMETRIOSE KYSTIQUE - KYSTE ENDOMETRIOSIQUE,non,
6567,6,"MODIFICATION DE VOLUME, DYSTROPHIE, KYSTE, METAPLASIE ET DYSPLASIE ACQUISE",65,DYSTROPHIE EPITHELIALE (SAI),67,ENDOMETRIOME,ENDOMETRIOME,non,
6568,6,"MODIFICATION DE VOLUME, DYSTROPHIE, KYSTE, METAPLASIE ET DYSPLASIE ACQUISE",65,DYSTROPHIE EPITHELIALE (SAI),68,ADENOMYOSE,ADENOMYOSE,non,
6570,6,"MODIFICATION DE VOLUME, DYSTROPHIE, KYSTE, METAPLASIE ET DYSPLASIE ACQUISE",65,DYSTROPHIE EPITHELIALE (SAI),70,DYSTROPHIE EPITHELIALE DIVERSE (NCA),DYSTROPHIE EPITHELIALE DIVERSE (NCA),non,
6571,6,"MODIFICATION DE VOLUME, DYSTROPHIE, KYSTE, METAPLASIE ET DYSPLASIE ACQUISE",65,DYSTROPHIE EPITHELIALE (SAI),71,AMNION NODOSUM,AMNION NODOSUM,non,
6600,6,"MODIFICATION DE VOLUME, DYSTROPHIE, KYSTE, METAPLASIE ET DYSPLASIE ACQUISE",66,DYSTROPHIE MESENCHYMATEUSE,00,DYSTROPHIE MESENCHYMATEUSE,DYSTROPHIE MESENCHYMATEUSE,non,
6610,6,"MODIFICATION DE VOLUME, DYSTROPHIE, KYSTE, METAPLASIE ET DYSPLASIE ACQUISE",66,DYSTROPHIE MESENCHYMATEUSE,10,DYSTROPHIE CONJONCTIVE OU FIBREUSE (SAI),DYSTROPHIE CONJONCTIVE OU FIBREUSE (SAI),oui,
6611,6,"MODIFICATION DE VOLUME, DYSTROPHIE, KYSTE, METAPLASIE ET DYSPLASIE ACQUISE",66,DYSTROPHIE MESENCHYMATEUSE,11,DYSTROPHIE DE STEIN-LEVENTHAL,DYSTROPHIE DE STEIN-LEVENTHAL,non,
6620,6,"MODIFICATION DE VOLUME, DYSTROPHIE, KYSTE, METAPLASIE ET DYSPLASIE ACQUISE",66,DYSTROPHIE MESENCHYMATEUSE,20,DYSTROPHIE CARTILAGINEUSE - CHONDRODYSTROPHIE (SAI),DYSTROPHIE CARTILAGINEUSE - CHONDRODYSTROPHIE (SAI),oui,
6621,6,"MODIFICATION DE VOLUME, DYSTROPHIE, KYSTE, METAPLASIE ET DYSPLASIE ACQUISE",66,DYSTROPHIE MESENCHYMATEUSE,21,ARTHROSE,ARTHROSE,non,
6622,6,"MODIFICATION DE VOLUME, DYSTROPHIE, KYSTE, METAPLASIE ET DYSPLASIE ACQUISE",66,DYSTROPHIE MESENCHYMATEUSE,22,ARTHROSE COMMUNE PRIMITIVE,ARTHROSE COMMUNE PRIMITIVE,non,
6623,6,"MODIFICATION DE VOLUME, DYSTROPHIE, KYSTE, METAPLASIE ET DYSPLASIE ACQUISE",66,DYSTROPHIE MESENCHYMATEUSE,23,ARTHROSE COMMUNE SECONDAIRE,ARTHROSE COMMUNE SECONDAIRE,non,
6625,6,"MODIFICATION DE VOLUME, DYSTROPHIE, KYSTE, METAPLASIE ET DYSPLASIE ACQUISE",66,DYSTROPHIE MESENCHYMATEUSE,25,ARTHROSE PRIMITIVE EN EVOLUTION DESTRUCTRICE RAPIDE,ARTHROSE PRIMITIVE EN EVOLUTION DESTRUCTRICE RAPIDE,non,
6627,6,"MODIFICATION DE VOLUME, DYSTROPHIE, KYSTE, METAPLASIE ET DYSPLASIE ACQUISE",66,DYSTROPHIE MESENCHYMATEUSE,27,ARTHROSE AVEC LESIONS ASSOCIEES (CHONDROCALCINOSE - OSTEOCHONDROMATOSE),ARTHROSE AVEC LESIONS ASSOCIEES (CHONDROCALCINOSE - OSTEOCHONDROMATOSE),non,
6629,6,"MODIFICATION DE VOLUME, DYSTROPHIE, KYSTE, METAPLASIE ET DYSPLASIE ACQUISE",66,DYSTROPHIE MESENCHYMATEUSE,29,CHONDROCALCINOSE,CHONDROCALCINOSE,non,
6631,6,"MODIFICATION DE VOLUME, DYSTROPHIE, KYSTE, METAPLASIE ET DYSPLASIE ACQUISE",66,DYSTROPHIE MESENCHYMATEUSE,31,CHONDROMALACIE,CHONDROMALACIE,non,
6632,6,"MODIFICATION DE VOLUME, DYSTROPHIE, KYSTE, METAPLASIE ET DYSPLASIE ACQUISE",66,DYSTROPHIE MESENCHYMATEUSE,32,CHONDROMALACIE KYSTIQUE - PSEUDOKYSTE ENCHONDRAL,CHONDROMALACIE KYSTIQUE - PSEUDOKYSTE ENCHONDRAL,non,1992 AJOUT
6633,6,"MODIFICATION DE VOLUME, DYSTROPHIE, KYSTE, METAPLASIE ET DYSPLASIE ACQUISE",66,DYSTROPHIE MESENCHYMATEUSE,33,DYSTROPHIE DEGENERATIVE DES FIBROCARTILAGES - MENISCOSE - HERNIE DISCALE,DYSTROPHIE DEGENERATIVE DES FIBROCARTILAGES - MENISCOSE - HERNIE DISCALE,non,
6640,6,"MODIFICATION DE VOLUME, DYSTROPHIE, KYSTE, METAPLASIE ET DYSPLASIE ACQUISE",66,DYSTROPHIE MESENCHYMATEUSE,40,DYSTROPHIE MUSCULAIRE - DYSTROPHIE FIBRO-MUSCULAIRE (SAI),DYSTROPHIE MUSCULAIRE - DYSTROPHIE FIBRO-MUSCULAIRE (SAI),oui,
6641,6,"MODIFICATION DE VOLUME, DYSTROPHIE, KYSTE, METAPLASIE ET DYSPLASIE ACQUISE",66,DYSTROPHIE MESENCHYMATEUSE,41,"MALADIE DU COL (VESSIE, VESICULE BILIAIRE ETC)","MALADIE DU COL (VESSIE, VESICULE BILIAIRE ETC)",non,
6643,6,"MODIFICATION DE VOLUME, DYSTROPHIE, KYSTE, METAPLASIE ET DYSPLASIE ACQUISE",66,DYSTROPHIE MESENCHYMATEUSE,43,MYOMETRIOSE GRAVIDIQUE (ENDOMETRITE SYNCYTIALE),MYOMETRIOSE GRAVIDIQUE (ENDOMETRITE SYNCYTIALE),non,
6650,6,"MODIFICATION DE VOLUME, DYSTROPHIE, KYSTE, METAPLASIE ET DYSPLASIE ACQUISE",66,DYSTROPHIE MESENCHYMATEUSE,50,DYSTROPHIE OSSEUSE - OSTEODYSTROPHIE (SAI),DYSTROPHIE OSSEUSE - OSTEODYSTROPHIE (SAI),oui,
6651,6,"MODIFICATION DE VOLUME, DYSTROPHIE, KYSTE, METAPLASIE ET DYSPLASIE ACQUISE",66,DYSTROPHIE MESENCHYMATEUSE,51,OSTEOPOROSE (SAI),OSTEOPOROSE (SAI),oui,
6652,6,"MODIFICATION DE VOLUME, DYSTROPHIE, KYSTE, METAPLASIE ET DYSPLASIE ACQUISE",66,DYSTROPHIE MESENCHYMATEUSE,52,OSTEOPOROSE LOCALISEE,OSTEOPOROSE LOCALISEE,non,
6654,6,"MODIFICATION DE VOLUME, DYSTROPHIE, KYSTE, METAPLASIE ET DYSPLASIE ACQUISE",66,DYSTROPHIE MESENCHYMATEUSE,54,OSTEOLYSE (SAI),OSTEOLYSE (SAI),oui,
6655,6,"MODIFICATION DE VOLUME, DYSTROPHIE, KYSTE, METAPLASIE ET DYSPLASIE ACQUISE",66,DYSTROPHIE MESENCHYMATEUSE,55,ACRO-OSTEOLYSE,ACRO-OSTEOLYSE,non,
6657,6,"MODIFICATION DE VOLUME, DYSTROPHIE, KYSTE, METAPLASIE ET DYSPLASIE ACQUISE",66,DYSTROPHIE MESENCHYMATEUSE,57,RESORPTION OSTEOCLASIQUE,RESORPTION OSTEOCLASIQUE,non,
6658,6,"MODIFICATION DE VOLUME, DYSTROPHIE, KYSTE, METAPLASIE ET DYSPLASIE ACQUISE",66,DYSTROPHIE MESENCHYMATEUSE,58,OSTEOSE FIBROKYSTIQUE - MALADIE DE RECKLINGHAUSEN OSSEUSE,OSTEOSE FIBROKYSTIQUE - MALADIE DE RECKLINGHAUSEN OSSEUSE,non,
6659,6,"MODIFICATION DE VOLUME, DYSTROPHIE, KYSTE, METAPLASIE ET DYSPLASIE ACQUISE",66,DYSTROPHIE MESENCHYMATEUSE,59,PSEUDOTUMEUR OSTEOCLASIQUE - TUMEUR BRUNE,PSEUDOTUMEUR OSTEOCLASIQUE - TUMEUR BRUNE,non,
6661,6,"MODIFICATION DE VOLUME, DYSTROPHIE, KYSTE, METAPLASIE ET DYSPLASIE ACQUISE",66,DYSTROPHIE MESENCHYMATEUSE,61,OSTEOMALACIE,OSTEOMALACIE,non,
6662,6,"MODIFICATION DE VOLUME, DYSTROPHIE, KYSTE, METAPLASIE ET DYSPLASIE ACQUISE",66,DYSTROPHIE MESENCHYMATEUSE,62,RACHITISME,RACHITISME,non,
6664,6,"MODIFICATION DE VOLUME, DYSTROPHIE, KYSTE, METAPLASIE ET DYSPLASIE ACQUISE",66,DYSTROPHIE MESENCHYMATEUSE,64,OSTEOSE CONDENSANTE,OSTEOSE CONDENSANTE,non,
6665,6,"MODIFICATION DE VOLUME, DYSTROPHIE, KYSTE, METAPLASIE ET DYSPLASIE ACQUISE",66,DYSTROPHIE MESENCHYMATEUSE,65,OSTEOSCLEROSE,OSTEOSCLEROSE,non,
6666,6,"MODIFICATION DE VOLUME, DYSTROPHIE, KYSTE, METAPLASIE ET DYSPLASIE ACQUISE",66,DYSTROPHIE MESENCHYMATEUSE,66,OSTEOPETROSE - MALADIE D'ALBERS SCHONBERG,OSTEOPETROSE - MALADIE D'ALBERS SCHONBERG,non,
6668,6,"MODIFICATION DE VOLUME, DYSTROPHIE, KYSTE, METAPLASIE ET DYSPLASIE ACQUISE",66,DYSTROPHIE MESENCHYMATEUSE,68,OSTEOGENESE PERIOSTEE - PERIOSTOSE,OSTEOGENESE PERIOSTEE - PERIOSTOSE,non,
6669,6,"MODIFICATION DE VOLUME, DYSTROPHIE, KYSTE, METAPLASIE ET DYSPLASIE ACQUISE",66,DYSTROPHIE MESENCHYMATEUSE,69,OSTEOPATHIE HYPERTROPHIANTE PNEUMIQUE,OSTEOPATHIE HYPERTROPHIANTE PNEUMIQUE,non,
6671,6,"MODIFICATION DE VOLUME, DYSTROPHIE, KYSTE, METAPLASIE ET DYSPLASIE ACQUISE",66,DYSTROPHIE MESENCHYMATEUSE,71,MALADIE OSSEUSE DE PAGET,MALADIE OSSEUSE DE PAGET,non,
6672,6,"MODIFICATION DE VOLUME, DYSTROPHIE, KYSTE, METAPLASIE ET DYSPLASIE ACQUISE",66,DYSTROPHIE MESENCHYMATEUSE,72,REMANIEMENT PAGETOIDE,REMANIEMENT PAGETOIDE,non,
6674,6,"MODIFICATION DE VOLUME, DYSTROPHIE, KYSTE, METAPLASIE ET DYSPLASIE ACQUISE",66,DYSTROPHIE MESENCHYMATEUSE,74,OSTEOME PARA-ARTICULAIRE,OSTEOME PARA-ARTICULAIRE,non,
6676,6,"MODIFICATION DE VOLUME, DYSTROPHIE, KYSTE, METAPLASIE ET DYSPLASIE ACQUISE",66,DYSTROPHIE MESENCHYMATEUSE,76,OSTEOGENESIS IMPERFECTA (SAI) - MALADIE DE LOBSTEIN,OSTEOGENESIS IMPERFECTA (SAI) - MALADIE DE LOBSTEIN,oui,
6680,6,"MODIFICATION DE VOLUME, DYSTROPHIE, KYSTE, METAPLASIE ET DYSPLASIE ACQUISE",66,DYSTROPHIE MESENCHYMATEUSE,80,DYSTROPHIE SYNOVIALE OU ARTICULAIRE,DYSTROPHIE SYNOVIALE OU ARTICULAIRE,non,
6681,6,"MODIFICATION DE VOLUME, DYSTROPHIE, KYSTE, METAPLASIE ET DYSPLASIE ACQUISE",66,DYSTROPHIE MESENCHYMATEUSE,81,CORPS ETRANGER INTRA-ARTICULAIRE,CORPS ETRANGER INTRA-ARTICULAIRE,non,
6682,6,"MODIFICATION DE VOLUME, DYSTROPHIE, KYSTE, METAPLASIE ET DYSPLASIE ACQUISE",66,DYSTROPHIE MESENCHYMATEUSE,82,OSTEOCHONDROMATOSE ET CHONDROMATOSE SYNOVIALES,OSTEOCHONDROMATOSE ET CHONDROMATOSE SYNOVIALES,non,
6684,6,"MODIFICATION DE VOLUME, DYSTROPHIE, KYSTE, METAPLASIE ET DYSPLASIE ACQUISE",66,DYSTROPHIE MESENCHYMATEUSE,84,PLICA SYNOVIALE,PLICA SYNOVIALE,non,
6686,6,"MODIFICATION DE VOLUME, DYSTROPHIE, KYSTE, METAPLASIE ET DYSPLASIE ACQUISE",66,DYSTROPHIE MESENCHYMATEUSE,86,ARTHROPATHIE NERVEUSE (TABES - DIABETE - SYRINGOMYELIE),ARTHROPATHIE NERVEUSE (TABES - DIABETE - SYRINGOMYELIE),non,
6690,6,"MODIFICATION DE VOLUME, DYSTROPHIE, KYSTE, METAPLASIE ET DYSPLASIE ACQUISE",66,DYSTROPHIE MESENCHYMATEUSE,90,DYSTROPHIE DIVERSE (NCA),DYSTROPHIE DIVERSE (NCA),non,
6691,6,"MODIFICATION DE VOLUME, DYSTROPHIE, KYSTE, METAPLASIE ET DYSPLASIE ACQUISE",66,DYSTROPHIE MESENCHYMATEUSE,91,ALGONEURODYSTROPHIE,ALGONEURODYSTROPHIE,non,
6692,6,"MODIFICATION DE VOLUME, DYSTROPHIE, KYSTE, METAPLASIE ET DYSPLASIE ACQUISE",66,DYSTROPHIE MESENCHYMATEUSE,92,ALGONEURODYSTROPHIE POST-TRAUMATIQUE,ALGONEURODYSTROPHIE POST-TRAUMATIQUE,non,
6694,6,"MODIFICATION DE VOLUME, DYSTROPHIE, KYSTE, METAPLASIE ET DYSPLASIE ACQUISE",66,DYSTROPHIE MESENCHYMATEUSE,94,SPLENOSE PERITONEALE,SPLENOSE PERITONEALE,non,
6695,6,"MODIFICATION DE VOLUME, DYSTROPHIE, KYSTE, METAPLASIE ET DYSPLASIE ACQUISE",66,DYSTROPHIE MESENCHYMATEUSE,95,HETEROTOPIE ACQUISE DE CELLULES MESOTHELIALES - INCLUSION ACQUISE DE CELLULES MESOTHELIALES,HETEROTOPIE ACQUISE DE CELLULES MESOTHELIALES - INCLUSION ACQUISE DE CELLULES MESOTHELIALES,non,1998 AJOUT
6696,6,"MODIFICATION DE VOLUME, DYSTROPHIE, KYSTE, METAPLASIE ET DYSPLASIE ACQUISE",66,DYSTROPHIE MESENCHYMATEUSE,96,DECIDUOSE ECTOPIQUE,DECIDUOSE ECTOPIQUE,non,
6697,6,"MODIFICATION DE VOLUME, DYSTROPHIE, KYSTE, METAPLASIE ET DYSPLASIE ACQUISE",66,DYSTROPHIE MESENCHYMATEUSE,97,HETEROTOPIE ACQUISE DE CELLULES NAEVIQUES,HETEROTOPIE ACQUISE DE CELLULES NAEVIQUES,non,
6698,6,"MODIFICATION DE VOLUME, DYSTROPHIE, KYSTE, METAPLASIE ET DYSPLASIE ACQUISE",66,DYSTROPHIE MESENCHYMATEUSE,98,ILOT DE WALTHARD HYPERPLASIES ACQUISES,ILOT DE WALTHARD HYPERPLASIES ACQUISES,non,
6700,6,"MODIFICATION DE VOLUME, DYSTROPHIE, KYSTE, METAPLASIE ET DYSPLASIE ACQUISE",67,HYPERPLASIE (SAI),00,HYPERPLASIE (SAI),HYPERPLASIE (SAI),oui,
6701,6,"MODIFICATION DE VOLUME, DYSTROPHIE, KYSTE, METAPLASIE ET DYSPLASIE ACQUISE",67,HYPERPLASIE (SAI),01,HYPERPLASIE FOCALE - HYPERPLASIE NODULAIRE - HYPERPLASIE POLYPOIDE,HYPERPLASIE FOCALE - HYPERPLASIE NODULAIRE - HYPERPLASIE POLYPOIDE,non,
6702,6,"MODIFICATION DE VOLUME, DYSTROPHIE, KYSTE, METAPLASIE ET DYSPLASIE ACQUISE",67,HYPERPLASIE (SAI),02,HYPERPLASIE MULTIFOCALE - HYPERPLASIE PLURINODULAIRE - HYPERPLASIE PLURIPOLYPOIDE - POLYNESIE,HYPERPLASIE MULTIFOCALE - HYPERPLASIE PLURINODULAIRE - HYPERPLASIE PLURIPOLYPOIDE - POLYNESIE,non,
6703,6,"MODIFICATION DE VOLUME, DYSTROPHIE, KYSTE, METAPLASIE ET DYSPLASIE ACQUISE",67,HYPERPLASIE (SAI),03,HYPERPLASIE DIFFUSE,HYPERPLASIE DIFFUSE,non,
6705,6,"MODIFICATION DE VOLUME, DYSTROPHIE, KYSTE, METAPLASIE ET DYSPLASIE ACQUISE",67,HYPERPLASIE (SAI),05,HYPERPLASIE AVEC ACTIVITE FONCTIONNELLE,HYPERPLASIE AVEC ACTIVITE FONCTIONNELLE,non,
6706,6,"MODIFICATION DE VOLUME, DYSTROPHIE, KYSTE, METAPLASIE ET DYSPLASIE ACQUISE",67,HYPERPLASIE (SAI),06,HYPERPLASIE MUCINEUSE,HYPERPLASIE MUCINEUSE,non,1992 AJOUT
6707,6,"MODIFICATION DE VOLUME, DYSTROPHIE, KYSTE, METAPLASIE ET DYSPLASIE ACQUISE",67,HYPERPLASIE (SAI),07,HYPERPLASIE FONCTIONNELLE TRAITEE MEDICALEMENT,HYPERPLASIE FONCTIONNELLE TRAITEE MEDICALEMENT,non,
6708,6,"MODIFICATION DE VOLUME, DYSTROPHIE, KYSTE, METAPLASIE ET DYSPLASIE ACQUISE",67,HYPERPLASIE (SAI),08,HYPERPLASIE PRIMITIVE,HYPERPLASIE PRIMITIVE,non,
6709,6,"MODIFICATION DE VOLUME, DYSTROPHIE, KYSTE, METAPLASIE ET DYSPLASIE ACQUISE",67,HYPERPLASIE (SAI),09,HYPERPLASIE SECONDAIRE,HYPERPLASIE SECONDAIRE,non,
6710,6,"MODIFICATION DE VOLUME, DYSTROPHIE, KYSTE, METAPLASIE ET DYSPLASIE ACQUISE",67,HYPERPLASIE (SAI),10,HYPERPLASIE EPITHELIALE (SAI),HYPERPLASIE EPITHELIALE (SAI),oui,
6711,6,"MODIFICATION DE VOLUME, DYSTROPHIE, KYSTE, METAPLASIE ET DYSPLASIE ACQUISE",67,HYPERPLASIE (SAI),11,ADENOSE,ADENOSE,non,
6712,6,"MODIFICATION DE VOLUME, DYSTROPHIE, KYSTE, METAPLASIE ET DYSPLASIE ACQUISE",67,HYPERPLASIE (SAI),12,HYPERPLASIE CANALAIRE - EPITHELIOSE,HYPERPLASIE CANALAIRE - EPITHELIOSE,non,
6713,6,"MODIFICATION DE VOLUME, DYSTROPHIE, KYSTE, METAPLASIE ET DYSPLASIE ACQUISE",67,HYPERPLASIE (SAI),13,HYPERPLASIE CANALAIRE PAPILLAIRE - PAPILLOMATOSE,HYPERPLASIE CANALAIRE PAPILLAIRE - PAPILLOMATOSE,non,
6714,6,"MODIFICATION DE VOLUME, DYSTROPHIE, KYSTE, METAPLASIE ET DYSPLASIE ACQUISE",67,HYPERPLASIE (SAI),14,HYPERPLASIE GLANDULAIRE SIMPLE,HYPERPLASIE GLANDULAIRE SIMPLE,non,
6715,6,"MODIFICATION DE VOLUME, DYSTROPHIE, KYSTE, METAPLASIE ET DYSPLASIE ACQUISE",67,HYPERPLASIE (SAI),15,HYPERPLASIE GLANDULAIRE ADENOMATEUSE,HYPERPLASIE GLANDULAIRE ADENOMATEUSE,non,
6716,6,"MODIFICATION DE VOLUME, DYSTROPHIE, KYSTE, METAPLASIE ET DYSPLASIE ACQUISE",67,HYPERPLASIE (SAI),16,HYPERPLASIE GLANDULOKYSTIQUE,HYPERPLASIE GLANDULOKYSTIQUE,non,
6717,6,"MODIFICATION DE VOLUME, DYSTROPHIE, KYSTE, METAPLASIE ET DYSPLASIE ACQUISE",67,HYPERPLASIE (SAI),17,HYPERPLASIE GLANDULOKYSTIQUE REGRESSIVE,HYPERPLASIE GLANDULOKYSTIQUE REGRESSIVE,non,
6718,6,"MODIFICATION DE VOLUME, DYSTROPHIE, KYSTE, METAPLASIE ET DYSPLASIE ACQUISE",67,HYPERPLASIE (SAI),18,SPHERULOSE COLLAGENE,SPHERULOSE COLLAGENE,non,1999 AJOUT
6719,6,"MODIFICATION DE VOLUME, DYSTROPHIE, KYSTE, METAPLASIE ET DYSPLASIE ACQUISE",67,HYPERPLASIE (SAI),19,HYPERPLASIE MICROGLANDULAIRE,HYPERPLASIE MICROGLANDULAIRE,non,
6721,6,"MODIFICATION DE VOLUME, DYSTROPHIE, KYSTE, METAPLASIE ET DYSPLASIE ACQUISE",67,HYPERPLASIE (SAI),21,HYPERPLASIE LOBULAIRE,HYPERPLASIE LOBULAIRE,non,
6722,6,"MODIFICATION DE VOLUME, DYSTROPHIE, KYSTE, METAPLASIE ET DYSPLASIE ACQUISE",67,HYPERPLASIE (SAI),22,HYPERPLASIE MYOEPITHELIALE - MYOEPITHELIOSE,HYPERPLASIE MYOEPITHELIALE - MYOEPITHELIOSE,non,1999 MODIF
6725,6,"MODIFICATION DE VOLUME, DYSTROPHIE, KYSTE, METAPLASIE ET DYSPLASIE ACQUISE",67,HYPERPLASIE (SAI),25,HYPERPLASIE ONCOCYTAIRE - ONCOCYTOSE,HYPERPLASIE ONCOCYTAIRE - ONCOCYTOSE,non,1992 AJOUT
6726,6,"MODIFICATION DE VOLUME, DYSTROPHIE, KYSTE, METAPLASIE ET DYSPLASIE ACQUISE",67,HYPERPLASIE (SAI),26,HYPERPLASIE PAPILLAIRE,HYPERPLASIE PAPILLAIRE,non,
6728,6,"MODIFICATION DE VOLUME, DYSTROPHIE, KYSTE, METAPLASIE ET DYSPLASIE ACQUISE",67,HYPERPLASIE (SAI),28,HYPERPLASIE PAPILLOMATEUSE,HYPERPLASIE PAPILLOMATEUSE,non,
6729,6,"MODIFICATION DE VOLUME, DYSTROPHIE, KYSTE, METAPLASIE ET DYSPLASIE ACQUISE",67,HYPERPLASIE (SAI),29,HYPERPLASIE VERRUQUEUSE,HYPERPLASIE VERRUQUEUSE,non,
6731,6,"MODIFICATION DE VOLUME, DYSTROPHIE, KYSTE, METAPLASIE ET DYSPLASIE ACQUISE",67,HYPERPLASIE (SAI),31,HYPERPLASIE DES CELLULES BASALES,HYPERPLASIE DES CELLULES BASALES,non,
6732,6,"MODIFICATION DE VOLUME, DYSTROPHIE, KYSTE, METAPLASIE ET DYSPLASIE ACQUISE",67,HYPERPLASIE (SAI),32,HYPERPLASIE A CELLULES BASOPHILES,HYPERPLASIE A CELLULES BASOPHILES,non,
6733,6,"MODIFICATION DE VOLUME, DYSTROPHIE, KYSTE, METAPLASIE ET DYSPLASIE ACQUISE",67,HYPERPLASIE (SAI),33,HYPERPLASIE A CELLULES CLAIRES - HYPERPLASIE A CELLULES EAU DE ROCHE,HYPERPLASIE A CELLULES CLAIRES - HYPERPLASIE A CELLULES EAU DE ROCHE,non,
6734,6,"MODIFICATION DE VOLUME, DYSTROPHIE, KYSTE, METAPLASIE ET DYSPLASIE ACQUISE",67,HYPERPLASIE (SAI),34,HYPERPLASIE A CELLULES C,HYPERPLASIE A CELLULES C,non,
6735,6,"MODIFICATION DE VOLUME, DYSTROPHIE, KYSTE, METAPLASIE ET DYSPLASIE ACQUISE",67,HYPERPLASIE (SAI),35,HYPERPLASIE A CELLULES EOSINOPHILES,HYPERPLASIE A CELLULES EOSINOPHILES,non,
6736,6,"MODIFICATION DE VOLUME, DYSTROPHIE, KYSTE, METAPLASIE ET DYSPLASIE ACQUISE",67,HYPERPLASIE (SAI),36,HYPERPLASIE DES CELLULES CALICIFORMES,HYPERPLASIE DES CELLULES CALICIFORMES,non,1992 AJOUT
6737,6,"MODIFICATION DE VOLUME, DYSTROPHIE, KYSTE, METAPLASIE ET DYSPLASIE ACQUISE",67,HYPERPLASIE (SAI),37,HYPERPLASIE A CELLULES PRINCIPALES,HYPERPLASIE A CELLULES PRINCIPALES,non,
6738,6,"MODIFICATION DE VOLUME, DYSTROPHIE, KYSTE, METAPLASIE ET DYSPLASIE ACQUISE",67,HYPERPLASIE (SAI),38,HYPERPLASIE PNEUMOCYTAIRE,HYPERPLASIE PNEUMOCYTAIRE,non,1992 AJOUT
6739,6,"MODIFICATION DE VOLUME, DYSTROPHIE, KYSTE, METAPLASIE ET DYSPLASIE ACQUISE",67,HYPERPLASIE (SAI),39,HYPERPLASIE DES CELLULES DE RESERVE,HYPERPLASIE DES CELLULES DE RESERVE,non,
6740,6,"MODIFICATION DE VOLUME, DYSTROPHIE, KYSTE, METAPLASIE ET DYSPLASIE ACQUISE",67,HYPERPLASIE (SAI),40,HYPERPLASIE DES TISSUS HEMO ET LYMPHOPOIETIQUES,HYPERPLASIE DES TISSUS HEMO ET LYMPHOPOIETIQUES,non,
6741,6,"MODIFICATION DE VOLUME, DYSTROPHIE, KYSTE, METAPLASIE ET DYSPLASIE ACQUISE",67,HYPERPLASIE (SAI),41,HYPERPLASIE LYMPHOIDE NODULAIRE,HYPERPLASIE LYMPHOIDE NODULAIRE,non,
6742,6,"MODIFICATION DE VOLUME, DYSTROPHIE, KYSTE, METAPLASIE ET DYSPLASIE ACQUISE",67,HYPERPLASIE (SAI),42,HYPERPLASIE LYMPHOIDE DIFFUSE,HYPERPLASIE LYMPHOIDE DIFFUSE,non,
6743,6,"MODIFICATION DE VOLUME, DYSTROPHIE, KYSTE, METAPLASIE ET DYSPLASIE ACQUISE",67,HYPERPLASIE (SAI),43,HYPERPLASIE FOLLICULAIRE OU DES ZONES B DEPENDANTES - VEGETATION ADENOIDE,HYPERPLASIE FOLLICULAIRE OU DES ZONES B DEPENDANTES - VEGETATION ADENOIDE,non,
6744,6,"MODIFICATION DE VOLUME, DYSTROPHIE, KYSTE, METAPLASIE ET DYSPLASIE ACQUISE",67,HYPERPLASIE (SAI),44,HYPERPLASIE GRANULEUSE,HYPERPLASIE GRANULEUSE,non,
6745,6,"MODIFICATION DE VOLUME, DYSTROPHIE, KYSTE, METAPLASIE ET DYSPLASIE ACQUISE",67,HYPERPLASIE (SAI),45,HYPERPLASIE MEGACARYOCYTAIRE,HYPERPLASIE MEGACARYOCYTAIRE,non,
6747,6,"MODIFICATION DE VOLUME, DYSTROPHIE, KYSTE, METAPLASIE ET DYSPLASIE ACQUISE",67,HYPERPLASIE (SAI),47,HYPERPLASIE PLASMOCYTAIRE - PLASMOCYTOSE,HYPERPLASIE PLASMOCYTAIRE - PLASMOCYTOSE,non,
6748,6,"MODIFICATION DE VOLUME, DYSTROPHIE, KYSTE, METAPLASIE ET DYSPLASIE ACQUISE",67,HYPERPLASIE (SAI),48,ERYTHROBLASTOSE,ERYTHROBLASTOSE,non,
6749,6,"MODIFICATION DE VOLUME, DYSTROPHIE, KYSTE, METAPLASIE ET DYSPLASIE ACQUISE",67,HYPERPLASIE (SAI),49,HYPERPLASIE MASTOCYTAIRE,HYPERPLASIE MASTOCYTAIRE,non,
6750,6,"MODIFICATION DE VOLUME, DYSTROPHIE, KYSTE, METAPLASIE ET DYSPLASIE ACQUISE",67,HYPERPLASIE (SAI),50,HYPERPLASIE MESENCHYMATEUSE,HYPERPLASIE MESENCHYMATEUSE,non,
6751,6,"MODIFICATION DE VOLUME, DYSTROPHIE, KYSTE, METAPLASIE ET DYSPLASIE ACQUISE",67,HYPERPLASIE (SAI),51,HYPERPLASIE CONJONCTIVE OU FIBREUSE,HYPERPLASIE CONJONCTIVE OU FIBREUSE,non,
6752,6,"MODIFICATION DE VOLUME, DYSTROPHIE, KYSTE, METAPLASIE ET DYSPLASIE ACQUISE",67,HYPERPLASIE (SAI),52,HYPERPLASIE DES CELLULES ETOILEES DU FOIE (CELLULES DE ITO),HYPERPLASIE DES CELLULES ETOILEES DU FOIE (CELLULES DE ITO),non,1998 MODIF
6753,6,"MODIFICATION DE VOLUME, DYSTROPHIE, KYSTE, METAPLASIE ET DYSPLASIE ACQUISE",67,HYPERPLASIE (SAI),53,HYPERPLASIE DES CELLULES DE BERGER,HYPERPLASIE DES CELLULES DE BERGER,non,
6754,6,"MODIFICATION DE VOLUME, DYSTROPHIE, KYSTE, METAPLASIE ET DYSPLASIE ACQUISE",67,HYPERPLASIE (SAI),54,HYPERPLASIE LEYDIGIENNE,HYPERPLASIE LEYDIGIENNE,non,
6756,6,"MODIFICATION DE VOLUME, DYSTROPHIE, KYSTE, METAPLASIE ET DYSPLASIE ACQUISE",67,HYPERPLASIE (SAI),56,HYPERPLASIE MESOTHELIALE,HYPERPLASIE MESOTHELIALE,non,
6757,6,"MODIFICATION DE VOLUME, DYSTROPHIE, KYSTE, METAPLASIE ET DYSPLASIE ACQUISE",67,HYPERPLASIE (SAI),57,HYPERPLASIE MUSCULAIRE LISSE - MYOMATOSE,HYPERPLASIE MUSCULAIRE LISSE - MYOMATOSE,non,
6759,6,"MODIFICATION DE VOLUME, DYSTROPHIE, KYSTE, METAPLASIE ET DYSPLASIE ACQUISE",67,HYPERPLASIE (SAI),59,EXOSTOSE PERIOSTEE - HYPERPLASIE OSSEUSE - HYPEROSTOSE - OSTEOPHYTE,EXOSTOSE PERIOSTEE - HYPERPLASIE OSSEUSE - HYPEROSTOSE - OSTEOPHYTE,non,
6761,6,"MODIFICATION DE VOLUME, DYSTROPHIE, KYSTE, METAPLASIE ET DYSPLASIE ACQUISE",67,HYPERPLASIE (SAI),61,HYPERPLASIE STROMALE - HYPERPLASIE THECALE,HYPERPLASIE STROMALE - HYPERPLASIE THECALE,non,
6762,6,"MODIFICATION DE VOLUME, DYSTROPHIE, KYSTE, METAPLASIE ET DYSPLASIE ACQUISE",67,HYPERPLASIE (SAI),62,HYPERPLASIE THECALE AVEC LUTEOSE,HYPERPLASIE THECALE AVEC LUTEOSE,non,
6764,6,"MODIFICATION DE VOLUME, DYSTROPHIE, KYSTE, METAPLASIE ET DYSPLASIE ACQUISE",67,HYPERPLASIE (SAI),64,HYPERPLASIE SYNOVIOBLASTIQUE,HYPERPLASIE SYNOVIOBLASTIQUE,non,
6767,6,"MODIFICATION DE VOLUME, DYSTROPHIE, KYSTE, METAPLASIE ET DYSPLASIE ACQUISE",67,HYPERPLASIE (SAI),67,HYPERPLASIE PSEUDO-ANGIOMATEUSE - PSEUDO-ANGIOME,HYPERPLASIE PSEUDO-ANGIOMATEUSE - PSEUDO-ANGIOME,non,1999 AJOUT
6768,6,"MODIFICATION DE VOLUME, DYSTROPHIE, KYSTE, METAPLASIE ET DYSPLASIE ACQUISE",67,HYPERPLASIE (SAI),68,HYPERPLASIE ANGIOLYMPHOIDE AVEC EOSINOPHILIE - MALADIE DE KIMURA,HYPERPLASIE ANGIOLYMPHOIDE AVEC EOSINOPHILIE - MALADIE DE KIMURA,non,1998 AJOUT
6769,6,"MODIFICATION DE VOLUME, DYSTROPHIE, KYSTE, METAPLASIE ET DYSPLASIE ACQUISE",67,HYPERPLASIE (SAI),69,HYPERPLASIE VASCULAIRE,HYPERPLASIE VASCULAIRE,non,
6770,6,"MODIFICATION DE VOLUME, DYSTROPHIE, KYSTE, METAPLASIE ET DYSPLASIE ACQUISE",67,HYPERPLASIE (SAI),70,HYPERPLASIE COMPOSITE - HYPERPLASIE COMPLEXE EPITHELIOMESENCHYMATEUSE,HYPERPLASIE COMPOSITE - HYPERPLASIE COMPLEXE EPITHELIOMESENCHYMATEUSE,non,
6771,6,"MODIFICATION DE VOLUME, DYSTROPHIE, KYSTE, METAPLASIE ET DYSPLASIE ACQUISE",67,HYPERPLASIE (SAI),71,HYPERPLASIE FIBRO-EPITHELIALE - HYPERPLASIE FIBRO-ADENOMATEUSE,HYPERPLASIE FIBRO-EPITHELIALE - HYPERPLASIE FIBRO-ADENOMATEUSE,non,1999 MODIF
6772,6,"MODIFICATION DE VOLUME, DYSTROPHIE, KYSTE, METAPLASIE ET DYSPLASIE ACQUISE",67,HYPERPLASIE (SAI),72,ADENOSE SCLEROSANTE,ADENOSE SCLEROSANTE,non,1999 MODIF
6773,6,"MODIFICATION DE VOLUME, DYSTROPHIE, KYSTE, METAPLASIE ET DYSPLASIE ACQUISE",67,HYPERPLASIE (SAI),73,CENTRE PROLIFERATIF D'ASCHOFF - FIBROADENOSE A CENTRE SCLERO- ELASTOTIQUE,CENTRE PROLIFERATIF D'ASCHOFF - FIBROADENOSE A CENTRE SCLERO- ELASTOTIQUE,non,
6775,6,"MODIFICATION DE VOLUME, DYSTROPHIE, KYSTE, METAPLASIE ET DYSPLASIE ACQUISE",67,HYPERPLASIE (SAI),75,HYPERPLASIE ADENOMYOMATEUSE - ADENOMYOMATOSE,HYPERPLASIE ADENOMYOMATEUSE - ADENOMYOMATOSE,non,
6777,6,"MODIFICATION DE VOLUME, DYSTROPHIE, KYSTE, METAPLASIE ET DYSPLASIE ACQUISE",67,HYPERPLASIE (SAI),77,HYPERPLASIE FIBROMUSCULAIRE,HYPERPLASIE FIBROMUSCULAIRE,non,
6779,6,"MODIFICATION DE VOLUME, DYSTROPHIE, KYSTE, METAPLASIE ET DYSPLASIE ACQUISE",67,HYPERPLASIE (SAI),79,HYPERPLASIE ANGIOFOLLICULAIRE - SYNDROME DE CASTLEMAN (SAI),HYPERPLASIE ANGIOFOLLICULAIRE - SYNDROME DE CASTLEMAN (SAI),oui,
6780,6,"MODIFICATION DE VOLUME, DYSTROPHIE, KYSTE, METAPLASIE ET DYSPLASIE ACQUISE",67,HYPERPLASIE (SAI),80,HYPERPLASIE NEURO-ECTODERMIQUE (SAI),HYPERPLASIE NEURO-ECTODERMIQUE (SAI),oui,
6781,6,"MODIFICATION DE VOLUME, DYSTROPHIE, KYSTE, METAPLASIE ET DYSPLASIE ACQUISE",67,HYPERPLASIE (SAI),81,HYPERPLASIE GLIALE - GLIOSE,HYPERPLASIE GLIALE - GLIOSE,non,
6783,6,"MODIFICATION DE VOLUME, DYSTROPHIE, KYSTE, METAPLASIE ET DYSPLASIE ACQUISE",67,HYPERPLASIE (SAI),83,HYPERPLASIE NAEVIQUE,HYPERPLASIE NAEVIQUE,non,
6785,6,"MODIFICATION DE VOLUME, DYSTROPHIE, KYSTE, METAPLASIE ET DYSPLASIE ACQUISE",67,HYPERPLASIE (SAI),85,HYPERPLASIE DES PLEXUS MYENTERIQUES,HYPERPLASIE DES PLEXUS MYENTERIQUES,non,
6787,6,"MODIFICATION DE VOLUME, DYSTROPHIE, KYSTE, METAPLASIE ET DYSPLASIE ACQUISE",67,HYPERPLASIE (SAI),87,HYPERPLASIE SCHWANNIENNE,HYPERPLASIE SCHWANNIENNE,non,
6789,6,"MODIFICATION DE VOLUME, DYSTROPHIE, KYSTE, METAPLASIE ET DYSPLASIE ACQUISE",67,HYPERPLASIE (SAI),89,MONONEVRITE HYPERPLASIQUE LOCALISEE (CELLULES PERINEURIALES),MONONEVRITE HYPERPLASIQUE LOCALISEE (CELLULES PERINEURIALES),non,1999 AJOUT
6790,6,"MODIFICATION DE VOLUME, DYSTROPHIE, KYSTE, METAPLASIE ET DYSPLASIE ACQUISE",67,HYPERPLASIE (SAI),90,HYPERPLASIE NEURO-ENDOCRINE (SAI),HYPERPLASIE NEURO-ENDOCRINE (SAI),oui,1992 AJOUT
6791,6,"MODIFICATION DE VOLUME, DYSTROPHIE, KYSTE, METAPLASIE ET DYSPLASIE ACQUISE",67,HYPERPLASIE (SAI),91,HYPERPLASIE NEURO-ENDOCRINE INTRA-EPITHELIALE,HYPERPLASIE NEURO-ENDOCRINE INTRA-EPITHELIALE,non,1992 AJOUT
6793,6,"MODIFICATION DE VOLUME, DYSTROPHIE, KYSTE, METAPLASIE ET DYSPLASIE ACQUISE",67,HYPERPLASIE (SAI),93,HYPERPLASIE NEURO-ENDOCRINE ET MICRONODULES DYSPLASIES ACQUISES,HYPERPLASIE NEURO-ENDOCRINE ET MICRONODULES DYSPLASIES ACQUISES,non,1992 AJOUT
6800,6,"MODIFICATION DE VOLUME, DYSTROPHIE, KYSTE, METAPLASIE ET DYSPLASIE ACQUISE",68,DYSPLASIE OU HYPERPLASIE ATYPIQUE (SAI),00,DYSPLASIE OU HYPERPLASIE ATYPIQUE (SAI),DYSPLASIE OU HYPERPLASIE ATYPIQUE (SAI),oui,
6801,6,"MODIFICATION DE VOLUME, DYSTROPHIE, KYSTE, METAPLASIE ET DYSPLASIE ACQUISE",68,DYSPLASIE OU HYPERPLASIE ATYPIQUE (SAI),01,DYSPLASIE A GRANDES CELLULES,DYSPLASIE A GRANDES CELLULES,non,1998 AJOUT
6802,6,"MODIFICATION DE VOLUME, DYSTROPHIE, KYSTE, METAPLASIE ET DYSPLASIE ACQUISE",68,DYSPLASIE OU HYPERPLASIE ATYPIQUE (SAI),02,DYSPLASIE A PETITES CELLULES,DYSPLASIE A PETITES CELLULES,non,1992 AJOUT
6810,6,"MODIFICATION DE VOLUME, DYSTROPHIE, KYSTE, METAPLASIE ET DYSPLASIE ACQUISE",68,DYSPLASIE OU HYPERPLASIE ATYPIQUE (SAI),10,DYSPLASIE OU HYPERPLASIE MALPIGHIENNE AVEC ATYPIES (SAI),DYSPLASIE OU HYPERPLASIE MALPIGHIENNE AVEC ATYPIES (SAI),oui,
6811,6,"MODIFICATION DE VOLUME, DYSTROPHIE, KYSTE, METAPLASIE ET DYSPLASIE ACQUISE",68,DYSPLASIE OU HYPERPLASIE ATYPIQUE (SAI),11,DYSPLASIE OU HYPERPLASIE MALPIGHIENNE AVEC ATYPIES MINIMES,DYSPLASIE OU HYPERPLASIE MALPIGHIENNE AVEC ATYPIES MINIMES,non,
6812,6,"MODIFICATION DE VOLUME, DYSTROPHIE, KYSTE, METAPLASIE ET DYSPLASIE ACQUISE",68,DYSPLASIE OU HYPERPLASIE ATYPIQUE (SAI),12,DYSPLASIE OU HYPERPLASIE MALPIGHIENNE AVEC ATYPIES LEGERES,DYSPLASIE OU HYPERPLASIE MALPIGHIENNE AVEC ATYPIES LEGERES,non,
6813,6,"MODIFICATION DE VOLUME, DYSTROPHIE, KYSTE, METAPLASIE ET DYSPLASIE ACQUISE",68,DYSPLASIE OU HYPERPLASIE ATYPIQUE (SAI),13,DYSPLASIE OU HYPERPLASIE MALPIGHIENNE AVEC ATYPIES MODEREES,DYSPLASIE OU HYPERPLASIE MALPIGHIENNE AVEC ATYPIES MODEREES,non,
6814,6,"MODIFICATION DE VOLUME, DYSTROPHIE, KYSTE, METAPLASIE ET DYSPLASIE ACQUISE",68,DYSPLASIE OU HYPERPLASIE ATYPIQUE (SAI),14,DYSPLASIE OU HYPERPLASIE MALPIGHIENNE AVEC ATYPIES SEVERES,DYSPLASIE OU HYPERPLASIE MALPIGHIENNE AVEC ATYPIES SEVERES,non,
6820,6,"MODIFICATION DE VOLUME, DYSTROPHIE, KYSTE, METAPLASIE ET DYSPLASIE ACQUISE",68,DYSPLASIE OU HYPERPLASIE ATYPIQUE (SAI),20,ATYPIES GLANDULAIRES - DYSPLASIE OU HYPERPLASIE GLANDULAIRE AVEC ATYPIES (SAI),ATYPIES GLANDULAIRES - DYSPLASIE OU HYPERPLASIE GLANDULAIRE AVEC ATYPIES (SAI),oui,2006 MODIF
6821,6,"MODIFICATION DE VOLUME, DYSTROPHIE, KYSTE, METAPLASIE ET DYSPLASIE ACQUISE",68,DYSPLASIE OU HYPERPLASIE ATYPIQUE (SAI),21,DYSPLASIE OU HYPERPLASIE GLANDULAIRE AVEC ATYPIES MINIMES,DYSPLASIE OU HYPERPLASIE GLANDULAIRE AVEC ATYPIES MINIMES,non,
6822,6,"MODIFICATION DE VOLUME, DYSTROPHIE, KYSTE, METAPLASIE ET DYSPLASIE ACQUISE",68,DYSPLASIE OU HYPERPLASIE ATYPIQUE (SAI),22,DYSPLASIE OU HYPERPLASIE GLANDULAIRE AVEC ATYPIES LEGERES,DYSPLASIE OU HYPERPLASIE GLANDULAIRE AVEC ATYPIES LEGERES,non,
6823,6,"MODIFICATION DE VOLUME, DYSTROPHIE, KYSTE, METAPLASIE ET DYSPLASIE ACQUISE",68,DYSPLASIE OU HYPERPLASIE ATYPIQUE (SAI),23,DYSPLASIE OU HYPERPLASIE GLANDULAIRE AVEC ATYPIES MODEREES,DYSPLASIE OU HYPERPLASIE GLANDULAIRE AVEC ATYPIES MODEREES,non,
6824,6,"MODIFICATION DE VOLUME, DYSTROPHIE, KYSTE, METAPLASIE ET DYSPLASIE ACQUISE",68,DYSPLASIE OU HYPERPLASIE ATYPIQUE (SAI),24,DYSPLASIE GLANDULAIRE SEVERE - DYSPLASIE OU HYPERPLASIE GLANDULAIRE AVEC ATYPIES SEVERES,DYSPLASIE GLANDULAIRE SEVERE - DYSPLASIE OU HYPERPLASIE GLANDULAIRE AVEC ATYPIES SEVERES,non,2006 MODIF
6826,6,"MODIFICATION DE VOLUME, DYSTROPHIE, KYSTE, METAPLASIE ET DYSPLASIE ACQUISE",68,DYSPLASIE OU HYPERPLASIE ATYPIQUE (SAI),26,HYPERPLASIE GLANDULAIRE ATYPIQUE SECRETOIRE (SAI),HYPERPLASIE GLANDULAIRE ATYPIQUE SECRETOIRE (SAI),oui,
6827,6,"MODIFICATION DE VOLUME, DYSTROPHIE, KYSTE, METAPLASIE ET DYSPLASIE ACQUISE",68,DYSPLASIE OU HYPERPLASIE ATYPIQUE (SAI),27,DYSPLASIE SUR HETEROTOPIE GLANDULAIRE AVEC ATYPIES LEGERES,DYSPLASIE SUR HETEROTOPIE GLANDULAIRE AVEC ATYPIES LEGERES,non,
6828,6,"MODIFICATION DE VOLUME, DYSTROPHIE, KYSTE, METAPLASIE ET DYSPLASIE ACQUISE",68,DYSPLASIE OU HYPERPLASIE ATYPIQUE (SAI),28,DYSPLASIE SUR HETEROTOPIE GLANDULAIRE AVEC ATYPIES MODEREES,DYSPLASIE SUR HETEROTOPIE GLANDULAIRE AVEC ATYPIES MODEREES,non,
6829,6,"MODIFICATION DE VOLUME, DYSTROPHIE, KYSTE, METAPLASIE ET DYSPLASIE ACQUISE",68,DYSPLASIE OU HYPERPLASIE ATYPIQUE (SAI),29,DYSPLASIE SUR HETEROTOPIE GLANDULAIRE AVEC ATYPIES SEVERES,DYSPLASIE SUR HETEROTOPIE GLANDULAIRE AVEC ATYPIES SEVERES,non,
6830,6,"MODIFICATION DE VOLUME, DYSTROPHIE, KYSTE, METAPLASIE ET DYSPLASIE ACQUISE",68,DYSPLASIE OU HYPERPLASIE ATYPIQUE (SAI),30,DYSPLASIE OU HYPERPLASIE CANALAIRE AVEC ATYPIES (SAI),DYSPLASIE OU HYPERPLASIE CANALAIRE AVEC ATYPIES (SAI),oui,
6831,6,"MODIFICATION DE VOLUME, DYSTROPHIE, KYSTE, METAPLASIE ET DYSPLASIE ACQUISE",68,DYSPLASIE OU HYPERPLASIE ATYPIQUE (SAI),31,DYSPLASIE OU HYPERPLASIE CANALAIRE AVEC ATYPIES MINIMES,DYSPLASIE OU HYPERPLASIE CANALAIRE AVEC ATYPIES MINIMES,non,
6832,6,"MODIFICATION DE VOLUME, DYSTROPHIE, KYSTE, METAPLASIE ET DYSPLASIE ACQUISE",68,DYSPLASIE OU HYPERPLASIE ATYPIQUE (SAI),32,DYSPLASIE OU HYPERPLASIE CANALAIRE AVEC ATYPIES LEGERES,DYSPLASIE OU HYPERPLASIE CANALAIRE AVEC ATYPIES LEGERES,non,
6833,6,"MODIFICATION DE VOLUME, DYSTROPHIE, KYSTE, METAPLASIE ET DYSPLASIE ACQUISE",68,DYSPLASIE OU HYPERPLASIE ATYPIQUE (SAI),33,DYSPLASIE OU HYPERPLASIE CANALAIRE AVEC ATYPIES MODEREES,DYSPLASIE OU HYPERPLASIE CANALAIRE AVEC ATYPIES MODEREES,non,
6834,6,"MODIFICATION DE VOLUME, DYSTROPHIE, KYSTE, METAPLASIE ET DYSPLASIE ACQUISE",68,DYSPLASIE OU HYPERPLASIE ATYPIQUE (SAI),34,DYSPLASIE OU HYPERPLASIE CANALAIRE AVEC ATYPIES SEVERES,DYSPLASIE OU HYPERPLASIE CANALAIRE AVEC ATYPIES SEVERES,non,
6840,6,"MODIFICATION DE VOLUME, DYSTROPHIE, KYSTE, METAPLASIE ET DYSPLASIE ACQUISE",68,DYSPLASIE OU HYPERPLASIE ATYPIQUE (SAI),40,DYSPLASIE OU HYPERPLASIE LOBULAIRE AVEC ATYPIES (SAI),DYSPLASIE OU HYPERPLASIE LOBULAIRE AVEC ATYPIES (SAI),oui,
6841,6,"MODIFICATION DE VOLUME, DYSTROPHIE, KYSTE, METAPLASIE ET DYSPLASIE ACQUISE",68,DYSPLASIE OU HYPERPLASIE ATYPIQUE (SAI),41,DYSPLASIE OU HYPERPLASIE LOBULAIRE AVEC ATYPIES MINIMES,DYSPLASIE OU HYPERPLASIE LOBULAIRE AVEC ATYPIES MINIMES,non,
6842,6,"MODIFICATION DE VOLUME, DYSTROPHIE, KYSTE, METAPLASIE ET DYSPLASIE ACQUISE",68,DYSPLASIE OU HYPERPLASIE ATYPIQUE (SAI),42,DYSPLASIE OU HYPERPLASIE LOBULAIRE AVEC ATYPIES LEGERES,DYSPLASIE OU HYPERPLASIE LOBULAIRE AVEC ATYPIES LEGERES,non,
6843,6,"MODIFICATION DE VOLUME, DYSTROPHIE, KYSTE, METAPLASIE ET DYSPLASIE ACQUISE",68,DYSPLASIE OU HYPERPLASIE ATYPIQUE (SAI),43,DYSPLASIE OU HYPERPLASIE LOBULAIRE AVEC ATYPIES MODEREES,DYSPLASIE OU HYPERPLASIE LOBULAIRE AVEC ATYPIES MODEREES,non,
6844,6,"MODIFICATION DE VOLUME, DYSTROPHIE, KYSTE, METAPLASIE ET DYSPLASIE ACQUISE",68,DYSPLASIE OU HYPERPLASIE ATYPIQUE (SAI),44,DYSPLASIE OU HYPERPLASIE LOBULAIRE AVEC ATYPIES SEVERES,DYSPLASIE OU HYPERPLASIE LOBULAIRE AVEC ATYPIES SEVERES,non,
6850,6,"MODIFICATION DE VOLUME, DYSTROPHIE, KYSTE, METAPLASIE ET DYSPLASIE ACQUISE",68,DYSPLASIE OU HYPERPLASIE ATYPIQUE (SAI),50,DYSPLASIE OU HYPERPLASIE MIXTE CANALAIRE ET LOBULAIRE AVEC,DYSPLASIE OU HYPERPLASIE MIXTE CANALAIRE ET LOBULAIRE AVEC,non,
6851,6,"MODIFICATION DE VOLUME, DYSTROPHIE, KYSTE, METAPLASIE ET DYSPLASIE ACQUISE",68,DYSPLASIE OU HYPERPLASIE ATYPIQUE (SAI),51,DYSPLASIE OU HYPERPLASIE MIXTE CANALAIRE ET LOBULAIRE AVEC,DYSPLASIE OU HYPERPLASIE MIXTE CANALAIRE ET LOBULAIRE AVEC,non,
6852,6,"MODIFICATION DE VOLUME, DYSTROPHIE, KYSTE, METAPLASIE ET DYSPLASIE ACQUISE",68,DYSPLASIE OU HYPERPLASIE ATYPIQUE (SAI),52,DYSPLASIE OU HYPERPLASIE MIXTE CANALAIRE ET LOBULAIRE AVEC,DYSPLASIE OU HYPERPLASIE MIXTE CANALAIRE ET LOBULAIRE AVEC,non,
6853,6,"MODIFICATION DE VOLUME, DYSTROPHIE, KYSTE, METAPLASIE ET DYSPLASIE ACQUISE",68,DYSPLASIE OU HYPERPLASIE ATYPIQUE (SAI),53,DYSPLASIE OU HYPERPLASIE MIXTE CANALAIRE ET LOBULAIRE AVEC,DYSPLASIE OU HYPERPLASIE MIXTE CANALAIRE ET LOBULAIRE AVEC,non,
6854,6,"MODIFICATION DE VOLUME, DYSTROPHIE, KYSTE, METAPLASIE ET DYSPLASIE ACQUISE",68,DYSPLASIE OU HYPERPLASIE ATYPIQUE (SAI),54,DYSPLASIE OU HYPERPLASIE MIXTE CANALAIRE ET LOBULAIRE AVEC,DYSPLASIE OU HYPERPLASIE MIXTE CANALAIRE ET LOBULAIRE AVEC,non,
6860,6,"MODIFICATION DE VOLUME, DYSTROPHIE, KYSTE, METAPLASIE ET DYSPLASIE ACQUISE",68,DYSPLASIE OU HYPERPLASIE ATYPIQUE (SAI),60,DYSPLASIE OU HYPERPLASIE UROTHELIALE AVEC ATYPIES (SAI),DYSPLASIE OU HYPERPLASIE UROTHELIALE AVEC ATYPIES (SAI),oui,
6861,6,"MODIFICATION DE VOLUME, DYSTROPHIE, KYSTE, METAPLASIE ET DYSPLASIE ACQUISE",68,DYSPLASIE OU HYPERPLASIE ATYPIQUE (SAI),61,DYSPLASIE OU HYPERPLASIE UROTHELIALE AVEC ATYPIES MINIMES,DYSPLASIE OU HYPERPLASIE UROTHELIALE AVEC ATYPIES MINIMES,non,
6862,6,"MODIFICATION DE VOLUME, DYSTROPHIE, KYSTE, METAPLASIE ET DYSPLASIE ACQUISE",68,DYSPLASIE OU HYPERPLASIE ATYPIQUE (SAI),62,DYSPLASIE OU HYPERPLASIE UROTHELIALE AVEC ATYPIES LEGERES,DYSPLASIE OU HYPERPLASIE UROTHELIALE AVEC ATYPIES LEGERES,non,
6863,6,"MODIFICATION DE VOLUME, DYSTROPHIE, KYSTE, METAPLASIE ET DYSPLASIE ACQUISE",68,DYSPLASIE OU HYPERPLASIE ATYPIQUE (SAI),63,DYSPLASIE OU HYPERPLASIE UROTHELIALE AVEC ATYPIES MODEREES,DYSPLASIE OU HYPERPLASIE UROTHELIALE AVEC ATYPIES MODEREES,non,
6864,6,"MODIFICATION DE VOLUME, DYSTROPHIE, KYSTE, METAPLASIE ET DYSPLASIE ACQUISE",68,DYSPLASIE OU HYPERPLASIE ATYPIQUE (SAI),64,DYSPLASIE OU HYPERPLASIE UROTHELIALE AVEC ATYPIES SEVERES,DYSPLASIE OU HYPERPLASIE UROTHELIALE AVEC ATYPIES SEVERES,non,
6900,6,"MODIFICATION DE VOLUME, DYSTROPHIE, KYSTE, METAPLASIE ET DYSPLASIE ACQUISE",69,PSEUDOTUMEUR (SAI),00,PSEUDOTUMEUR (SAI),PSEUDOTUMEUR (SAI),oui,
6910,6,"MODIFICATION DE VOLUME, DYSTROPHIE, KYSTE, METAPLASIE ET DYSPLASIE ACQUISE",69,PSEUDOTUMEUR (SAI),10,PSEUDOTUMEUR POLYPOIDE - PSEUDOPOLYPE (SAI),PSEUDOTUMEUR POLYPOIDE - PSEUDOPOLYPE (SAI),oui,
6911,6,"MODIFICATION DE VOLUME, DYSTROPHIE, KYSTE, METAPLASIE ET DYSPLASIE ACQUISE",69,PSEUDOTUMEUR (SAI),11,POLYPE INFLAMMATOIRE,POLYPE INFLAMMATOIRE,non,
6913,6,"MODIFICATION DE VOLUME, DYSTROPHIE, KYSTE, METAPLASIE ET DYSPLASIE ACQUISE",69,PSEUDOTUMEUR (SAI),13,POLYPE MYXOIDE,POLYPE MYXOIDE,non,
6914,6,"MODIFICATION DE VOLUME, DYSTROPHIE, KYSTE, METAPLASIE ET DYSPLASIE ACQUISE",69,PSEUDOTUMEUR (SAI),14,DIAPNEUSIE - POLYPE FIBREUX - POLYPE FIBROVASCULAIRE - POLYPE,DIAPNEUSIE - POLYPE FIBREUX - POLYPE FIBROVASCULAIRE - POLYPE,non,
6915,6,"MODIFICATION DE VOLUME, DYSTROPHIE, KYSTE, METAPLASIE ET DYSPLASIE ACQUISE",69,PSEUDOTUMEUR (SAI),15,POLYPE VASCULAIRE - CARONCULE URETRALE,POLYPE VASCULAIRE - CARONCULE URETRALE,non,
6917,6,"MODIFICATION DE VOLUME, DYSTROPHIE, KYSTE, METAPLASIE ET DYSPLASIE ACQUISE",69,PSEUDOTUMEUR (SAI),17,POLYPE DECIDUAL,POLYPE DECIDUAL,non,
6918,6,"MODIFICATION DE VOLUME, DYSTROPHIE, KYSTE, METAPLASIE ET DYSPLASIE ACQUISE",69,PSEUDOTUMEUR (SAI),18,POLYPE AVEC METAPLASIE,POLYPE AVEC METAPLASIE,non,
6919,6,"MODIFICATION DE VOLUME, DYSTROPHIE, KYSTE, METAPLASIE ET DYSPLASIE ACQUISE",69,PSEUDOTUMEUR (SAI),19,POLYPE FIBRO-KYSTIQUE,POLYPE FIBRO-KYSTIQUE,non,
6920,6,"MODIFICATION DE VOLUME, DYSTROPHIE, KYSTE, METAPLASIE ET DYSPLASIE ACQUISE",69,PSEUDOTUMEUR (SAI),20,PSEUDOTUMEUR INFLAMMATOIRE (SAI),PSEUDOTUMEUR INFLAMMATOIRE (SAI),oui,
6922,6,"MODIFICATION DE VOLUME, DYSTROPHIE, KYSTE, METAPLASIE ET DYSPLASIE ACQUISE",69,PSEUDOTUMEUR (SAI),22,GRANULOME A PLASMOCYTES,GRANULOME A PLASMOCYTES,non,
6924,6,"MODIFICATION DE VOLUME, DYSTROPHIE, KYSTE, METAPLASIE ET DYSPLASIE ACQUISE",69,PSEUDOTUMEUR (SAI),24,GRANULOME PERIPHERIQUE A CELLULES GEANTES,GRANULOME PERIPHERIQUE A CELLULES GEANTES,non,
6925,6,"MODIFICATION DE VOLUME, DYSTROPHIE, KYSTE, METAPLASIE ET DYSPLASIE ACQUISE",69,PSEUDOTUMEUR (SAI),25,NODULE DOULOUREUX,NODULE DOULOUREUX,non,
6926,6,"MODIFICATION DE VOLUME, DYSTROPHIE, KYSTE, METAPLASIE ET DYSPLASIE ACQUISE",69,PSEUDOTUMEUR (SAI),26,GRANULOME REPARATEUR A CELLULES GEANTES,GRANULOME REPARATEUR A CELLULES GEANTES,non,
6928,6,"MODIFICATION DE VOLUME, DYSTROPHIE, KYSTE, METAPLASIE ET DYSPLASIE ACQUISE",69,PSEUDOTUMEUR (SAI),28,XANTHOGRANULOME - LIPOGRANULOME PSEUDOTUMORAL,XANTHOGRANULOME - LIPOGRANULOME PSEUDOTUMORAL,non,
6930,6,"MODIFICATION DE VOLUME, DYSTROPHIE, KYSTE, METAPLASIE ET DYSPLASIE ACQUISE",69,PSEUDOTUMEUR (SAI),30,PSEUDOTUMEUR LYMPHOIDE - PSEUDOLYMPHOME - PRELYMPHOME (SAI),PSEUDOTUMEUR LYMPHOIDE - PSEUDOLYMPHOME - PRELYMPHOME (SAI),oui,
6931,6,"MODIFICATION DE VOLUME, DYSTROPHIE, KYSTE, METAPLASIE ET DYSPLASIE ACQUISE",69,PSEUDOTUMEUR (SAI),31,PSEUDOTUMEUR LYMPHOIDE LOCALISEE - POLYPE LYMPHOIDE,PSEUDOTUMEUR LYMPHOIDE LOCALISEE - POLYPE LYMPHOIDE,non,
6932,6,"MODIFICATION DE VOLUME, DYSTROPHIE, KYSTE, METAPLASIE ET DYSPLASIE ACQUISE",69,PSEUDOTUMEUR (SAI),32,PSEUDOTUMEUR LYMPHOIDE DISSEMINE- POLYPOSE LYMPHOIDE - HERMANS,PSEUDOTUMEUR LYMPHOIDE DISSEMINE- POLYPOSE LYMPHOIDE - HERMANS,non,
6933,6,"MODIFICATION DE VOLUME, DYSTROPHIE, KYSTE, METAPLASIE ET DYSPLASIE ACQUISE",69,PSEUDOTUMEUR (SAI),33,PSEUDOTUMEUR LYMPHOIDE DIFFUSE,PSEUDOTUMEUR LYMPHOIDE DIFFUSE,non,
6934,6,"MODIFICATION DE VOLUME, DYSTROPHIE, KYSTE, METAPLASIE ET DYSPLASIE ACQUISE",69,PSEUDOTUMEUR (SAI),34,LESION LYMPHO-EPITHELIALE BENIGNE,LESION LYMPHO-EPITHELIALE BENIGNE,non,
6935,6,"MODIFICATION DE VOLUME, DYSTROPHIE, KYSTE, METAPLASIE ET DYSPLASIE ACQUISE",69,PSEUDOTUMEUR (SAI),35,LYMPHOCYTOME CUTANE BENIN,LYMPHOCYTOME CUTANE BENIN,non,
6936,6,"MODIFICATION DE VOLUME, DYSTROPHIE, KYSTE, METAPLASIE ET DYSPLASIE ACQUISE",69,PSEUDOTUMEUR (SAI),36,INFILTRAT LYMPHOCYTAIRE DE JESSNER-KANOFF,INFILTRAT LYMPHOCYTAIRE DE JESSNER-KANOFF,non,
6937,6,"MODIFICATION DE VOLUME, DYSTROPHIE, KYSTE, METAPLASIE ET DYSPLASIE ACQUISE",69,PSEUDOTUMEUR (SAI),37,PAPULOSE LYMPHOMATOIDE (A NE PLUS UTILISER),PAPULOSE LYMPHOMATOIDE (A NE PLUS UTILISER),non,
6938,6,"MODIFICATION DE VOLUME, DYSTROPHIE, KYSTE, METAPLASIE ET DYSPLASIE ACQUISE",69,PSEUDOTUMEUR (SAI),38,INFILTRAT LYMPHOIDE DIFFICILE A CLASSER,INFILTRAT LYMPHOIDE DIFFICILE A CLASSER,non,
6940,6,"MODIFICATION DE VOLUME, DYSTROPHIE, KYSTE, METAPLASIE ET DYSPLASIE ACQUISE",69,PSEUDOTUMEUR (SAI),40,PSEUDOTUMEUR HYPERPLASIQUE (SAI),PSEUDOTUMEUR HYPERPLASIQUE (SAI),oui,
6941,6,"MODIFICATION DE VOLUME, DYSTROPHIE, KYSTE, METAPLASIE ET DYSPLASIE ACQUISE",69,PSEUDOTUMEUR (SAI),41,HYPERPLASIE MESOTHELIALE PROLIFERATIVE PSEUDOTUMORALE,HYPERPLASIE MESOTHELIALE PROLIFERATIVE PSEUDOTUMORALE,non,
6950,6,"MODIFICATION DE VOLUME, DYSTROPHIE, KYSTE, METAPLASIE ET DYSPLASIE ACQUISE",69,PSEUDOTUMEUR (SAI),50,PSEUDOTUMEUR HYPERPLASIQUE EPITHELIALE (SAI),PSEUDOTUMEUR HYPERPLASIQUE EPITHELIALE (SAI),oui,
6960,6,"MODIFICATION DE VOLUME, DYSTROPHIE, KYSTE, METAPLASIE ET DYSPLASIE ACQUISE",69,PSEUDOTUMEUR (SAI),60,PSEUDOTUMEUR HYPERPLASIQUE D'ASPECT SARCOMATEUX,PSEUDOTUMEUR HYPERPLASIQUE D'ASPECT SARCOMATEUX,non,
6970,6,"MODIFICATION DE VOLUME, DYSTROPHIE, KYSTE, METAPLASIE ET DYSPLASIE ACQUISE",69,PSEUDOTUMEUR (SAI),70,PSEUDOTUMEUR OSTEOGENIQUE,PSEUDOTUMEUR OSTEOGENIQUE,non,
6972,6,"MODIFICATION DE VOLUME, DYSTROPHIE, KYSTE, METAPLASIE ET DYSPLASIE ACQUISE",69,PSEUDOTUMEUR (SAI),72,MYOSITE OSSIFIANTE 7 - INFLAMMATION COMMUNE INFLAMMATION AIGUE COMMUNE,MYOSITE OSSIFIANTE 7 - INFLAMMATION COMMUNE INFLAMMATION AIGUE COMMUNE,non,
7000,7,INFLAMMATION COMMUNE,70,INFLAMMATION AIGUE COMMUNE (SAI),00,INFLAMMATION AIGUE COMMUNE (SAI),INFLAMMATION AIGUE COMMUNE (SAI),oui,
7001,7,INFLAMMATION COMMUNE,70,INFLAMMATION AIGUE COMMUNE (SAI),01,POLYNUCLEAIRES DANS LES LUMIERES ET CONDUITS,POLYNUCLEAIRES DANS LES LUMIERES ET CONDUITS,non,1992 AJOUT
7010,7,INFLAMMATION COMMUNE,70,INFLAMMATION AIGUE COMMUNE (SAI),10,INFLAMMATION AIGUE VASCULO-EXSUDATIVE (SAI),INFLAMMATION AIGUE VASCULO-EXSUDATIVE (SAI),oui,
7012,7,INFLAMMATION COMMUNE,70,INFLAMMATION AIGUE COMMUNE (SAI),12,INFLAMMATION AIGUE VASCULO-EXSUDATIVE AVEC EPANCHEMENT,INFLAMMATION AIGUE VASCULO-EXSUDATIVE AVEC EPANCHEMENT,non,
7020,7,INFLAMMATION COMMUNE,70,INFLAMMATION AIGUE COMMUNE (SAI),20,INFLAMMATION OEDEMATEUSE,INFLAMMATION OEDEMATEUSE,non,
7030,7,INFLAMMATION COMMUNE,70,INFLAMMATION AIGUE COMMUNE (SAI),30,INFLAMMATION SEROFIBRINEUSE,INFLAMMATION SEROFIBRINEUSE,non,
7032,7,INFLAMMATION COMMUNE,70,INFLAMMATION AIGUE COMMUNE (SAI),32,INFLAMMATION SEROFIBRINEUSE AVEC EPANCHEMENT,INFLAMMATION SEROFIBRINEUSE AVEC EPANCHEMENT,non,
7040,7,INFLAMMATION COMMUNE,70,INFLAMMATION AIGUE COMMUNE (SAI),40,INFLAMMATION HEMORRAGIQUE,INFLAMMATION HEMORRAGIQUE,non,
7042,7,INFLAMMATION COMMUNE,70,INFLAMMATION AIGUE COMMUNE (SAI),42,INFLAMMATION HEMORRAGIQUE AVEC EPANCHEMENT,INFLAMMATION HEMORRAGIQUE AVEC EPANCHEMENT,non,
7050,7,INFLAMMATION COMMUNE,70,INFLAMMATION AIGUE COMMUNE (SAI),50,INFLAMMATION CATARRHALE,INFLAMMATION CATARRHALE,non,
7060,7,INFLAMMATION COMMUNE,70,INFLAMMATION AIGUE COMMUNE (SAI),60,INFLAMMATION FIBRINEUSE,INFLAMMATION FIBRINEUSE,non,
7062,7,INFLAMMATION COMMUNE,70,INFLAMMATION AIGUE COMMUNE (SAI),62,INFLAMMATION FIBRINEUSE BORDANTE,INFLAMMATION FIBRINEUSE BORDANTE,non,
7070,7,INFLAMMATION COMMUNE,70,INFLAMMATION AIGUE COMMUNE (SAI),70,INFLAMMATION FIBRINOLEUCOCYTAIRE,INFLAMMATION FIBRINOLEUCOCYTAIRE,non,
7072,7,INFLAMMATION COMMUNE,70,INFLAMMATION AIGUE COMMUNE (SAI),72,INFLAMMATION AIGUE PERIVISCERALE DES ENVELOPPES,INFLAMMATION AIGUE PERIVISCERALE DES ENVELOPPES,non,1997 AJOUT
7080,7,INFLAMMATION COMMUNE,70,INFLAMMATION AIGUE COMMUNE (SAI),80,INFLAMMATION FIBRINOLEUCOCYTAIRE DE TYPE PSEUDOMEMBRANEUX,INFLAMMATION FIBRINOLEUCOCYTAIRE DE TYPE PSEUDOMEMBRANEUX,non,
7090,7,INFLAMMATION COMMUNE,70,INFLAMMATION AIGUE COMMUNE (SAI),90,INFLAMMATION AIGUE COMPLEXE OU COMPOSITE INFLAMMATION AIGUE NECROTIQUE - ABCES,INFLAMMATION AIGUE COMPLEXE OU COMPOSITE INFLAMMATION AIGUE NECROTIQUE - ABCES,non,
7100,7,INFLAMMATION COMMUNE,71,INFLAMMATION AIGUE NECROTIQUE,00,INFLAMMATION AIGUE NECROTIQUE,INFLAMMATION AIGUE NECROTIQUE,non,
7110,7,INFLAMMATION COMMUNE,71,INFLAMMATION AIGUE NECROTIQUE,10,INFLAMMATION NECROTIQUE (SAI),INFLAMMATION NECROTIQUE (SAI),oui,
7111,7,INFLAMMATION COMMUNE,71,INFLAMMATION AIGUE NECROTIQUE,11,INFLAMMATION NECROTIQUE AVEC NECROSE DE COAGULATION,INFLAMMATION NECROTIQUE AVEC NECROSE DE COAGULATION,non,
7113,7,INFLAMMATION COMMUNE,71,INFLAMMATION AIGUE NECROTIQUE,13,INFLAMMATION NECROTIQUE AVEC NECROSE DE LIQUEFACTION,INFLAMMATION NECROTIQUE AVEC NECROSE DE LIQUEFACTION,non,
7115,7,INFLAMMATION COMMUNE,71,INFLAMMATION AIGUE NECROTIQUE,15,INFLAMMATION NECROTIQUE AVEC NECROSE PONCTUEE,INFLAMMATION NECROTIQUE AVEC NECROSE PONCTUEE,non,
7116,7,INFLAMMATION COMMUNE,71,INFLAMMATION AIGUE NECROTIQUE,16,INFLAMMATION NECROTIQUE AVEC NECROSE PARCELLAIRE,INFLAMMATION NECROTIQUE AVEC NECROSE PARCELLAIRE,non,
7117,7,INFLAMMATION COMMUNE,71,INFLAMMATION AIGUE NECROTIQUE,17,INFLAMMATION NECROTIQUE AVEC NECROSE EN PONT,INFLAMMATION NECROTIQUE AVEC NECROSE EN PONT,non,
7119,7,INFLAMMATION COMMUNE,71,INFLAMMATION AIGUE NECROTIQUE,19,INFLAMMATION NECROTIQUE AVEC NECROSE ZONALE,INFLAMMATION NECROTIQUE AVEC NECROSE ZONALE,non,
7121,7,INFLAMMATION COMMUNE,71,INFLAMMATION AIGUE NECROTIQUE,21,INFLAMMATION NECROTIQUE AVEC NECROSE CONFLUENTE SUBMASSIVE,INFLAMMATION NECROTIQUE AVEC NECROSE CONFLUENTE SUBMASSIVE,non,
7123,7,INFLAMMATION COMMUNE,71,INFLAMMATION AIGUE NECROTIQUE,23,INFLAMMATION NECROTIQUE AVEC NECROSE CONFLUENTE MASSIVE,INFLAMMATION NECROTIQUE AVEC NECROSE CONFLUENTE MASSIVE,non,
7130,7,INFLAMMATION COMMUNE,71,INFLAMMATION AIGUE NECROTIQUE,30,INFLAMMATION SUPPUREE (SAI),INFLAMMATION SUPPUREE (SAI),oui,
7140,7,INFLAMMATION COMMUNE,71,INFLAMMATION AIGUE NECROTIQUE,40,ABCES (SAI),ABCES (SAI),oui,
7141,7,INFLAMMATION COMMUNE,71,INFLAMMATION AIGUE NECROTIQUE,41,ABCES MULTIPLES,ABCES MULTIPLES,non,
7142,7,INFLAMMATION COMMUNE,71,INFLAMMATION AIGUE NECROTIQUE,42,ABCES MILIAIRE,ABCES MILIAIRE,non,
7144,7,INFLAMMATION COMMUNE,71,INFLAMMATION AIGUE NECROTIQUE,44,ABCES ROMPU - ABCES FISTULISE,ABCES ROMPU - ABCES FISTULISE,non,
7150,7,INFLAMMATION COMMUNE,71,INFLAMMATION AIGUE NECROTIQUE,50,ABCES D'UN TYPE PARTICULIER (SAI),ABCES D'UN TYPE PARTICULIER (SAI),oui,
7151,7,INFLAMMATION COMMUNE,71,INFLAMMATION AIGUE NECROTIQUE,51,ABCES HEMATOGENE D'ORIGINE ARTERIELLE,ABCES HEMATOGENE D'ORIGINE ARTERIELLE,non,
7153,7,INFLAMMATION COMMUNE,71,INFLAMMATION AIGUE NECROTIQUE,53,ABCES HEMATOGENE D'ORIGINE VEINEUSE,ABCES HEMATOGENE D'ORIGINE VEINEUSE,non,
7154,7,INFLAMMATION COMMUNE,71,INFLAMMATION AIGUE NECROTIQUE,54,ABCES SECONDAIRE A UNE INFECTION CANALAIRE,ABCES SECONDAIRE A UNE INFECTION CANALAIRE,non,
7156,7,INFLAMMATION COMMUNE,71,INFLAMMATION AIGUE NECROTIQUE,56,ABCES EXTRADURAL - EPIDURITE SUPPUREE,ABCES EXTRADURAL - EPIDURITE SUPPUREE,non,
7157,7,INFLAMMATION COMMUNE,71,INFLAMMATION AIGUE NECROTIQUE,57,ABCES SOUS-DURAL,ABCES SOUS-DURAL,non,
7160,7,INFLAMMATION COMMUNE,71,INFLAMMATION AIGUE NECROTIQUE,60,EMPYEME - INFLAMMATION SUPPUREE DES ORGANES CREUX ET DES CAVITES SEREUSES,EMPYEME - INFLAMMATION SUPPUREE DES ORGANES CREUX ET DES CAVITES SEREUSES,non,
7161,7,INFLAMMATION COMMUNE,71,INFLAMMATION AIGUE NECROTIQUE,61,EMPYEME SOUS-DURAL,EMPYEME SOUS-DURAL,non,
7163,7,INFLAMMATION COMMUNE,71,INFLAMMATION AIGUE NECROTIQUE,63,EMPYEME VENTRICULAIRE,EMPYEME VENTRICULAIRE,non,
7165,7,INFLAMMATION COMMUNE,71,INFLAMMATION AIGUE NECROTIQUE,65,INFLAMMATION SUPPUREE DES CONDUITS ET DES VOIES EXCRETRICES,INFLAMMATION SUPPUREE DES CONDUITS ET DES VOIES EXCRETRICES,non,
7170,7,INFLAMMATION COMMUNE,71,INFLAMMATION AIGUE NECROTIQUE,70,INFLAMMATION PHLEGMONEUSE - PHLEGMON (SAI),INFLAMMATION PHLEGMONEUSE - PHLEGMON (SAI),oui,
7171,7,INFLAMMATION COMMUNE,71,INFLAMMATION AIGUE NECROTIQUE,71,PHLEGMON PERIVISCERAL,PHLEGMON PERIVISCERAL,non,
7180,7,INFLAMMATION COMMUNE,71,INFLAMMATION AIGUE NECROTIQUE,80,INFLAMMATION GANGRENEUSE (SAI),INFLAMMATION GANGRENEUSE (SAI),oui,
7181,7,INFLAMMATION COMMUNE,71,INFLAMMATION AIGUE NECROTIQUE,81,GANGRENE HUMIDE,GANGRENE HUMIDE,non,
7182,7,INFLAMMATION COMMUNE,71,INFLAMMATION AIGUE NECROTIQUE,82,GANGRENE GAZEUSE,GANGRENE GAZEUSE,non,
7185,7,INFLAMMATION COMMUNE,71,INFLAMMATION AIGUE NECROTIQUE,85,FASCIITE NECROSANTE - GANGRENE SUPERFICIELLE AU STREPTOCOQUE HEMOLYTIQUE,FASCIITE NECROSANTE - GANGRENE SUPERFICIELLE AU STREPTOCOQUE HEMOLYTIQUE,non,
7190,7,INFLAMMATION COMMUNE,71,INFLAMMATION AIGUE NECROTIQUE,90,INFLAMMATION AIGUE AVEC ALTERATIONS PARTICULIERES,INFLAMMATION AIGUE AVEC ALTERATIONS PARTICULIERES,non,
7191,7,INFLAMMATION COMMUNE,71,INFLAMMATION AIGUE NECROTIQUE,91,INFLAMMATION AIGUE AVEC CELLULES GEANTES,INFLAMMATION AIGUE AVEC CELLULES GEANTES,non,
7193,7,INFLAMMATION COMMUNE,71,INFLAMMATION AIGUE NECROTIQUE,93,INFLAMMATION AIGUE AVEC CHOLESTASE EROSIONS AIGUES – ULCERATIONS AIGUES,INFLAMMATION AIGUE AVEC CHOLESTASE EROSIONS AIGUES – ULCERATIONS AIGUES,non,
7200,7,INFLAMMATION COMMUNE,72,INFLAMMATION AIGUE AVEC PERTE DE SUBSTANCE (SAI),00,INFLAMMATION AIGUE AVEC PERTE DE SUBSTANCE (SAI),INFLAMMATION AIGUE AVEC PERTE DE SUBSTANCE (SAI),oui,
7210,7,INFLAMMATION COMMUNE,72,INFLAMMATION AIGUE AVEC PERTE DE SUBSTANCE (SAI),10,INFLAMMATION AIGUE EROSIVE,INFLAMMATION AIGUE EROSIVE,non,
7220,7,INFLAMMATION COMMUNE,72,INFLAMMATION AIGUE AVEC PERTE DE SUBSTANCE (SAI),20,INFLAMMATION AIGUE EXULCERATIVE - EXULCERATION,INFLAMMATION AIGUE EXULCERATIVE - EXULCERATION,non,
7230,7,INFLAMMATION COMMUNE,72,INFLAMMATION AIGUE AVEC PERTE DE SUBSTANCE (SAI),30,INFLAMMATION AIGUE ULCERATIVE - ULCERATION,INFLAMMATION AIGUE ULCERATIVE - ULCERATION,non,
7240,7,INFLAMMATION COMMUNE,72,INFLAMMATION AIGUE AVEC PERTE DE SUBSTANCE (SAI),40,ULCERATION AIGUE (SAI) - ULCERE AIGU (SAI),ULCERATION AIGUE (SAI) - ULCERE AIGU (SAI),oui,
7242,7,INFLAMMATION COMMUNE,72,INFLAMMATION AIGUE AVEC PERTE DE SUBSTANCE (SAI),42,ULCERATION DE DIEULAFOY,ULCERATION DE DIEULAFOY,non,
7250,7,INFLAMMATION COMMUNE,72,INFLAMMATION AIGUE AVEC PERTE DE SUBSTANCE (SAI),50,ULCERATION AIGUE AVEC PERFORATION,ULCERATION AIGUE AVEC PERFORATION,non,
7252,7,INFLAMMATION COMMUNE,72,INFLAMMATION AIGUE AVEC PERTE DE SUBSTANCE (SAI),52,ULCERATION AIGUE AVEC RUPTURE,ULCERATION AIGUE AVEC RUPTURE,non,
7260,7,INFLAMMATION COMMUNE,72,INFLAMMATION AIGUE AVEC PERTE DE SUBSTANCE (SAI),60,APHTE ET APHTOSE,APHTE ET APHTOSE,non,
7264,7,INFLAMMATION COMMUNE,72,INFLAMMATION AIGUE AVEC PERTE DE SUBSTANCE (SAI),64,MALADIE DE SUTTON - PERIADENITIS MUCOSA NECROTICA RECURRENS EROSIONS CHRONIQUES – ULCERATIONS CHRONIQUES,MALADIE DE SUTTON - PERIADENITIS MUCOSA NECROTICA RECURRENS EROSIONS CHRONIQUES – ULCERATIONS CHRONIQUES,non,
7300,7,INFLAMMATION COMMUNE,73,INFLAMMATION SUBAIGUE ET CHRONIQUE AVEC PERTE DE SUBSTANCE (SAI),00,INFLAMMATION SUBAIGUE ET CHRONIQUE AVEC PERTE DE SUBSTANCE (SAI),INFLAMMATION SUBAIGUE ET CHRONIQUE AVEC PERTE DE SUBSTANCE (SAI),oui,
7310,7,INFLAMMATION COMMUNE,73,INFLAMMATION SUBAIGUE ET CHRONIQUE AVEC PERTE DE SUBSTANCE (SAI),10,EROSION CHRONIQUE,EROSION CHRONIQUE,non,
7320,7,INFLAMMATION COMMUNE,73,INFLAMMATION SUBAIGUE ET CHRONIQUE AVEC PERTE DE SUBSTANCE (SAI),20,EXULCERATION CHRONIQUE,EXULCERATION CHRONIQUE,non,
7330,7,INFLAMMATION COMMUNE,73,INFLAMMATION SUBAIGUE ET CHRONIQUE AVEC PERTE DE SUBSTANCE (SAI),30,ULCERATION CHRONIQUE,ULCERATION CHRONIQUE,non,
7332,7,INFLAMMATION COMMUNE,73,INFLAMMATION SUBAIGUE ET CHRONIQUE AVEC PERTE DE SUBSTANCE (SAI),32,ULCERATION AVEC BOURGEON CHARNU,ULCERATION AVEC BOURGEON CHARNU,non,
7334,7,INFLAMMATION COMMUNE,73,INFLAMMATION SUBAIGUE ET CHRONIQUE AVEC PERTE DE SUBSTANCE (SAI),34,ULCERATION AVEC FAUSSES MEMBRANES,ULCERATION AVEC FAUSSES MEMBRANES,non,
7335,7,INFLAMMATION COMMUNE,73,INFLAMMATION SUBAIGUE ET CHRONIQUE AVEC PERTE DE SUBSTANCE (SAI),35,ULCERE PHAGEDENIQUE,ULCERE PHAGEDENIQUE,non,1992 AJOUT
7336,7,INFLAMMATION COMMUNE,73,INFLAMMATION SUBAIGUE ET CHRONIQUE AVEC PERTE DE SUBSTANCE (SAI),36,ULCERATION AVEC REGENERATION EPITHELIALE,ULCERATION AVEC REGENERATION EPITHELIALE,non,
7337,7,INFLAMMATION COMMUNE,73,INFLAMMATION SUBAIGUE ET CHRONIQUE AVEC PERTE DE SUBSTANCE (SAI),37,ULCERATION PROVOQUEE,ULCERATION PROVOQUEE,non,
7338,7,INFLAMMATION COMMUNE,73,INFLAMMATION SUBAIGUE ET CHRONIQUE AVEC PERTE DE SUBSTANCE (SAI),38,ULCERATION AVEC METAPLASIE,ULCERATION AVEC METAPLASIE,non,
7340,7,INFLAMMATION COMMUNE,73,INFLAMMATION SUBAIGUE ET CHRONIQUE AVEC PERTE DE SUBSTANCE (SAI),40,ULCERE CHRONIQUE (SAI),ULCERE CHRONIQUE (SAI),oui,
7342,7,INFLAMMATION COMMUNE,73,INFLAMMATION SUBAIGUE ET CHRONIQUE AVEC PERTE DE SUBSTANCE (SAI),42,ULCERE HEMORRAGIQUE,ULCERE HEMORRAGIQUE,non,
7344,7,INFLAMMATION COMMUNE,73,INFLAMMATION SUBAIGUE ET CHRONIQUE AVEC PERTE DE SUBSTANCE (SAI),44,ULCERE PERFORE,ULCERE PERFORE,non,
7346,7,INFLAMMATION COMMUNE,73,INFLAMMATION SUBAIGUE ET CHRONIQUE AVEC PERTE DE SUBSTANCE (SAI),46,ULCERE PERFORE-BOUCHE,ULCERE PERFORE-BOUCHE,non,
7347,7,INFLAMMATION COMMUNE,73,INFLAMMATION SUBAIGUE ET CHRONIQUE AVEC PERTE DE SUBSTANCE (SAI),47,ULCERE STENOSANT,ULCERE STENOSANT,non,
7348,7,INFLAMMATION COMMUNE,73,INFLAMMATION SUBAIGUE ET CHRONIQUE AVEC PERTE DE SUBSTANCE (SAI),48,ULCERE CICATRISE,ULCERE CICATRISE,non,
7349,7,INFLAMMATION COMMUNE,73,INFLAMMATION SUBAIGUE ET CHRONIQUE AVEC PERTE DE SUBSTANCE (SAI),49,ULCERE CALLEUX - ULCERE GEANT,ULCERE CALLEUX - ULCERE GEANT,non,
7350,7,INFLAMMATION COMMUNE,73,INFLAMMATION SUBAIGUE ET CHRONIQUE AVEC PERTE DE SUBSTANCE (SAI),50,ULCERE POST-ANASTOMOTIQUE,ULCERE POST-ANASTOMOTIQUE,non,
7360,7,INFLAMMATION COMMUNE,73,INFLAMMATION SUBAIGUE ET CHRONIQUE AVEC PERTE DE SUBSTANCE (SAI),60,PERTE DE SUBSTANCE IATROGENE,PERTE DE SUBSTANCE IATROGENE,non,
7370,7,INFLAMMATION COMMUNE,73,INFLAMMATION SUBAIGUE ET CHRONIQUE AVEC PERTE DE SUBSTANCE (SAI),70,ULCERE CANCERISE,ULCERE CANCERISE,non,
7380,7,INFLAMMATION COMMUNE,73,INFLAMMATION SUBAIGUE ET CHRONIQUE AVEC PERTE DE SUBSTANCE (SAI),80,ULCERES MULTIPLES INFLAMMATION PRODUCTIVE – BOURGEON CHARNU - GRANULOME,ULCERES MULTIPLES INFLAMMATION PRODUCTIVE – BOURGEON CHARNU - GRANULOME,non,
7400,7,INFLAMMATION COMMUNE,74,INFLAMMATION PRODUCTIVE AVEC TISSU DE GRANULATION (SAI),00,INFLAMMATION PRODUCTIVE AVEC TISSU DE GRANULATION (SAI),INFLAMMATION PRODUCTIVE AVEC TISSU DE GRANULATION (SAI),oui,
7410,7,INFLAMMATION COMMUNE,74,INFLAMMATION PRODUCTIVE AVEC TISSU DE GRANULATION (SAI),10,BOURGEON CHARNU,BOURGEON CHARNU,non,
7420,7,INFLAMMATION COMMUNE,74,INFLAMMATION PRODUCTIVE AVEC TISSU DE GRANULATION (SAI),20,BOURGEON CHARNU HYPERPLASIQUE - GRANULOME PYOGENIQUE,BOURGEON CHARNU HYPERPLASIQUE - GRANULOME PYOGENIQUE,non,
7430,7,INFLAMMATION COMMUNE,74,INFLAMMATION PRODUCTIVE AVEC TISSU DE GRANULATION (SAI),30,BOURGEON CHARNU TELANGIECTASIQUE,BOURGEON CHARNU TELANGIECTASIQUE,non,
7440,7,INFLAMMATION COMMUNE,74,INFLAMMATION PRODUCTIVE AVEC TISSU DE GRANULATION (SAI),40,GRANULOME MACROPHAGIQUE RESORPTIF AVEC OU SANS CORPS ETRANGERS,GRANULOME MACROPHAGIQUE RESORPTIF AVEC OU SANS CORPS ETRANGERS,non,
7442,7,INFLAMMATION COMMUNE,74,INFLAMMATION PRODUCTIVE AVEC TISSU DE GRANULATION (SAI),42,MYOSPHERULOSE - MALADIE SPHERULOKYSTIQUE,MYOSPHERULOSE - MALADIE SPHERULOKYSTIQUE,non,1992 AJOUT
7450,7,INFLAMMATION COMMUNE,74,INFLAMMATION PRODUCTIVE AVEC TISSU DE GRANULATION (SAI),50,INFLAMMATION PRODUCTIVE XANTHOGRANULOMATEUSE - LIPOGRANULOME - LIPOGRANULOMATOSE,INFLAMMATION PRODUCTIVE XANTHOGRANULOMATEUSE - LIPOGRANULOME - LIPOGRANULOMATOSE,non,1998 MODIF
7451,7,INFLAMMATION COMMUNE,74,INFLAMMATION PRODUCTIVE AVEC TISSU DE GRANULATION (SAI),51,GRANULOME CHOLESTEROLIQUE,GRANULOME CHOLESTEROLIQUE,non,1992 AJOUT
7452,7,INFLAMMATION COMMUNE,74,INFLAMMATION PRODUCTIVE AVEC TISSU DE GRANULATION (SAI),52,GRANULOME LIPOPHAGIQUE INFLAMMATION CELLULAIRE,GRANULOME LIPOPHAGIQUE INFLAMMATION CELLULAIRE,non,1999 AJOUT
7500,7,INFLAMMATION COMMUNE,75,INFLAMMATION COMMUNE A POPULATION CELLULAIRE PREDOMINANTE,00,INFLAMMATION COMMUNE A POPULATION CELLULAIRE PREDOMINANTE,INFLAMMATION COMMUNE A POPULATION CELLULAIRE PREDOMINANTE,non,
7510,7,INFLAMMATION COMMUNE,75,INFLAMMATION COMMUNE A POPULATION CELLULAIRE PREDOMINANTE,10,INFLAMMATION A PREDOMINANCE LYMPHOCYTAIRE ET PLASMOCYTAIRE(SAI),INFLAMMATION A PREDOMINANCE LYMPHOCYTAIRE ET PLASMOCYTAIRE(SAI),oui,
7511,7,INFLAMMATION COMMUNE,75,INFLAMMATION COMMUNE A POPULATION CELLULAIRE PREDOMINANTE,11,INFLAMMATION A LYMPHOCYTES (SAI),INFLAMMATION A LYMPHOCYTES (SAI),oui,
7513,7,INFLAMMATION COMMUNE,75,INFLAMMATION COMMUNE A POPULATION CELLULAIRE PREDOMINANTE,13,HYPERPLASIE LYMPHOIDE DIFFUSE,HYPERPLASIE LYMPHOIDE DIFFUSE,non,
7514,7,INFLAMMATION COMMUNE,75,INFLAMMATION COMMUNE A POPULATION CELLULAIRE PREDOMINANTE,14,HYPERPLASIE LYMPHOIDE NODULAIRE,HYPERPLASIE LYMPHOIDE NODULAIRE,non,
7515,7,INFLAMMATION COMMUNE,75,INFLAMMATION COMMUNE A POPULATION CELLULAIRE PREDOMINANTE,15,HYPERPLASIE FOLLICULAIRE ZONE B DEPENDANTE,HYPERPLASIE FOLLICULAIRE ZONE B DEPENDANTE,non,
7516,7,INFLAMMATION COMMUNE,75,INFLAMMATION COMMUNE A POPULATION CELLULAIRE PREDOMINANTE,16,HYPERPLASIE FOLLICULAIRE ET TRANSFORMATION PROGRESSIVE DES CENTRES GERMINATIFS,HYPERPLASIE FOLLICULAIRE ET TRANSFORMATION PROGRESSIVE DES CENTRES GERMINATIFS,non,1998 MODIF
7517,7,INFLAMMATION COMMUNE,75,INFLAMMATION COMMUNE A POPULATION CELLULAIRE PREDOMINANTE,17,HYPERPLASIE FOLLICULAIRE AVEC FOLLICULOLYSE,HYPERPLASIE FOLLICULAIRE AVEC FOLLICULOLYSE,non,1998 AJOUT
7518,7,INFLAMMATION COMMUNE,75,INFLAMMATION COMMUNE A POPULATION CELLULAIRE PREDOMINANTE,18,HYPERPLASIE DES ZONES T DEPENDANTE,HYPERPLASIE DES ZONES T DEPENDANTE,non,
7519,7,INFLAMMATION COMMUNE,75,INFLAMMATION COMMUNE A POPULATION CELLULAIRE PREDOMINANTE,19,HYPERPLASIE FOLLICULAIRE ET PARACORTICALE,HYPERPLASIE FOLLICULAIRE ET PARACORTICALE,non,
7520,7,INFLAMMATION COMMUNE,75,INFLAMMATION COMMUNE A POPULATION CELLULAIRE PREDOMINANTE,20,HYPERPLASIE DE LA ZONE DU MANTEAU,HYPERPLASIE DE LA ZONE DU MANTEAU,non,1998 AJOUT
7521,7,INFLAMMATION COMMUNE,75,INFLAMMATION COMMUNE A POPULATION CELLULAIRE PREDOMINANTE,21,HYPERPLASIE IMMUNOBLASTIQUE (SAI),HYPERPLASIE IMMUNOBLASTIQUE (SAI),oui,1998 MODIF
7522,7,INFLAMMATION COMMUNE,75,INFLAMMATION COMMUNE A POPULATION CELLULAIRE PREDOMINANTE,22,HYPERPLASIE IMMUNOBLASTIQUE B,HYPERPLASIE IMMUNOBLASTIQUE B,non,1998 AJOUT
7523,7,INFLAMMATION COMMUNE,75,INFLAMMATION COMMUNE A POPULATION CELLULAIRE PREDOMINANTE,23,HYPERPLASIE DES CELLULES INTERDIGITEES,HYPERPLASIE DES CELLULES INTERDIGITEES,non,
7524,7,INFLAMMATION COMMUNE,75,INFLAMMATION COMMUNE A POPULATION CELLULAIRE PREDOMINANTE,24,HYPERPLASIE IMMUNOBLASTIQUE T,HYPERPLASIE IMMUNOBLASTIQUE T,non,1998 AJOUT
7525,7,INFLAMMATION COMMUNE,75,INFLAMMATION COMMUNE A POPULATION CELLULAIRE PREDOMINANTE,25,INFLAMMATION AVEC PLASMOCYTES OU PLASMOCYTOSE,INFLAMMATION AVEC PLASMOCYTES OU PLASMOCYTOSE,non,
7526,7,INFLAMMATION COMMUNE,75,INFLAMMATION COMMUNE A POPULATION CELLULAIRE PREDOMINANTE,26,HYPERPLASIE IMMUNOBLASTIQUE B ET T,HYPERPLASIE IMMUNOBLASTIQUE B ET T,non,1998 AJOUT
7540,7,INFLAMMATION COMMUNE,75,INFLAMMATION COMMUNE A POPULATION CELLULAIRE PREDOMINANTE,40,HISTIOCYTOSE (SAI) - INFLAMMATION HISTIOCYTAIRE ET MACROPHAGIQUE (SAI),HISTIOCYTOSE (SAI) - INFLAMMATION HISTIOCYTAIRE ET MACROPHAGIQUE (SAI),oui,1998 MODIF
7541,7,INFLAMMATION COMMUNE,75,INFLAMMATION COMMUNE A POPULATION CELLULAIRE PREDOMINANTE,41,HISTIOCYTOSE SINUSALE (SAI),HISTIOCYTOSE SINUSALE (SAI),oui,1998 MODIF
7542,7,INFLAMMATION COMMUNE,75,INFLAMMATION COMMUNE A POPULATION CELLULAIRE PREDOMINANTE,42,HYPERPLASIE A CELLULES B MONOCYTOIDES - HISTIOCYTOSE SINUSALE IMMATURE - LYMPHOCYTOSE B SINUSALE MONOCYTOIDE,HYPERPLASIE A CELLULES B MONOCYTOIDES - HISTIOCYTOSE SINUSALE IMMATURE - LYMPHOCYTOSE B SINUSALE MONOCYTOIDE,non,1998 MODIF
7543,7,INFLAMMATION COMMUNE,75,INFLAMMATION COMMUNE A POPULATION CELLULAIRE PREDOMINANTE,43,HISTIOCYTOSE LIPOMELANIQUE,HISTIOCYTOSE LIPOMELANIQUE,non,1998 MODIF
7545,7,INFLAMMATION COMMUNE,75,INFLAMMATION COMMUNE A POPULATION CELLULAIRE PREDOMINANTE,45,HISTIOCYTOSE HEMOPHAGOCYTAIRE,HISTIOCYTOSE HEMOPHAGOCYTAIRE,non,1998 MODIF
7546,7,INFLAMMATION COMMUNE,75,INFLAMMATION COMMUNE A POPULATION CELLULAIRE PREDOMINANTE,46,ERYTHROPHAGOCYTOSE,ERYTHROPHAGOCYTOSE,non,1998 AJOUT
7547,7,INFLAMMATION COMMUNE,75,INFLAMMATION COMMUNE A POPULATION CELLULAIRE PREDOMINANTE,47,"HISTIOCYTOSE SINUSALE DE DESTOMBES, ROSAI, DORFMAN","HISTIOCYTOSE SINUSALE DE DESTOMBES, ROSAI, DORFMAN",non,1998 MODIF
7548,7,INFLAMMATION COMMUNE,75,INFLAMMATION COMMUNE A POPULATION CELLULAIRE PREDOMINANTE,48,HISTIOCYTOSE SINUSALE HEMOPHAGOCYTAIRE ASSOCIEE A UNE INFLAMMATION VIRALE,HISTIOCYTOSE SINUSALE HEMOPHAGOCYTAIRE ASSOCIEE A UNE INFLAMMATION VIRALE,non,1998 MODIF
7549,7,INFLAMMATION COMMUNE,75,INFLAMMATION COMMUNE A POPULATION CELLULAIRE PREDOMINANTE,49,HISTIOCYTOSE BLEU MARINE - HISTIOCYTES BLEU DE MER,HISTIOCYTOSE BLEU MARINE - HISTIOCYTES BLEU DE MER,non,1998 AJOUT
7550,7,INFLAMMATION COMMUNE,75,INFLAMMATION COMMUNE A POPULATION CELLULAIRE PREDOMINANTE,50,INFLAMMATION A POLYNUCLEAIRES EOSINOPHILES,INFLAMMATION A POLYNUCLEAIRES EOSINOPHILES,non,
7552,7,INFLAMMATION COMMUNE,75,INFLAMMATION COMMUNE A POPULATION CELLULAIRE PREDOMINANTE,52,SYNDROME HYPEREOSINOPHILIQUE,SYNDROME HYPEREOSINOPHILIQUE,non,
7554,7,INFLAMMATION COMMUNE,75,INFLAMMATION COMMUNE A POPULATION CELLULAIRE PREDOMINANTE,54,GRANULOME EOSINOPHILIQUE NON A CELLULES DE LANGERHANS,GRANULOME EOSINOPHILIQUE NON A CELLULES DE LANGERHANS,non,
7556,7,INFLAMMATION COMMUNE,75,INFLAMMATION COMMUNE A POPULATION CELLULAIRE PREDOMINANTE,56,INFLAMMATION A POLYNUCLEAIRES EOSINOPHILES NON ALLERGIQUE,INFLAMMATION A POLYNUCLEAIRES EOSINOPHILES NON ALLERGIQUE,non,1997 AJOUT
7560,7,INFLAMMATION COMMUNE,75,INFLAMMATION COMMUNE A POPULATION CELLULAIRE PREDOMINANTE,60,INFLAMMATION A MASTOCYTES,INFLAMMATION A MASTOCYTES,non,
7565,7,INFLAMMATION COMMUNE,75,INFLAMMATION COMMUNE A POPULATION CELLULAIRE PREDOMINANTE,65,INFILTRATION PAR DES POLYNUCLEAIRES BASOPHILES - INFLAMMATION A POLYNUCLEAIRES BASOPHILES,INFILTRATION PAR DES POLYNUCLEAIRES BASOPHILES - INFLAMMATION A POLYNUCLEAIRES BASOPHILES,non,1998 AJOUT
7570,7,INFLAMMATION COMMUNE,75,INFLAMMATION COMMUNE A POPULATION CELLULAIRE PREDOMINANTE,70,INFLAMMATION A CELLULES GEANTES - GRANULOME A CELLULES GEANTES,INFLAMMATION A CELLULES GEANTES - GRANULOME A CELLULES GEANTES,non,1998 AJOUT
7571,7,INFLAMMATION COMMUNE,75,INFLAMMATION COMMUNE A POPULATION CELLULAIRE PREDOMINANTE,71,INFLAMMATION A CELLULES GEANTES D'ORIGINE LYMPHOIDE B,INFLAMMATION A CELLULES GEANTES D'ORIGINE LYMPHOIDE B,non,1998 AJOUT
7572,7,INFLAMMATION COMMUNE,75,INFLAMMATION COMMUNE A POPULATION CELLULAIRE PREDOMINANTE,72,INFLAMMATION A CELLULES GEANTES D'ORIGINE LYMPHOIDE T,INFLAMMATION A CELLULES GEANTES D'ORIGINE LYMPHOIDE T,non,1998 AJOUT
7573,7,INFLAMMATION COMMUNE,75,INFLAMMATION COMMUNE A POPULATION CELLULAIRE PREDOMINANTE,73,INFLAMMATION A CELLULES GEANTES D'ORIGINE FOLLICULAIRE DENDRITIQUE,INFLAMMATION A CELLULES GEANTES D'ORIGINE FOLLICULAIRE DENDRITIQUE,non,1998 AJOUT
7574,7,INFLAMMATION COMMUNE,75,INFLAMMATION COMMUNE A POPULATION CELLULAIRE PREDOMINANTE,74,INFLAMMATION A CELLULES GEANTES D'ORIGINE HISTIOCYTAIRE INFLAMMATION SUBAIGUE ET CHRONIQUE,INFLAMMATION A CELLULES GEANTES D'ORIGINE HISTIOCYTAIRE INFLAMMATION SUBAIGUE ET CHRONIQUE,non,1998 AJOUT
7600,7,INFLAMMATION COMMUNE,76,INFLAMMATION SUBAIGUE ET CHRONIQUE (SAI),00,INFLAMMATION SUBAIGUE ET CHRONIQUE (SAI),INFLAMMATION SUBAIGUE ET CHRONIQUE (SAI),oui,
7601,7,INFLAMMATION COMMUNE,76,INFLAMMATION SUBAIGUE ET CHRONIQUE (SAI),01,INFLAMMATION SUBAIGUE ET CHRONIQUE ECTASIANTE,INFLAMMATION SUBAIGUE ET CHRONIQUE ECTASIANTE,non,
7602,7,INFLAMMATION COMMUNE,76,INFLAMMATION SUBAIGUE ET CHRONIQUE (SAI),02,INFLAMMATION SUBAIGUE ET CHRONIQUE OBLITERANTE,INFLAMMATION SUBAIGUE ET CHRONIQUE OBLITERANTE,non,
7604,7,INFLAMMATION COMMUNE,76,INFLAMMATION SUBAIGUE ET CHRONIQUE (SAI),04,INFLAMMATION SUBAIGUE ET CHRONIQUE STENOSANTE,INFLAMMATION SUBAIGUE ET CHRONIQUE STENOSANTE,non,
7606,7,INFLAMMATION COMMUNE,76,INFLAMMATION SUBAIGUE ET CHRONIQUE (SAI),06,INFLAMMATION SUBAIGUE ET CHRONIQUE THROMBOSANTE,INFLAMMATION SUBAIGUE ET CHRONIQUE THROMBOSANTE,non,
7607,7,INFLAMMATION COMMUNE,76,INFLAMMATION SUBAIGUE ET CHRONIQUE (SAI),07,INFLAMMATION SUBAIGUE ET CHRONIQUE DES ENVELOPPES,INFLAMMATION SUBAIGUE ET CHRONIQUE DES ENVELOPPES,non,1997 AJOUT
7608,7,INFLAMMATION COMMUNE,76,INFLAMMATION SUBAIGUE ET CHRONIQUE (SAI),08,INFLAMMATION SUBAIGUE ET CHRONIQUE INTERSTITIELLE,INFLAMMATION SUBAIGUE ET CHRONIQUE INTERSTITIELLE,non,
7609,7,INFLAMMATION COMMUNE,76,INFLAMMATION SUBAIGUE ET CHRONIQUE (SAI),09,INFLAMMATION SUBAIGUE ET CHRONIQUE D'ORIGINE INDETERMINEE ET/OU NON CLASSABLE,INFLAMMATION SUBAIGUE ET CHRONIQUE D'ORIGINE INDETERMINEE ET/OU NON CLASSABLE,non,1997 AJOUT
7610,7,INFLAMMATION COMMUNE,76,INFLAMMATION SUBAIGUE ET CHRONIQUE (SAI),10,INFLAMMATION SUBAIGUE ET CHRONIQUE PERSISTANTE (SAI),INFLAMMATION SUBAIGUE ET CHRONIQUE PERSISTANTE (SAI),oui,
7611,7,INFLAMMATION COMMUNE,76,INFLAMMATION SUBAIGUE ET CHRONIQUE (SAI),11,INFLAMMATION SUBAIGUE ET CHRONIQUE PERSISTANTE POST INFECTIEUSE,INFLAMMATION SUBAIGUE ET CHRONIQUE PERSISTANTE POST INFECTIEUSE,non,
7612,7,INFLAMMATION COMMUNE,76,INFLAMMATION SUBAIGUE ET CHRONIQUE (SAI),12,INFLAMMATION SUBAIGUE ET CHRONIQUE PERSISTANTE IATROGENE,INFLAMMATION SUBAIGUE ET CHRONIQUE PERSISTANTE IATROGENE,non,
7613,7,INFLAMMATION COMMUNE,76,INFLAMMATION SUBAIGUE ET CHRONIQUE (SAI),13,INFLAMMATION SUBAIGUE ET CHRONIQUE PERSISTANTE DYSIMMUNITAIRE,INFLAMMATION SUBAIGUE ET CHRONIQUE PERSISTANTE DYSIMMUNITAIRE,non,
7614,7,INFLAMMATION COMMUNE,76,INFLAMMATION SUBAIGUE ET CHRONIQUE (SAI),14,INFLAMMATION SUBAIGUE ET CHRONIQUE PERSISTANTE TOXIQUE,INFLAMMATION SUBAIGUE ET CHRONIQUE PERSISTANTE TOXIQUE,non,
7616,7,INFLAMMATION COMMUNE,76,INFLAMMATION SUBAIGUE ET CHRONIQUE (SAI),16,INFLAMMATION SUBAIGUE ET CHRONIQUE PERSISTANTE D'ORIGINE INDETERMINEE,INFLAMMATION SUBAIGUE ET CHRONIQUE PERSISTANTE D'ORIGINE INDETERMINEE,non,
7620,7,INFLAMMATION COMMUNE,76,INFLAMMATION SUBAIGUE ET CHRONIQUE (SAI),20,INFLAMMATION SUBAIGUE ET CHRONIQUE LEGERE LOBULAIRE OU NON (SAI),INFLAMMATION SUBAIGUE ET CHRONIQUE LEGERE LOBULAIRE OU NON (SAI),oui,
7621,7,INFLAMMATION COMMUNE,76,INFLAMMATION SUBAIGUE ET CHRONIQUE (SAI),21,INFLAMMATION SUBAIGUE ET CHRONIQUE LEGERE POST INFECTIEUSE,INFLAMMATION SUBAIGUE ET CHRONIQUE LEGERE POST INFECTIEUSE,non,
7622,7,INFLAMMATION COMMUNE,76,INFLAMMATION SUBAIGUE ET CHRONIQUE (SAI),22,INFLAMMATION SUBAIGUE ET CHRONIQUE LEGERE IATROGENE,INFLAMMATION SUBAIGUE ET CHRONIQUE LEGERE IATROGENE,non,
7623,7,INFLAMMATION COMMUNE,76,INFLAMMATION SUBAIGUE ET CHRONIQUE (SAI),23,INFLAMMATION SUBAIGUE ET CHRONIQUE LEGERE DYSIMMUNITAIRE,INFLAMMATION SUBAIGUE ET CHRONIQUE LEGERE DYSIMMUNITAIRE,non,
7624,7,INFLAMMATION COMMUNE,76,INFLAMMATION SUBAIGUE ET CHRONIQUE (SAI),24,"INFLAMMATION SUBAIGUE ET CHRONIQUE LEGERE TOXIQUE (ALCOOL, ETC)","INFLAMMATION SUBAIGUE ET CHRONIQUE LEGERE TOXIQUE (ALCOOL, ETC)",non,
7626,7,INFLAMMATION COMMUNE,76,INFLAMMATION SUBAIGUE ET CHRONIQUE (SAI),26,INFLAMMATION SUBAIGUE ET CHRONIQUE LEGERE D'ORIGINE INDETERMINEE,INFLAMMATION SUBAIGUE ET CHRONIQUE LEGERE D'ORIGINE INDETERMINEE,non,
7630,7,INFLAMMATION COMMUNE,76,INFLAMMATION SUBAIGUE ET CHRONIQUE (SAI),30,INFLAMMATION SUBAIGUE ET CHRONIQUE MODEREE (SAI),INFLAMMATION SUBAIGUE ET CHRONIQUE MODEREE (SAI),oui,
7631,7,INFLAMMATION COMMUNE,76,INFLAMMATION SUBAIGUE ET CHRONIQUE (SAI),31,INFLAMMATION SUBAIGUE ET CHRONIQUE MODEREE POST INFECTIEUSE,INFLAMMATION SUBAIGUE ET CHRONIQUE MODEREE POST INFECTIEUSE,non,
7632,7,INFLAMMATION COMMUNE,76,INFLAMMATION SUBAIGUE ET CHRONIQUE (SAI),32,INFLAMMATION SUBAIGUE ET CHRONIQUE MODEREE IATROGENE,INFLAMMATION SUBAIGUE ET CHRONIQUE MODEREE IATROGENE,non,
7633,7,INFLAMMATION COMMUNE,76,INFLAMMATION SUBAIGUE ET CHRONIQUE (SAI),33,INFLAMMATION SUBAIGUE ET CHRONIQUE MODEREE DYSIMMUNITAIRE,INFLAMMATION SUBAIGUE ET CHRONIQUE MODEREE DYSIMMUNITAIRE,non,
7634,7,INFLAMMATION COMMUNE,76,INFLAMMATION SUBAIGUE ET CHRONIQUE (SAI),34,"INFLAMMATION SUBAIGUE ET CHRONIQUE MODEREE TOXIQUE (ALCOOL, ETC)","INFLAMMATION SUBAIGUE ET CHRONIQUE MODEREE TOXIQUE (ALCOOL, ETC)",non,
7636,7,INFLAMMATION COMMUNE,76,INFLAMMATION SUBAIGUE ET CHRONIQUE (SAI),36,INFLAMMATION SUBAIGUE ET CHRONIQUE MODEREE D'ORIGINE INDETERMINEE,INFLAMMATION SUBAIGUE ET CHRONIQUE MODEREE D'ORIGINE INDETERMINEE,non,
7640,7,INFLAMMATION COMMUNE,76,INFLAMMATION SUBAIGUE ET CHRONIQUE (SAI),40,INFLAMMATION SUBAIGUE ET CHRONIQUE SEVERE (SAI),INFLAMMATION SUBAIGUE ET CHRONIQUE SEVERE (SAI),oui,
7641,7,INFLAMMATION COMMUNE,76,INFLAMMATION SUBAIGUE ET CHRONIQUE (SAI),41,INFLAMMATION SUBAIGUE ET CHRONIQUE SEVERE POST INFECTIEUSE,INFLAMMATION SUBAIGUE ET CHRONIQUE SEVERE POST INFECTIEUSE,non,
7642,7,INFLAMMATION COMMUNE,76,INFLAMMATION SUBAIGUE ET CHRONIQUE (SAI),42,INFLAMMATION SUBAIGUE ET CHRONIQUE SEVERE IATROGENE,INFLAMMATION SUBAIGUE ET CHRONIQUE SEVERE IATROGENE,non,
7643,7,INFLAMMATION COMMUNE,76,INFLAMMATION SUBAIGUE ET CHRONIQUE (SAI),43,INFLAMMATION SUBAIGUE ET CHRONIQUE SEVERE DYSIMMUNITAIRE,INFLAMMATION SUBAIGUE ET CHRONIQUE SEVERE DYSIMMUNITAIRE,non,
7644,7,INFLAMMATION COMMUNE,76,INFLAMMATION SUBAIGUE ET CHRONIQUE (SAI),44,"INFLAMMATION SUBAIGUE ET CHRONIQUE SEVERE TOXIQUE (ALCOOL, ETC)","INFLAMMATION SUBAIGUE ET CHRONIQUE SEVERE TOXIQUE (ALCOOL, ETC)",non,
7646,7,INFLAMMATION COMMUNE,76,INFLAMMATION SUBAIGUE ET CHRONIQUE (SAI),46,INFLAMMATION SUBAIGUE ET CHRONIQUE SEVERE D'ORIGINE INDETERMINEE,INFLAMMATION SUBAIGUE ET CHRONIQUE SEVERE D'ORIGINE INDETERMINEE,non,
7650,7,INFLAMMATION COMMUNE,76,INFLAMMATION SUBAIGUE ET CHRONIQUE (SAI),50,INFLAMMATION SUBAIGUE ET CHRONIQUE AVEC FIBROSE MUTILANTE,INFLAMMATION SUBAIGUE ET CHRONIQUE AVEC FIBROSE MUTILANTE,non,
7651,7,INFLAMMATION COMMUNE,76,INFLAMMATION SUBAIGUE ET CHRONIQUE (SAI),51,INFLAMMATION SUBAIGUE ET CHRONIQUE AVEC FIBROSE MUTILANTE POST INFECTIEUSE,INFLAMMATION SUBAIGUE ET CHRONIQUE AVEC FIBROSE MUTILANTE POST INFECTIEUSE,non,
7652,7,INFLAMMATION COMMUNE,76,INFLAMMATION SUBAIGUE ET CHRONIQUE (SAI),52,INFLAMMATION SUBAIGUE ET CHRONIQUE AVEC FIBROSE MUTILANTE IATROGENE,INFLAMMATION SUBAIGUE ET CHRONIQUE AVEC FIBROSE MUTILANTE IATROGENE,non,
7653,7,INFLAMMATION COMMUNE,76,INFLAMMATION SUBAIGUE ET CHRONIQUE (SAI),53,INFLAMMATION SUBAIGUE ET CHRONIQUE AVEC FIBROSE MUTILANTE DYSIMMUNITAIRE,INFLAMMATION SUBAIGUE ET CHRONIQUE AVEC FIBROSE MUTILANTE DYSIMMUNITAIRE,non,
7654,7,INFLAMMATION COMMUNE,76,INFLAMMATION SUBAIGUE ET CHRONIQUE (SAI),54,"INFLAMMATION SUBAIGUE ET CHRONIQUE AVEC FIBROSE MUTILANTE TOXIQUE (ALCOOL, ETC)","INFLAMMATION SUBAIGUE ET CHRONIQUE AVEC FIBROSE MUTILANTE TOXIQUE (ALCOOL, ETC)",non,
7656,7,INFLAMMATION COMMUNE,76,INFLAMMATION SUBAIGUE ET CHRONIQUE (SAI),56,INFLAMMATION SUBAIGUE ET CHRONIQUE AVEC FIBROSE MUTILANTE D'ORIGINE INDETERMINEE,INFLAMMATION SUBAIGUE ET CHRONIQUE AVEC FIBROSE MUTILANTE D'ORIGINE INDETERMINEE,non,
7660,7,INFLAMMATION COMMUNE,76,INFLAMMATION SUBAIGUE ET CHRONIQUE (SAI),60,INFLAMMATION SUBAIGUE ET CHRONIQUE AVEC HYPERPLASIE EPITHELIALE OU MESOTHELIALE (SAI),INFLAMMATION SUBAIGUE ET CHRONIQUE AVEC HYPERPLASIE EPITHELIALE OU MESOTHELIALE (SAI),oui,
7661,7,INFLAMMATION COMMUNE,76,INFLAMMATION SUBAIGUE ET CHRONIQUE (SAI),61,INFLAMMATION SUBAIGUE ET CHRONIQUE AVEC HYPERPLASIE SIMPLE EPITHELIALE OU MESOTHELIALE,INFLAMMATION SUBAIGUE ET CHRONIQUE AVEC HYPERPLASIE SIMPLE EPITHELIALE OU MESOTHELIALE,non,
7662,7,INFLAMMATION COMMUNE,76,INFLAMMATION SUBAIGUE ET CHRONIQUE (SAI),62,INFLAMMATION SUBAIGUE ET CHRONIQUE AVEC HYPERPLASIE PAPILLAIRE EPITHELIALE OU MESOTHELIALE,INFLAMMATION SUBAIGUE ET CHRONIQUE AVEC HYPERPLASIE PAPILLAIRE EPITHELIALE OU MESOTHELIALE,non,
7663,7,INFLAMMATION COMMUNE,76,INFLAMMATION SUBAIGUE ET CHRONIQUE (SAI),63,INFLAMMATION SUBAIGUE ET CHRONIQUE AVEC HYPERPLASIE PAPILLOMATEUSE EPITHELIALE OU MESOTHELIALE,INFLAMMATION SUBAIGUE ET CHRONIQUE AVEC HYPERPLASIE PAPILLOMATEUSE EPITHELIALE OU MESOTHELIALE,non,
7665,7,INFLAMMATION COMMUNE,76,INFLAMMATION SUBAIGUE ET CHRONIQUE (SAI),65,INFLAMMATION SUBAIGUE ET CHRONIQUE DES LUMIERES ET CONDUITS,INFLAMMATION SUBAIGUE ET CHRONIQUE DES LUMIERES ET CONDUITS,non,1999 AJOUT
7670,7,INFLAMMATION COMMUNE,76,INFLAMMATION SUBAIGUE ET CHRONIQUE (SAI),70,INFLAMMATION SUBAIGUE ET CHRONIQUE AVEC HYPOPLASIE OU ATROPHIE EPITHELIALE OU MESOTHELIALE,INFLAMMATION SUBAIGUE ET CHRONIQUE AVEC HYPOPLASIE OU ATROPHIE EPITHELIALE OU MESOTHELIALE,non,
7680,7,INFLAMMATION COMMUNE,76,INFLAMMATION SUBAIGUE ET CHRONIQUE (SAI),80,INFLAMMATION CHRONIQUE SUPPUREE (SAI),INFLAMMATION CHRONIQUE SUPPUREE (SAI),oui,
7681,7,INFLAMMATION COMMUNE,76,INFLAMMATION SUBAIGUE ET CHRONIQUE (SAI),81,ABCES CHRONIQUE,ABCES CHRONIQUE,non,
7683,7,INFLAMMATION COMMUNE,76,INFLAMMATION SUBAIGUE ET CHRONIQUE (SAI),83,ABCES ENKYSTE,ABCES ENKYSTE,non,
7685,7,INFLAMMATION COMMUNE,76,INFLAMMATION SUBAIGUE ET CHRONIQUE (SAI),85,PYOSCLEROSE,PYOSCLEROSE,non,
7690,7,INFLAMMATION COMMUNE,76,INFLAMMATION SUBAIGUE ET CHRONIQUE (SAI),90,INFLAMMATION SUBAIGUE ET CHRONIQUE AVEC MODIFICATIONS DIVERSES (SAI),INFLAMMATION SUBAIGUE ET CHRONIQUE AVEC MODIFICATIONS DIVERSES (SAI),oui,
7691,7,INFLAMMATION COMMUNE,76,INFLAMMATION SUBAIGUE ET CHRONIQUE (SAI),91,INFLAMMATION SUBAIGUE ET CHRONIQUE AVEC FISTULE,INFLAMMATION SUBAIGUE ET CHRONIQUE AVEC FISTULE,non,
7692,7,INFLAMMATION COMMUNE,76,INFLAMMATION SUBAIGUE ET CHRONIQUE (SAI),92,INFLAMMATION SUBAIGUE ET CHRONIQUE AVEC FISSURE,INFLAMMATION SUBAIGUE ET CHRONIQUE AVEC FISSURE,non,
7693,7,INFLAMMATION COMMUNE,76,INFLAMMATION SUBAIGUE ET CHRONIQUE (SAI),93,INFLAMMATION SUBAIGUE ET CHRONIQUE AVEC EPANCHEMENT,INFLAMMATION SUBAIGUE ET CHRONIQUE AVEC EPANCHEMENT,non,
7695,7,INFLAMMATION COMMUNE,76,INFLAMMATION SUBAIGUE ET CHRONIQUE (SAI),95,INFLAMMATION SUBAIGUE ET CHRONIQUE AVEC ECTASIE KYSTIQUE DES GLANDES,INFLAMMATION SUBAIGUE ET CHRONIQUE AVEC ECTASIE KYSTIQUE DES GLANDES,non,
7696,7,INFLAMMATION COMMUNE,76,INFLAMMATION SUBAIGUE ET CHRONIQUE (SAI),96,INFLAMMATION SUBAIGUE ET CHRONIQUE AVEC RETENTION LIQUIDIENNE OU BILIAIRE,INFLAMMATION SUBAIGUE ET CHRONIQUE AVEC RETENTION LIQUIDIENNE OU BILIAIRE,non,
7697,7,INFLAMMATION COMMUNE,76,INFLAMMATION SUBAIGUE ET CHRONIQUE (SAI),97,INFLAMMATION SUBAIGUE ET CHRONIQUE AVEC EMPHYSEME,INFLAMMATION SUBAIGUE ET CHRONIQUE AVEC EMPHYSEME,non,
7698,7,INFLAMMATION COMMUNE,76,INFLAMMATION SUBAIGUE ET CHRONIQUE (SAI),98,INFLAMMATION SUBAIGUE ET CHRONIQUE AVEC INCLUSIONS CELLULAIRES (SAI) FIBROSE INFLAMMATOIRE,INFLAMMATION SUBAIGUE ET CHRONIQUE AVEC INCLUSIONS CELLULAIRES (SAI) FIBROSE INFLAMMATOIRE,oui,
7700,7,INFLAMMATION COMMUNE,77,FIBROSE D'ORIGINE INFLAMMATOIRE (SAI),00,FIBROSE D'ORIGINE INFLAMMATOIRE (SAI),FIBROSE D'ORIGINE INFLAMMATOIRE (SAI),oui,
7710,7,INFLAMMATION COMMUNE,77,FIBROSE D'ORIGINE INFLAMMATOIRE (SAI),10,FIBROSE DES SEREUSES - SERITE - PACHYSERITE (SAI),FIBROSE DES SEREUSES - SERITE - PACHYSERITE (SAI),oui,
7711,7,INFLAMMATION COMMUNE,77,FIBROSE D'ORIGINE INFLAMMATOIRE (SAI),11,FIBROSE DES SEREUSES AVEC BRIDE,FIBROSE DES SEREUSES AVEC BRIDE,non,
7712,7,INFLAMMATION COMMUNE,77,FIBROSE D'ORIGINE INFLAMMATOIRE (SAI),12,FIBROSE LOCALISEE DES SEREUSES OU EN PLAQUE - PACHYSERITE EN PLAQUE,FIBROSE LOCALISEE DES SEREUSES OU EN PLAQUE - PACHYSERITE EN PLAQUE,non,
7714,7,INFLAMMATION COMMUNE,77,FIBROSE D'ORIGINE INFLAMMATOIRE (SAI),14,FIBROSE SYMPHYSAIRE DES SEREUSES - SYMPHYSE CICATRICIELLE DES SEREUSES,FIBROSE SYMPHYSAIRE DES SEREUSES - SYMPHYSE CICATRICIELLE DES SEREUSES,non,
7716,7,INFLAMMATION COMMUNE,77,FIBROSE D'ORIGINE INFLAMMATOIRE (SAI),16,FIBROSE CLOISONNEE DES SEREUSES - PACHYSERITE CLOISONNEE,FIBROSE CLOISONNEE DES SEREUSES - PACHYSERITE CLOISONNEE,non,
7718,7,INFLAMMATION COMMUNE,77,FIBROSE D'ORIGINE INFLAMMATOIRE (SAI),18,FIBROSE DIFFUSE DES SEREUSES - PACHYSERITE,FIBROSE DIFFUSE DES SEREUSES - PACHYSERITE,non,
7719,7,INFLAMMATION COMMUNE,77,FIBROSE D'ORIGINE INFLAMMATOIRE (SAI),19,FIBROSE CALCIFIEE DES SEREUSES- PACHYSERITE CALCIFIEE - OS DE SEICHE,FIBROSE CALCIFIEE DES SEREUSES- PACHYSERITE CALCIFIEE - OS DE SEICHE,non,
7720,7,INFLAMMATION COMMUNE,77,FIBROSE D'ORIGINE INFLAMMATOIRE (SAI),20,FIBROSE DES ENVELOPPES - PERIVISCERITE (SAI),FIBROSE DES ENVELOPPES - PERIVISCERITE (SAI),oui,
7721,7,INFLAMMATION COMMUNE,77,FIBROSE D'ORIGINE INFLAMMATOIRE (SAI),21,FIBROSE LOCALISEE DES ENVELOPPES - PERIVISCERITE EN PLAQUE,FIBROSE LOCALISEE DES ENVELOPPES - PERIVISCERITE EN PLAQUE,non,
7722,7,INFLAMMATION COMMUNE,77,FIBROSE D'ORIGINE INFLAMMATOIRE (SAI),22,FIBROSE LOCALISEE OU EN PLAQUE CALCIFIEE DES ENVELOPPES,FIBROSE LOCALISEE OU EN PLAQUE CALCIFIEE DES ENVELOPPES,non,
7723,7,INFLAMMATION COMMUNE,77,FIBROSE D'ORIGINE INFLAMMATOIRE (SAI),23,FIBROSE DIFFUSE DES ENVELOPPES - PERIVISCERITE,FIBROSE DIFFUSE DES ENVELOPPES - PERIVISCERITE,non,
7725,7,INFLAMMATION COMMUNE,77,FIBROSE D'ORIGINE INFLAMMATOIRE (SAI),25,FIBROSE CALCIFIEE DIFFUSE DES ENVELOPPES- PERIVISCERITE CALCIFIEE,FIBROSE CALCIFIEE DIFFUSE DES ENVELOPPES- PERIVISCERITE CALCIFIEE,non,
7730,7,INFLAMMATION COMMUNE,77,FIBROSE D'ORIGINE INFLAMMATOIRE (SAI),30,FIBROSE VISCERALE SYSTEMATISEE (SAI),FIBROSE VISCERALE SYSTEMATISEE (SAI),oui,
7731,7,INFLAMMATION COMMUNE,77,FIBROSE D'ORIGINE INFLAMMATOIRE (SAI),31,FIBROSE VISCERALE SYSTEMATISEE LOCALISEE,FIBROSE VISCERALE SYSTEMATISEE LOCALISEE,non,
7732,7,INFLAMMATION COMMUNE,77,FIBROSE D'ORIGINE INFLAMMATOIRE (SAI),32,FIBROSE VISCERALE SYSTEMATISEE DISSEMINEE,FIBROSE VISCERALE SYSTEMATISEE DISSEMINEE,non,
7733,7,INFLAMMATION COMMUNE,77,FIBROSE D'ORIGINE INFLAMMATOIRE (SAI),33,FIBROSE VISCERALE SYSTEMATISEE DIFFUSE (SAI),FIBROSE VISCERALE SYSTEMATISEE DIFFUSE (SAI),oui,
7734,7,INFLAMMATION COMMUNE,77,FIBROSE D'ORIGINE INFLAMMATOIRE (SAI),34,FIBROSE VISCERALE SYSTEMATISEE DIFFUSE PRIMITIVE,FIBROSE VISCERALE SYSTEMATISEE DIFFUSE PRIMITIVE,non,
7735,7,INFLAMMATION COMMUNE,77,FIBROSE D'ORIGINE INFLAMMATOIRE (SAI),35,FIBROSE VISCERALE SYSTEMATISEE DIFFUSE SECONDAIRE,FIBROSE VISCERALE SYSTEMATISEE DIFFUSE SECONDAIRE,non,
7739,7,INFLAMMATION COMMUNE,77,FIBROSE D'ORIGINE INFLAMMATOIRE (SAI),39,FIBROSE VISCERALE SYSTEMATISEE DES MEMBRANES BASALES EPITHELIALES ET DU CONJONCTIF SOUS EPITHELIAL,FIBROSE VISCERALE SYSTEMATISEE DES MEMBRANES BASALES EPITHELIALES ET DU CONJONCTIF SOUS EPITHELIAL,non,
7750,7,INFLAMMATION COMMUNE,77,FIBROSE D'ORIGINE INFLAMMATOIRE (SAI),50,FIBROSE VISCERALE MUTILANTE (SAI),FIBROSE VISCERALE MUTILANTE (SAI),oui,
7751,7,INFLAMMATION COMMUNE,77,FIBROSE D'ORIGINE INFLAMMATOIRE (SAI),51,FIBROSE VISCERALE MUTILANTE LOCALISEE,FIBROSE VISCERALE MUTILANTE LOCALISEE,non,
7752,7,INFLAMMATION COMMUNE,77,FIBROSE D'ORIGINE INFLAMMATOIRE (SAI),52,FIBROSE VISCERALE MUTILANTE DISSEMINEE,FIBROSE VISCERALE MUTILANTE DISSEMINEE,non,
7753,7,INFLAMMATION COMMUNE,77,FIBROSE D'ORIGINE INFLAMMATOIRE (SAI),53,FIBROSE VISCERALE MUTILANTE ANNULAIRE MICRONODULAIRE,FIBROSE VISCERALE MUTILANTE ANNULAIRE MICRONODULAIRE,non,
7754,7,INFLAMMATION COMMUNE,77,FIBROSE D'ORIGINE INFLAMMATOIRE (SAI),54,FIBROSE VISCERALE MUTILANTE ANNULAIRE MACRONODULAIRE,FIBROSE VISCERALE MUTILANTE ANNULAIRE MACRONODULAIRE,non,
7755,7,INFLAMMATION COMMUNE,77,FIBROSE D'ORIGINE INFLAMMATOIRE (SAI),55,FIBROSE VISCERALE MUTILANTE ANNULAIRE IRREGULIERE MICRO ET MACRONODULAIRE,FIBROSE VISCERALE MUTILANTE ANNULAIRE IRREGULIERE MICRO ET MACRONODULAIRE,non,
7756,7,INFLAMMATION COMMUNE,77,FIBROSE D'ORIGINE INFLAMMATOIRE (SAI),56,FIBROSE VISCERALE MUTILANTE ANNULAIRE A NODULES GEANTS,FIBROSE VISCERALE MUTILANTE ANNULAIRE A NODULES GEANTS,non,
7757,7,INFLAMMATION COMMUNE,77,FIBROSE D'ORIGINE INFLAMMATOIRE (SAI),57,FIBROSE VISCERALE MUTILANTE ANNULAIRE AVEC ASPECTS PARTICULIERS,FIBROSE VISCERALE MUTILANTE ANNULAIRE AVEC ASPECTS PARTICULIERS,non,1998 AJOUT
7761,7,INFLAMMATION COMMUNE,77,FIBROSE D'ORIGINE INFLAMMATOIRE (SAI),61,FIBROSE VISCERALE MUTILANTE AVEC CHOLESTASE (SAI),FIBROSE VISCERALE MUTILANTE AVEC CHOLESTASE (SAI),oui,
7762,7,INFLAMMATION COMMUNE,77,FIBROSE D'ORIGINE INFLAMMATOIRE (SAI),62,FIBROSE VISCERALE MUTILANTE AVEC CHOLESTASE PRIMITIVE,FIBROSE VISCERALE MUTILANTE AVEC CHOLESTASE PRIMITIVE,non,
7763,7,INFLAMMATION COMMUNE,77,FIBROSE D'ORIGINE INFLAMMATOIRE (SAI),63,FIBROSE VISCERALE MUTILANTE AVEC CHOLESTASE SECONDAIRE,FIBROSE VISCERALE MUTILANTE AVEC CHOLESTASE SECONDAIRE,non,
7767,7,INFLAMMATION COMMUNE,77,FIBROSE D'ORIGINE INFLAMMATOIRE (SAI),67,FIBROSE VISCERALE MUTILANTE ZONALE,FIBROSE VISCERALE MUTILANTE ZONALE,non,
7769,7,INFLAMMATION COMMUNE,77,FIBROSE D'ORIGINE INFLAMMATOIRE (SAI),69,FIBROSE VISCERALE MUTILANTE CONFLUENTE OU MASSIVE,FIBROSE VISCERALE MUTILANTE CONFLUENTE OU MASSIVE,non,
7771,7,INFLAMMATION COMMUNE,77,FIBROSE D'ORIGINE INFLAMMATOIRE (SAI),71,FIBROSE VISCERALE MUTILANTE ACTIVE OU EVOLUTIVE,FIBROSE VISCERALE MUTILANTE ACTIVE OU EVOLUTIVE,non,
7772,7,INFLAMMATION COMMUNE,77,FIBROSE D'ORIGINE INFLAMMATOIRE (SAI),72,FIBROSE VISCERALE MUTILANTE INERTE OU STABILISEE,FIBROSE VISCERALE MUTILANTE INERTE OU STABILISEE,non,
7774,7,INFLAMMATION COMMUNE,77,FIBROSE D'ORIGINE INFLAMMATOIRE (SAI),74,FIBROSE VISCERALE MUTILANTE CONGENITALE,FIBROSE VISCERALE MUTILANTE CONGENITALE,non,1992 AJOUT
7780,7,INFLAMMATION COMMUNE,77,FIBROSE D'ORIGINE INFLAMMATOIRE (SAI),80,FIBROSE INFLAMMATOIRE DIVERSE (NCA),FIBROSE INFLAMMATOIRE DIVERSE (NCA),non,
7781,7,INFLAMMATION COMMUNE,77,FIBROSE D'ORIGINE INFLAMMATOIRE (SAI),81,FIBROHYALINOSE,FIBROHYALINOSE,non,
7783,7,INFLAMMATION COMMUNE,77,FIBROSE D'ORIGINE INFLAMMATOIRE (SAI),83,FIBROSE CALCIFIANTE,FIBROSE CALCIFIANTE,non,
7784,7,INFLAMMATION COMMUNE,77,FIBROSE D'ORIGINE INFLAMMATOIRE (SAI),84,FIBROSE ELASTIGENE,FIBROSE ELASTIGENE,non,
7786,7,INFLAMMATION COMMUNE,77,FIBROSE D'ORIGINE INFLAMMATOIRE (SAI),86,FIBROSE MYOGENE,FIBROSE MYOGENE,non,
7787,7,INFLAMMATION COMMUNE,77,FIBROSE D'ORIGINE INFLAMMATOIRE (SAI),87,FIBROSE INFLAMMATOIRE DES LUMIERES ET CONDUITS CICATRICES,FIBROSE INFLAMMATOIRE DES LUMIERES ET CONDUITS CICATRICES,non,1999 AJOUT
7800,7,INFLAMMATION COMMUNE,78,CICATRICE (SAI),00,CICATRICE (SAI),CICATRICE (SAI),oui,
7810,7,INFLAMMATION COMMUNE,78,CICATRICE (SAI),10,CHELOIDE,CHELOIDE,non,
7820,7,INFLAMMATION COMMUNE,78,CICATRICE (SAI),20,CICATRICE ATROPHIQUE,CICATRICE ATROPHIQUE,non,
7830,7,INFLAMMATION COMMUNE,78,CICATRICE (SAI),30,CICATRICE HYPERTROPHIQUE,CICATRICE HYPERTROPHIQUE,non,
7840,7,INFLAMMATION COMMUNE,78,CICATRICE (SAI),40,CICATRICE RETRACTILE,CICATRICE RETRACTILE,non,
7850,7,INFLAMMATION COMMUNE,78,CICATRICE (SAI),50,STENOSE CICATRICIELLE,STENOSE CICATRICIELLE,non,
7860,7,INFLAMMATION COMMUNE,78,CICATRICE (SAI),60,CICATRICE CALCIFIEE (SAI),CICATRICE CALCIFIEE (SAI),oui,
7870,7,INFLAMMATION COMMUNE,78,CICATRICE (SAI),70,CICATRICE METAPLASIQUE (SAI),CICATRICE METAPLASIQUE (SAI),oui,
7871,7,INFLAMMATION COMMUNE,78,CICATRICE (SAI),71,CICATRICE AVEC METAPLASIE CHONDROIDE,CICATRICE AVEC METAPLASIE CHONDROIDE,non,
7873,7,INFLAMMATION COMMUNE,78,CICATRICE (SAI),73,CICATRICE OSSIFIEE,CICATRICE OSSIFIEE,non,
7880,7,INFLAMMATION COMMUNE,78,CICATRICE (SAI),80,CICATRICE D'ORIGINE CHIRURGICALE (SAI),CICATRICE D'ORIGINE CHIRURGICALE (SAI),oui,
7881,7,INFLAMMATION COMMUNE,78,CICATRICE (SAI),81,CICATRICE DES PRELEVEMENTS BIOPSIQUES (SAI) AUTRES INFLAMMATIONS,CICATRICE DES PRELEVEMENTS BIOPSIQUES (SAI) AUTRES INFLAMMATIONS,oui,
7900,7,INFLAMMATION COMMUNE,79,INFLAMMATION DE NATURE INCERTAINE (SAI),00,INFLAMMATION DE NATURE INCERTAINE (SAI),INFLAMMATION DE NATURE INCERTAINE (SAI),oui,1997 AJOUT
7910,7,INFLAMMATION COMMUNE,79,INFLAMMATION DE NATURE INCERTAINE (SAI),10,RECTOCOLITE HEMORRAGIQUE (SAI),RECTOCOLITE HEMORRAGIQUE (SAI),oui,1997 AJOUT
7911,7,INFLAMMATION COMMUNE,79,INFLAMMATION DE NATURE INCERTAINE (SAI),11,RECTOCOLITE HEMORRAGIQUE MINEURE ET/OU INCERTAINE,RECTOCOLITE HEMORRAGIQUE MINEURE ET/OU INCERTAINE,non,1997 AJOUT
7912,7,INFLAMMATION COMMUNE,79,INFLAMMATION DE NATURE INCERTAINE (SAI),12,RECTOCOLITE HEMORRAGIQUE QUIESCENTE ET/OU EN REMISSION,RECTOCOLITE HEMORRAGIQUE QUIESCENTE ET/OU EN REMISSION,non,1997 AJOUT
7913,7,INFLAMMATION COMMUNE,79,INFLAMMATION DE NATURE INCERTAINE (SAI),13,RECTOCOLITE HEMORRAGIQUE TYPIQUE,RECTOCOLITE HEMORRAGIQUE TYPIQUE,non,1997 AJOUT
7914,7,INFLAMMATION COMMUNE,79,INFLAMMATION DE NATURE INCERTAINE (SAI),14,RECTOCOLITE HEMORRAGIQUE AVEC PSEUDO-POLYPES,RECTOCOLITE HEMORRAGIQUE AVEC PSEUDO-POLYPES,non,1997 AJOUT
7915,7,INFLAMMATION COMMUNE,79,INFLAMMATION DE NATURE INCERTAINE (SAI),15,RECTOCOLITE HEMORRAGIQUE EN POUSSEE,RECTOCOLITE HEMORRAGIQUE EN POUSSEE,non,1997 AJOUT
7916,7,INFLAMMATION COMMUNE,79,INFLAMMATION DE NATURE INCERTAINE (SAI),16,RECTOCOLITE HEMORRAGIQUE CICATRISEE 8 - INFLAMMATION PARTICULIERE INFLAMMATION BACTERIENNE,RECTOCOLITE HEMORRAGIQUE CICATRISEE 8 - INFLAMMATION PARTICULIERE INFLAMMATION BACTERIENNE,non,1997 AJOUT
8000,8,INFLAMMATION PARTICULIERE,80,INFLAMMATION BACTERIENNE (SAI),00,INFLAMMATION BACTERIENNE (SAI),INFLAMMATION BACTERIENNE (SAI),oui,
8002,8,INFLAMMATION PARTICULIERE,80,INFLAMMATION BACTERIENNE (SAI),02,SEPTICEMIE - SEPSIS - ETAT SEPTIQUE,SEPTICEMIE - SEPSIS - ETAT SEPTIQUE,non,1992 AJOUT
8004,8,INFLAMMATION PARTICULIERE,80,INFLAMMATION BACTERIENNE (SAI),04,SEPTICOPYOHEMIE,SEPTICOPYOHEMIE,non,1992 AJOUT
8010,8,INFLAMMATION PARTICULIERE,80,INFLAMMATION BACTERIENNE (SAI),10,COCCI A GRAM POSITIF (SAI),COCCI A GRAM POSITIF (SAI),oui,
8011,8,INFLAMMATION PARTICULIERE,80,INFLAMMATION BACTERIENNE (SAI),11,PNEUMOCOQUE,PNEUMOCOQUE,non,
8013,8,INFLAMMATION PARTICULIERE,80,INFLAMMATION BACTERIENNE (SAI),13,STAPHYLOCOQUE (SAI),STAPHYLOCOQUE (SAI),oui,
8015,8,INFLAMMATION PARTICULIERE,80,INFLAMMATION BACTERIENNE (SAI),15,STREPTOCOQUE (SAI),STREPTOCOQUE (SAI),oui,
8016,8,INFLAMMATION PARTICULIERE,80,INFLAMMATION BACTERIENNE (SAI),16,STREPTOCOQUE DU GROUPE A BETA HEMOLYTIQUE,STREPTOCOQUE DU GROUPE A BETA HEMOLYTIQUE,non,
8017,8,INFLAMMATION PARTICULIERE,80,INFLAMMATION BACTERIENNE (SAI),17,ENTEROCOQUE - STREPTOCOQUE DU GROUPE D,ENTEROCOQUE - STREPTOCOQUE DU GROUPE D,non,
8020,8,INFLAMMATION PARTICULIERE,80,INFLAMMATION BACTERIENNE (SAI),20,COCCI A GRAM NEGATIF,COCCI A GRAM NEGATIF,non,
8021,8,INFLAMMATION PARTICULIERE,80,INFLAMMATION BACTERIENNE (SAI),21,GONOCOQUE,GONOCOQUE,non,
8023,8,INFLAMMATION PARTICULIERE,80,INFLAMMATION BACTERIENNE (SAI),23,MENINGOCOQUE,MENINGOCOQUE,non,
8030,8,INFLAMMATION PARTICULIERE,80,INFLAMMATION BACTERIENNE (SAI),30,ENTEROBACTERIE (SAI),ENTEROBACTERIE (SAI),oui,
8031,8,INFLAMMATION PARTICULIERE,80,INFLAMMATION BACTERIENNE (SAI),31,ESCHERICHIA COLI,ESCHERICHIA COLI,non,
8032,8,INFLAMMATION PARTICULIERE,80,INFLAMMATION BACTERIENNE (SAI),32,SALMONELLA TYPHI - TYPHOIDE,SALMONELLA TYPHI - TYPHOIDE,non,
8033,8,INFLAMMATION PARTICULIERE,80,INFLAMMATION BACTERIENNE (SAI),33,SALMONELLA PARATYPHI,SALMONELLA PARATYPHI,non,
8035,8,INFLAMMATION PARTICULIERE,80,INFLAMMATION BACTERIENNE (SAI),35,SHIGELLA - DYSENTERIE BACILLAIRE,SHIGELLA - DYSENTERIE BACILLAIRE,non,
8036,8,INFLAMMATION PARTICULIERE,80,INFLAMMATION BACTERIENNE (SAI),36,HELICOBACTER - CAMPYLOBACTER,HELICOBACTER - CAMPYLOBACTER,non,
8040,8,INFLAMMATION PARTICULIERE,80,INFLAMMATION BACTERIENNE (SAI),40,BACILLE A GRAM NEGATIF (NCA),BACILLE A GRAM NEGATIF (NCA),non,
8041,8,INFLAMMATION PARTICULIERE,80,INFLAMMATION BACTERIENNE (SAI),41,HEMOPHILUS DUCREYI (CHANCRE MOU),HEMOPHILUS DUCREYI (CHANCRE MOU),non,
8043,8,INFLAMMATION PARTICULIERE,80,INFLAMMATION BACTERIENNE (SAI),43,HEMOPHILUS INFLUENZAE,HEMOPHILUS INFLUENZAE,non,
8045,8,INFLAMMATION PARTICULIERE,80,INFLAMMATION BACTERIENNE (SAI),45,KLEBSIELLA OZONAE - OZENE,KLEBSIELLA OZONAE - OZENE,non,
8046,8,INFLAMMATION PARTICULIERE,80,INFLAMMATION BACTERIENNE (SAI),46,KLEBSIELLA PNEUMONIAE (FRIEDLANDER),KLEBSIELLA PNEUMONIAE (FRIEDLANDER),non,
8047,8,INFLAMMATION PARTICULIERE,80,INFLAMMATION BACTERIENNE (SAI),47,KLEBSIELLA RHINOSCLEROMATIS - RHINOSCLEROME,KLEBSIELLA RHINOSCLEROMATIS - RHINOSCLEROME,non,
8051,8,INFLAMMATION PARTICULIERE,80,INFLAMMATION BACTERIENNE (SAI),51,LEGIONELLA,LEGIONELLA,non,
8052,8,INFLAMMATION PARTICULIERE,80,INFLAMMATION BACTERIENNE (SAI),52,BARTONELLA,BARTONELLA,non,2009 AJOUT
8053,8,INFLAMMATION PARTICULIERE,80,INFLAMMATION BACTERIENNE (SAI),53,PROTEUS,PROTEUS,non,
8055,8,INFLAMMATION PARTICULIERE,80,INFLAMMATION BACTERIENNE (SAI),55,PSEUDOMONAS AERUGINOSA - PYOCYANIQUE,PSEUDOMONAS AERUGINOSA - PYOCYANIQUE,non,
8057,8,INFLAMMATION PARTICULIERE,80,INFLAMMATION BACTERIENNE (SAI),57,VIBRION CHOLERIQUE,VIBRION CHOLERIQUE,non,
8060,8,INFLAMMATION PARTICULIERE,80,INFLAMMATION BACTERIENNE (SAI),60,BACILLE A GRAM POSITIF (SAI),BACILLE A GRAM POSITIF (SAI),oui,
8061,8,INFLAMMATION PARTICULIERE,80,INFLAMMATION BACTERIENNE (SAI),61,BACILLUS ANTHRACOSIS - CHARBON,BACILLUS ANTHRACOSIS - CHARBON,non,
8063,8,INFLAMMATION PARTICULIERE,80,INFLAMMATION BACTERIENNE (SAI),63,CORYNEBACTERIE - DIPHTERIE,CORYNEBACTERIE - DIPHTERIE,non,
8065,8,INFLAMMATION PARTICULIERE,80,INFLAMMATION BACTERIENNE (SAI),65,ERISYPELOTHRIX INSIDIOSA - ROUGET DU PORC,ERISYPELOTHRIX INSIDIOSA - ROUGET DU PORC,non,
8067,8,INFLAMMATION PARTICULIERE,80,INFLAMMATION BACTERIENNE (SAI),67,LISTERIA - LISTERIOSE,LISTERIA - LISTERIOSE,non,
8070,8,INFLAMMATION PARTICULIERE,80,INFLAMMATION BACTERIENNE (SAI),70,BACTERIE ANAEROBIE (SAI),BACTERIE ANAEROBIE (SAI),oui,
8071,8,INFLAMMATION PARTICULIERE,80,INFLAMMATION BACTERIENNE (SAI),71,CLOSTRIDIUM BOTULINUM - BOTULISME,CLOSTRIDIUM BOTULINUM - BOTULISME,non,
8072,8,INFLAMMATION PARTICULIERE,80,INFLAMMATION BACTERIENNE (SAI),72,CLOSTRIDIUM TETANI - TETANOS,CLOSTRIDIUM TETANI - TETANOS,non,
8073,8,INFLAMMATION PARTICULIERE,80,INFLAMMATION BACTERIENNE (SAI),73,CLOSTRIDIUM WELCHI (PERFRINGENS),CLOSTRIDIUM WELCHI (PERFRINGENS),non,
8074,8,INFLAMMATION PARTICULIERE,80,INFLAMMATION BACTERIENNE (SAI),74,CLOSTRIDIUM TELLURIQUE (NCA),CLOSTRIDIUM TELLURIQUE (NCA),non,
8080,8,INFLAMMATION PARTICULIERE,80,INFLAMMATION BACTERIENNE (SAI),80,CHLAMYDIACES,CHLAMYDIACES,non,
8081,8,INFLAMMATION PARTICULIERE,80,INFLAMMATION BACTERIENNE (SAI),81,ORNITHOSE - PSITTACOSE,ORNITHOSE - PSITTACOSE,non,
8082,8,INFLAMMATION PARTICULIERE,80,INFLAMMATION BACTERIENNE (SAI),82,CHLAMYDIA TRACHOMATIS - TRACHOME,CHLAMYDIA TRACHOMATIS - TRACHOME,non,
8084,8,INFLAMMATION PARTICULIERE,80,INFLAMMATION BACTERIENNE (SAI),84,INFLAMMATION A INCLUSION DES MUQUEUSES OCULAIRES ET GENITALES INFLAMMATION PAR AGENTS DIVERS,INFLAMMATION A INCLUSION DES MUQUEUSES OCULAIRES ET GENITALES INFLAMMATION PAR AGENTS DIVERS,non,
8090,8,INFLAMMATION PARTICULIERE,80,INFLAMMATION BACTERIENNE (SAI),90,INFLAMMATION PAR DES AGENTS DIVERS (SAI),INFLAMMATION PAR DES AGENTS DIVERS (SAI),oui,
8092,8,INFLAMMATION PARTICULIERE,80,INFLAMMATION BACTERIENNE (SAI),92,MALACOPLAKIE,MALACOPLAKIE,non,
8093,8,INFLAMMATION PARTICULIERE,80,INFLAMMATION BACTERIENNE (SAI),93,MYCOPLASME,MYCOPLASME,non,
8095,8,INFLAMMATION PARTICULIERE,80,INFLAMMATION BACTERIENNE (SAI),95,RICKETTSIOSE,RICKETTSIOSE,non,
8097,8,INFLAMMATION PARTICULIERE,80,INFLAMMATION BACTERIENNE (SAI),97,WHIPPLE : MALADIE DE,WHIPPLE : MALADIE DE,non,
8100,8,INFLAMMATION PARTICULIERE,81,SPIROCHETOSE (SAI),00,SPIROCHETOSE (SAI),SPIROCHETOSE (SAI),oui,
8110,8,INFLAMMATION PARTICULIERE,81,SPIROCHETOSE (SAI),10,SYPHILIS (SAI),SYPHILIS (SAI),oui,
8111,8,INFLAMMATION PARTICULIERE,81,SPIROCHETOSE (SAI),11,CHANCRE SYPHILITIQUE PRIMAIRE,CHANCRE SYPHILITIQUE PRIMAIRE,non,
8112,8,INFLAMMATION PARTICULIERE,81,SPIROCHETOSE (SAI),12,SYPHILIS SECONDAIRE - SYPHILIDE,SYPHILIS SECONDAIRE - SYPHILIDE,non,
8113,8,INFLAMMATION PARTICULIERE,81,SPIROCHETOSE (SAI),13,SYPHILIS FOLLICULAIRE EPITHELIOIDE - SYPHILOME,SYPHILIS FOLLICULAIRE EPITHELIOIDE - SYPHILOME,non,
8115,8,INFLAMMATION PARTICULIERE,81,SPIROCHETOSE (SAI),15,SYPHILIS SCLERO-GOMMEUSE,SYPHILIS SCLERO-GOMMEUSE,non,
8116,8,INFLAMMATION PARTICULIERE,81,SPIROCHETOSE (SAI),16,PARALYSIE GENERALE,PARALYSIE GENERALE,non,
8117,8,INFLAMMATION PARTICULIERE,81,SPIROCHETOSE (SAI),17,TABES,TABES,non,
8118,8,INFLAMMATION PARTICULIERE,81,SPIROCHETOSE (SAI),18,SYPHILIS CONGENITALE,SYPHILIS CONGENITALE,non,
8120,8,INFLAMMATION PARTICULIERE,81,SPIROCHETOSE (SAI),20,TREPONEMATOSE NON CODEE PAR AILLEURS,TREPONEMATOSE NON CODEE PAR AILLEURS,non,
8121,8,INFLAMMATION PARTICULIERE,81,SPIROCHETOSE (SAI),21,PINTA,PINTA,non,
8123,8,INFLAMMATION PARTICULIERE,81,SPIROCHETOSE (SAI),23,PIAN,PIAN,non,
8125,8,INFLAMMATION PARTICULIERE,81,SPIROCHETOSE (SAI),25,SYPHILIS NON VENERIENNE (BEJEL),SYPHILIS NON VENERIENNE (BEJEL),non,
8127,8,INFLAMMATION PARTICULIERE,81,SPIROCHETOSE (SAI),27,GASTROSPIRILLUM PYLORI,GASTROSPIRILLUM PYLORI,non,
8130,8,INFLAMMATION PARTICULIERE,81,SPIROCHETOSE (SAI),30,LEPTOSPIROSE,LEPTOSPIROSE,non,
8140,8,INFLAMMATION PARTICULIERE,81,SPIROCHETOSE (SAI),40,BORRELIOSE,BORRELIOSE,non,
8150,8,INFLAMMATION PARTICULIERE,81,SPIROCHETOSE (SAI),50,ULCERE TROPICAL PHAGEDENIQUE TUBERCULOSE ET AUTRES INFLAMMATIONS EPITHELIOIDES,ULCERE TROPICAL PHAGEDENIQUE TUBERCULOSE ET AUTRES INFLAMMATIONS EPITHELIOIDES,non,
8200,8,INFLAMMATION PARTICULIERE,82,TUBERCULOSE (SAI),00,TUBERCULOSE (SAI),TUBERCULOSE (SAI),oui,
8201,8,INFLAMMATION PARTICULIERE,82,TUBERCULOSE (SAI),01,TUBERCULOSE AIGUE DE LANDOUZY,TUBERCULOSE AIGUE DE LANDOUZY,non,1998 AJOUT
8210,8,INFLAMMATION PARTICULIERE,82,TUBERCULOSE (SAI),10,TUBERCULOSE EXSUDATIVE,TUBERCULOSE EXSUDATIVE,non,
8211,8,INFLAMMATION PARTICULIERE,82,TUBERCULOSE (SAI),11,TUBERCULOSE EXSUDATIVE AVEC EPANCHEMENT,TUBERCULOSE EXSUDATIVE AVEC EPANCHEMENT,non,
8220,8,INFLAMMATION PARTICULIERE,82,TUBERCULOSE (SAI),20,TUBERCULOSE CASEEUSE,TUBERCULOSE CASEEUSE,non,
8222,8,INFLAMMATION PARTICULIERE,82,TUBERCULOSE (SAI),22,TUBERCULOSE CASEEUSE INFILTRATIVE,TUBERCULOSE CASEEUSE INFILTRATIVE,non,
8224,8,INFLAMMATION PARTICULIERE,82,TUBERCULOSE (SAI),24,TUBERCULOSE CASEEUSE NODULAIRE (MILIAIRE EXCEPTEE),TUBERCULOSE CASEEUSE NODULAIRE (MILIAIRE EXCEPTEE),non,
8230,8,INFLAMMATION PARTICULIERE,82,TUBERCULOSE (SAI),30,TUBERCULOSE FOLLICULAIRE SANS CASEUM,TUBERCULOSE FOLLICULAIRE SANS CASEUM,non,
8240,8,INFLAMMATION PARTICULIERE,82,TUBERCULOSE (SAI),40,TUBERCULOSE CASEEUSE ET FOLLICULAIRE,TUBERCULOSE CASEEUSE ET FOLLICULAIRE,non,
8250,8,INFLAMMATION PARTICULIERE,82,TUBERCULOSE (SAI),50,TUBERCULOSE FIBROCASEEUSE ET FIBROCASEOCRETACEE,TUBERCULOSE FIBROCASEEUSE ET FIBROCASEOCRETACEE,non,
8260,8,INFLAMMATION PARTICULIERE,82,TUBERCULOSE (SAI),60,TUBERCULOSE MILIAIRE - GRANULATION TUBERCULEUSE,TUBERCULOSE MILIAIRE - GRANULATION TUBERCULEUSE,non,
8270,8,INFLAMMATION PARTICULIERE,82,TUBERCULOSE (SAI),70,CAVERNE TUBERCULEUSE,CAVERNE TUBERCULEUSE,non,
8272,8,INFLAMMATION PARTICULIERE,82,TUBERCULOSE (SAI),72,CAVERNE TUBERCULEUSE DETERGEE,CAVERNE TUBERCULEUSE DETERGEE,non,
8280,8,INFLAMMATION PARTICULIERE,82,TUBERCULOSE (SAI),80,FORME EVOLUTIVE DE LA TUBERCULOSE NON CODEE PAR AILLEURS,FORME EVOLUTIVE DE LA TUBERCULOSE NON CODEE PAR AILLEURS,non,
8281,8,INFLAMMATION PARTICULIERE,82,TUBERCULOSE (SAI),81,TUBERCULOSE ABCEDEE - ABCES FROID,TUBERCULOSE ABCEDEE - ABCES FROID,non,
8282,8,INFLAMMATION PARTICULIERE,82,TUBERCULOSE (SAI),82,TUBERCULIDE,TUBERCULIDE,non,
8283,8,INFLAMMATION PARTICULIERE,82,TUBERCULOSE (SAI),83,FISTULE TUBERCULEUSE,FISTULE TUBERCULEUSE,non,
8284,8,INFLAMMATION PARTICULIERE,82,TUBERCULOSE (SAI),84,BCGITE,BCGITE,non,
8285,8,INFLAMMATION PARTICULIERE,82,TUBERCULOSE (SAI),85,ULCERATION TUBERCULEUSE,ULCERATION TUBERCULEUSE,non,
8286,8,INFLAMMATION PARTICULIERE,82,TUBERCULOSE (SAI),86,LUPUS TUBERCULEUX,LUPUS TUBERCULEUX,non,
8287,8,INFLAMMATION PARTICULIERE,82,TUBERCULOSE (SAI),87,TUBERCULOSE HYPERTROPHIQUE PSEUDOTUMORALE,TUBERCULOSE HYPERTROPHIQUE PSEUDOTUMORALE,non,
8289,8,INFLAMMATION PARTICULIERE,82,TUBERCULOSE (SAI),89,TUBERCULOME,TUBERCULOME,non,
8290,8,INFLAMMATION PARTICULIERE,82,TUBERCULOSE (SAI),90,TUBERCULOSE SEQUELLAIRE (SAI),TUBERCULOSE SEQUELLAIRE (SAI),oui,
8292,8,INFLAMMATION PARTICULIERE,82,TUBERCULOSE (SAI),92,PYOSCLEROSE TUBERCULEUSE - POCHE MASTIC TUBERCULEUSE,PYOSCLEROSE TUBERCULEUSE - POCHE MASTIC TUBERCULEUSE,non,
8294,8,INFLAMMATION PARTICULIERE,82,TUBERCULOSE (SAI),94,STENOSE TUBERCULEUSE,STENOSE TUBERCULEUSE,non,
8296,8,INFLAMMATION PARTICULIERE,82,TUBERCULOSE (SAI),96,SYMPHYSE TUBERCULEUSE,SYMPHYSE TUBERCULEUSE,non,
8298,8,INFLAMMATION PARTICULIERE,82,TUBERCULOSE (SAI),98,TUBERCULOSE TRAITEE,TUBERCULOSE TRAITEE,non,
8300,8,INFLAMMATION PARTICULIERE,83,INFLAMMATION GRANULOMATEUSE EPITHELIOIDE (ET/OU) FOLLICULAIRE NON TUBERCULEUSE (SAI),00,INFLAMMATION GRANULOMATEUSE EPITHELIOIDE (ET/OU) FOLLICULAIRE NON TUBERCULEUSE (SAI),INFLAMMATION GRANULOMATEUSE EPITHELIOIDE (ET/OU) FOLLICULAIRE NON TUBERCULEUSE (SAI),oui,
8310,8,INFLAMMATION PARTICULIERE,83,INFLAMMATION GRANULOMATEUSE EPITHELIOIDE (ET/OU) FOLLICULAIRE NON TUBERCULEUSE (SAI),10,INFLAMMATION EPITHELIOIDE PURE,INFLAMMATION EPITHELIOIDE PURE,non,
8311,8,INFLAMMATION PARTICULIERE,83,INFLAMMATION GRANULOMATEUSE EPITHELIOIDE (ET/OU) FOLLICULAIRE NON TUBERCULEUSE (SAI),11,SARCOIDOSE,SARCOIDOSE,non,
8312,8,INFLAMMATION PARTICULIERE,83,INFLAMMATION GRANULOMATEUSE EPITHELIOIDE (ET/OU) FOLLICULAIRE NON TUBERCULEUSE (SAI),12,TEST DE KVEIM,TEST DE KVEIM,non,
8313,8,INFLAMMATION PARTICULIERE,83,INFLAMMATION GRANULOMATEUSE EPITHELIOIDE (ET/OU) FOLLICULAIRE NON TUBERCULEUSE (SAI),13,SYNDROME DE HEERFORDT,SYNDROME DE HEERFORDT,non,
8315,8,INFLAMMATION PARTICULIERE,83,INFLAMMATION GRANULOMATEUSE EPITHELIOIDE (ET/OU) FOLLICULAIRE NON TUBERCULEUSE (SAI),15,MALADIE DE CROHN TUBERCULOIDE,MALADIE DE CROHN TUBERCULOIDE,non,
8316,8,INFLAMMATION PARTICULIERE,83,INFLAMMATION GRANULOMATEUSE EPITHELIOIDE (ET/OU) FOLLICULAIRE NON TUBERCULEUSE (SAI),16,MALADIE DE CROHN NON TUBERCULOIDE,MALADIE DE CROHN NON TUBERCULOIDE,non,
8317,8,INFLAMMATION PARTICULIERE,83,INFLAMMATION GRANULOMATEUSE EPITHELIOIDE (ET/OU) FOLLICULAIRE NON TUBERCULEUSE (SAI),17,BRUCELLOSE,BRUCELLOSE,non,
8320,8,INFLAMMATION PARTICULIERE,83,INFLAMMATION GRANULOMATEUSE EPITHELIOIDE (ET/OU) FOLLICULAIRE NON TUBERCULEUSE (SAI),20,LEPRE (SAI),LEPRE (SAI),oui,
8321,8,INFLAMMATION PARTICULIERE,83,INFLAMMATION GRANULOMATEUSE EPITHELIOIDE (ET/OU) FOLLICULAIRE NON TUBERCULEUSE (SAI),21,LEPRE LEPROMATEUSE,LEPRE LEPROMATEUSE,non,
8322,8,INFLAMMATION PARTICULIERE,83,INFLAMMATION GRANULOMATEUSE EPITHELIOIDE (ET/OU) FOLLICULAIRE NON TUBERCULEUSE (SAI),22,LEPRE BORDERLINE,LEPRE BORDERLINE,non,
8323,8,INFLAMMATION PARTICULIERE,83,INFLAMMATION GRANULOMATEUSE EPITHELIOIDE (ET/OU) FOLLICULAIRE NON TUBERCULEUSE (SAI),23,LEPRE TUBERCULOIDE,LEPRE TUBERCULOIDE,non,
8324,8,INFLAMMATION PARTICULIERE,83,INFLAMMATION GRANULOMATEUSE EPITHELIOIDE (ET/OU) FOLLICULAIRE NON TUBERCULEUSE (SAI),24,LEPRE INDETERMINEE,LEPRE INDETERMINEE,non,
8325,8,INFLAMMATION PARTICULIERE,83,INFLAMMATION GRANULOMATEUSE EPITHELIOIDE (ET/OU) FOLLICULAIRE NON TUBERCULEUSE (SAI),25,LEPRE SEQUELLAIRE,LEPRE SEQUELLAIRE,non,
8327,8,INFLAMMATION PARTICULIERE,83,INFLAMMATION GRANULOMATEUSE EPITHELIOIDE (ET/OU) FOLLICULAIRE NON TUBERCULEUSE (SAI),27,LEPRE REACTIONNELLE TYPE 1,LEPRE REACTIONNELLE TYPE 1,non,
8328,8,INFLAMMATION PARTICULIERE,83,INFLAMMATION GRANULOMATEUSE EPITHELIOIDE (ET/OU) FOLLICULAIRE NON TUBERCULEUSE (SAI),28,LEPRE REACTIONNELLE TYPE 2,LEPRE REACTIONNELLE TYPE 2,non,
8329,8,INFLAMMATION PARTICULIERE,83,INFLAMMATION GRANULOMATEUSE EPITHELIOIDE (ET/OU) FOLLICULAIRE NON TUBERCULEUSE (SAI),29,MITSUDA : REACTION DE,MITSUDA : REACTION DE,non,
8330,8,INFLAMMATION PARTICULIERE,83,INFLAMMATION GRANULOMATEUSE EPITHELIOIDE (ET/OU) FOLLICULAIRE NON TUBERCULEUSE (SAI),30,INFLAMMATION EPITHELIOIDE REACTIONNELLE A UNE LESION DE VOISINAGE,INFLAMMATION EPITHELIOIDE REACTIONNELLE A UNE LESION DE VOISINAGE,non,
8331,8,INFLAMMATION PARTICULIERE,83,INFLAMMATION GRANULOMATEUSE EPITHELIOIDE (ET/OU) FOLLICULAIRE NON TUBERCULEUSE (SAI),31,HYPERPLASIE DES CELLULES EPITHELIOIDES EN AMAS,HYPERPLASIE DES CELLULES EPITHELIOIDES EN AMAS,non,1998 MODIF
8333,8,INFLAMMATION PARTICULIERE,83,INFLAMMATION GRANULOMATEUSE EPITHELIOIDE (ET/OU) FOLLICULAIRE NON TUBERCULEUSE (SAI),33,STROMA CANCEREUX EPITHELIOIDE,STROMA CANCEREUX EPITHELIOIDE,non,
8340,8,INFLAMMATION PARTICULIERE,83,INFLAMMATION GRANULOMATEUSE EPITHELIOIDE (ET/OU) FOLLICULAIRE NON TUBERCULEUSE (SAI),40,INFLAMMATION EPITHELIOIDE DE NATURE INDETERMINEE (SAI),INFLAMMATION EPITHELIOIDE DE NATURE INDETERMINEE (SAI),oui,
8341,8,INFLAMMATION PARTICULIERE,83,INFLAMMATION GRANULOMATEUSE EPITHELIOIDE (ET/OU) FOLLICULAIRE NON TUBERCULEUSE (SAI),41,SYNDROME DE MIESCHER,SYNDROME DE MIESCHER,non,
8342,8,INFLAMMATION PARTICULIERE,83,INFLAMMATION GRANULOMATEUSE EPITHELIOIDE (ET/OU) FOLLICULAIRE NON TUBERCULEUSE (SAI),42,SYNDROME DE MELKERSON-ROSENTHAL,SYNDROME DE MELKERSON-ROSENTHAL,non,
8350,8,INFLAMMATION PARTICULIERE,83,INFLAMMATION GRANULOMATEUSE EPITHELIOIDE (ET/OU) FOLLICULAIRE NON TUBERCULEUSE (SAI),50,INFLAMMATION EPITHELIOIDE NECROSANTE OU SUPPUREE DIVERSE,INFLAMMATION EPITHELIOIDE NECROSANTE OU SUPPUREE DIVERSE,non,
8351,8,INFLAMMATION PARTICULIERE,83,INFLAMMATION GRANULOMATEUSE EPITHELIOIDE (ET/OU) FOLLICULAIRE NON TUBERCULEUSE (SAI),51,ACTINOMYCOSE,ACTINOMYCOSE,non,
8352,8,INFLAMMATION PARTICULIERE,83,INFLAMMATION GRANULOMATEUSE EPITHELIOIDE (ET/OU) FOLLICULAIRE NON TUBERCULEUSE (SAI),52,BOTRYOMYCOSE,BOTRYOMYCOSE,non,
8353,8,INFLAMMATION PARTICULIERE,83,INFLAMMATION GRANULOMATEUSE EPITHELIOIDE (ET/OU) FOLLICULAIRE NON TUBERCULEUSE (SAI),53,GRANULOME INGUINAL OU VENERIEN - DONOVANOSE,GRANULOME INGUINAL OU VENERIEN - DONOVANOSE,non,
8354,8,INFLAMMATION PARTICULIERE,83,INFLAMMATION GRANULOMATEUSE EPITHELIOIDE (ET/OU) FOLLICULAIRE NON TUBERCULEUSE (SAI),54,NOCARDIOSE,NOCARDIOSE,non,
8355,8,INFLAMMATION PARTICULIERE,83,INFLAMMATION GRANULOMATEUSE EPITHELIOIDE (ET/OU) FOLLICULAIRE NON TUBERCULEUSE (SAI),55,MALASSEZ ET VIGNAL : MALADIE DE - YERSINIOSE PSEUDOTUBERCULEUSE,MALASSEZ ET VIGNAL : MALADIE DE - YERSINIOSE PSEUDOTUBERCULEUSE,non,
8356,8,INFLAMMATION PARTICULIERE,83,INFLAMMATION GRANULOMATEUSE EPITHELIOIDE (ET/OU) FOLLICULAIRE NON TUBERCULEUSE (SAI),56,YERSINIOSE ENTEROLYTICA,YERSINIOSE ENTEROLYTICA,non,
8357,8,INFLAMMATION PARTICULIERE,83,INFLAMMATION GRANULOMATEUSE EPITHELIOIDE (ET/OU) FOLLICULAIRE NON TUBERCULEUSE (SAI),57,MYCETOME ACTINOMYCOSIQUE,MYCETOME ACTINOMYCOSIQUE,non,1992 AJOUT
8358,8,INFLAMMATION PARTICULIERE,83,INFLAMMATION GRANULOMATEUSE EPITHELIOIDE (ET/OU) FOLLICULAIRE NON TUBERCULEUSE (SAI),58,YERSINIA PESTIS - PESTE,YERSINIA PESTIS - PESTE,non,1998 AJOUT
8359,8,INFLAMMATION PARTICULIERE,83,INFLAMMATION GRANULOMATEUSE EPITHELIOIDE (ET/OU) FOLLICULAIRE NON TUBERCULEUSE (SAI),59,TULAREMIE,TULAREMIE,non,
8361,8,INFLAMMATION PARTICULIERE,83,INFLAMMATION GRANULOMATEUSE EPITHELIOIDE (ET/OU) FOLLICULAIRE NON TUBERCULEUSE (SAI),61,LYMPHORETICULOSE BENIGNE D'INOCULATION - GRIFFURES DU CHAT : MALADIE DES,LYMPHORETICULOSE BENIGNE D'INOCULATION - GRIFFURES DU CHAT : MALADIE DES,non,
8362,8,INFLAMMATION PARTICULIERE,83,INFLAMMATION GRANULOMATEUSE EPITHELIOIDE (ET/OU) FOLLICULAIRE NON TUBERCULEUSE (SAI),62,NICOLAS-FAVRE : MALADIE DE - LYMPHOGRANULOME VENERIEN,NICOLAS-FAVRE : MALADIE DE - LYMPHOGRANULOME VENERIEN,non,
8363,8,INFLAMMATION PARTICULIERE,83,INFLAMMATION GRANULOMATEUSE EPITHELIOIDE (ET/OU) FOLLICULAIRE NON TUBERCULEUSE (SAI),63,ROCALIMEA HANSELAE,ROCALIMEA HANSELAE,non,1998 AJOUT
8366,8,INFLAMMATION PARTICULIERE,83,INFLAMMATION GRANULOMATEUSE EPITHELIOIDE (ET/OU) FOLLICULAIRE NON TUBERCULEUSE (SAI),66,AFIPIA FELIS,AFIPIA FELIS,non,1999 MODIF
8370,8,INFLAMMATION PARTICULIERE,83,INFLAMMATION GRANULOMATEUSE EPITHELIOIDE (ET/OU) FOLLICULAIRE NON TUBERCULEUSE (SAI),70,MYCOBACTERIOSE ATYPIQUE (SAI),MYCOBACTERIOSE ATYPIQUE (SAI),oui,1998 MODIF
8371,8,INFLAMMATION PARTICULIERE,83,INFLAMMATION GRANULOMATEUSE EPITHELIOIDE (ET/OU) FOLLICULAIRE NON TUBERCULEUSE (SAI),71,GRANULOME DES PISCINES,GRANULOME DES PISCINES,non,
8372,8,INFLAMMATION PARTICULIERE,83,INFLAMMATION GRANULOMATEUSE EPITHELIOIDE (ET/OU) FOLLICULAIRE NON TUBERCULEUSE (SAI),72,GRANULOME DE L'AQUARIUM,GRANULOME DE L'AQUARIUM,non,
8373,8,INFLAMMATION PARTICULIERE,83,INFLAMMATION GRANULOMATEUSE EPITHELIOIDE (ET/OU) FOLLICULAIRE NON TUBERCULEUSE (SAI),73,MYCOBACTERIUM AVIUM,MYCOBACTERIUM AVIUM,non,1998 AJOUT
8374,8,INFLAMMATION PARTICULIERE,83,INFLAMMATION GRANULOMATEUSE EPITHELIOIDE (ET/OU) FOLLICULAIRE NON TUBERCULEUSE (SAI),74,MYCOBACTERIUM CELLULARAE,MYCOBACTERIUM CELLULARAE,non,1998 AJOUT
8375,8,INFLAMMATION PARTICULIERE,83,INFLAMMATION GRANULOMATEUSE EPITHELIOIDE (ET/OU) FOLLICULAIRE NON TUBERCULEUSE (SAI),75,BURULI : ULCERATION DE - MYCOBACTERIUM ULCERANS,BURULI : ULCERATION DE - MYCOBACTERIUM ULCERANS,non,
8380,8,INFLAMMATION PARTICULIERE,83,INFLAMMATION GRANULOMATEUSE EPITHELIOIDE (ET/OU) FOLLICULAIRE NON TUBERCULEUSE (SAI),80,INFLAMMATION EPITHELIOIDE NECROSANTE OU SUPPUREE D'ORIGINE INDETERMINEE (SAI),INFLAMMATION EPITHELIOIDE NECROSANTE OU SUPPUREE D'ORIGINE INDETERMINEE (SAI),oui,
8382,8,INFLAMMATION PARTICULIERE,83,INFLAMMATION GRANULOMATEUSE EPITHELIOIDE (ET/OU) FOLLICULAIRE NON TUBERCULEUSE (SAI),82,CHALAZION,CHALAZION,non,
8384,8,INFLAMMATION PARTICULIERE,83,INFLAMMATION GRANULOMATEUSE EPITHELIOIDE (ET/OU) FOLLICULAIRE NON TUBERCULEUSE (SAI),84,INFLAMMATION EPITHELIOIDE NECROSANTE D'ORIGINE INDETERMINEE - GRANULOME EPITHELIOIDE AVEC NECROSE,INFLAMMATION EPITHELIOIDE NECROSANTE D'ORIGINE INDETERMINEE - GRANULOME EPITHELIOIDE AVEC NECROSE,non,1998 AJOUT
8385,8,INFLAMMATION PARTICULIERE,83,INFLAMMATION GRANULOMATEUSE EPITHELIOIDE (ET/OU) FOLLICULAIRE NON TUBERCULEUSE (SAI),85,INFLAMMATION EPITHELIOIDE SUPPUREE D'ORIGINE INDETERMINEE - GRANULOME EPITHELIOIDE AVEC SUPPURATION MYCOSE,INFLAMMATION EPITHELIOIDE SUPPUREE D'ORIGINE INDETERMINEE - GRANULOME EPITHELIOIDE AVEC SUPPURATION MYCOSE,non,1998 AJOUT
8400,8,INFLAMMATION PARTICULIERE,84,MYCOSE (SAI),00,MYCOSE (SAI),MYCOSE (SAI),oui,
8410,8,INFLAMMATION PARTICULIERE,84,MYCOSE (SAI),10,MYCOSE SUPERFICIELLE A FILAMENTS - DERMATOPHYTIES (SAI),MYCOSE SUPERFICIELLE A FILAMENTS - DERMATOPHYTIES (SAI),oui,
8411,8,INFLAMMATION PARTICULIERE,84,MYCOSE (SAI),11,HERPES CIRCINE,HERPES CIRCINE,non,
8413,8,INFLAMMATION PARTICULIERE,84,MYCOSE (SAI),13,INTERTRIGO DES PLIS - ECZEMA MARGINE DE HEBRA,INTERTRIGO DES PLIS - ECZEMA MARGINE DE HEBRA,non,
8415,8,INFLAMMATION PARTICULIERE,84,MYCOSE (SAI),15,PIED D'ATHLETE - INTERTRIGO DES ORTEILS,PIED D'ATHLETE - INTERTRIGO DES ORTEILS,non,
8416,8,INFLAMMATION PARTICULIERE,84,MYCOSE (SAI),16,DERMATOMYCOSE (SCOPULARIOPSIS BREVICAULIS),DERMATOMYCOSE (SCOPULARIOPSIS BREVICAULIS),non,1992 AJOUT
8417,8,INFLAMMATION PARTICULIERE,84,MYCOSE (SAI),17,FOLLICULITE ET PERIFOLLICULITE TRICHOPHYTIQUE,FOLLICULITE ET PERIFOLLICULITE TRICHOPHYTIQUE,non,
8419,8,INFLAMMATION PARTICULIERE,84,MYCOSE (SAI),19,SYCOSIS TRICHOPHYTIQUE,SYCOSIS TRICHOPHYTIQUE,non,
8420,8,INFLAMMATION PARTICULIERE,84,MYCOSE (SAI),20,DERMATOPHYTOSE (SAI),DERMATOPHYTOSE (SAI),oui,1992 AJOUT
8421,8,INFLAMMATION PARTICULIERE,84,MYCOSE (SAI),21,TEIGNE FAVIQUE,TEIGNE FAVIQUE,non,
8422,8,INFLAMMATION PARTICULIERE,84,MYCOSE (SAI),22,TEIGNE MICROSPORIQUE,TEIGNE MICROSPORIQUE,non,
8423,8,INFLAMMATION PARTICULIERE,84,MYCOSE (SAI),23,TEIGNE TRICHOPHYTIQUE,TEIGNE TRICHOPHYTIQUE,non,
8424,8,INFLAMMATION PARTICULIERE,84,MYCOSE (SAI),24,KERION,KERION,non,
8425,8,INFLAMMATION PARTICULIERE,84,MYCOSE (SAI),25,DERMATOPHYTIE UNGUEALE (SAI) - ONYCOMYCOSE,DERMATOPHYTIE UNGUEALE (SAI) - ONYCOMYCOSE,oui,
8426,8,INFLAMMATION PARTICULIERE,84,MYCOSE (SAI),26,EPIDERMOPHYTON,EPIDERMOPHYTON,non,1992 AJOUT
8427,8,INFLAMMATION PARTICULIERE,84,MYCOSE (SAI),27,MICROSPORUM,MICROSPORUM,non,1992 AJOUT
8428,8,INFLAMMATION PARTICULIERE,84,MYCOSE (SAI),28,TRICHOSPORON,TRICHOSPORON,non,1992 AJOUT
8429,8,INFLAMMATION PARTICULIERE,84,MYCOSE (SAI),29,ZYGOMYCOSE CUTANEE (RHIZOPUS),ZYGOMYCOSE CUTANEE (RHIZOPUS),non,1992 AJOUT
8430,8,INFLAMMATION PARTICULIERE,84,MYCOSE (SAI),30,MYCOSE SUPERFICIELLE CUTANEO-MUQUEUSE A LEVURES,MYCOSE SUPERFICIELLE CUTANEO-MUQUEUSE A LEVURES,non,
8431,8,INFLAMMATION PARTICULIERE,84,MYCOSE (SAI),31,PITYRIASIS VERSICOLOR,PITYRIASIS VERSICOLOR,non,
8433,8,INFLAMMATION PARTICULIERE,84,MYCOSE (SAI),33,CANDIDOSE (SAI),CANDIDOSE (SAI),oui,
8434,8,INFLAMMATION PARTICULIERE,84,MYCOSE (SAI),34,LANGUE NOIRE VILLEUSE (CANDIDOSE),LANGUE NOIRE VILLEUSE (CANDIDOSE),non,
8435,8,INFLAMMATION PARTICULIERE,84,MYCOSE (SAI),35,FOLLICULITE A CANDIDA,FOLLICULITE A CANDIDA,non,
8436,8,INFLAMMATION PARTICULIERE,84,MYCOSE (SAI),36,ONYXIS ET PERIONYXIS A CANDIDA,ONYXIS ET PERIONYXIS A CANDIDA,non,
8437,8,INFLAMMATION PARTICULIERE,84,MYCOSE (SAI),37,GRANULOME MONILIASIQUE,GRANULOME MONILIASIQUE,non,
8439,8,INFLAMMATION PARTICULIERE,84,MYCOSE (SAI),39,LOCALISATION CUTANEE DES SEPTICEMIES A CANDIDA,LOCALISATION CUTANEE DES SEPTICEMIES A CANDIDA,non,
8440,8,INFLAMMATION PARTICULIERE,84,MYCOSE (SAI),40,MYCOSE PROFONDE A FILAMENT ISOLE OU EN GRAIN,MYCOSE PROFONDE A FILAMENT ISOLE OU EN GRAIN,non,
8441,8,INFLAMMATION PARTICULIERE,84,MYCOSE (SAI),41,ASPERGILLOME CAVITAIRE,ASPERGILLOME CAVITAIRE,non,
8442,8,INFLAMMATION PARTICULIERE,84,MYCOSE (SAI),42,ASPERGILLOSE,ASPERGILLOSE,non,
8443,8,INFLAMMATION PARTICULIERE,84,MYCOSE (SAI),43,CHROMOBLASTOMYCOSE,CHROMOBLASTOMYCOSE,non,
8445,8,INFLAMMATION PARTICULIERE,84,MYCOSE (SAI),45,MUCORMYCOSE,MUCORMYCOSE,non,
8447,8,INFLAMMATION PARTICULIERE,84,MYCOSE (SAI),47,MYCETOME FUNGIQUE - PIED DE MADURA,MYCETOME FUNGIQUE - PIED DE MADURA,non,
8449,8,INFLAMMATION PARTICULIERE,84,MYCOSE (SAI),49,PHYCOMYCOSE SOUS-CUTANEE - BASIDIOBOLOMYCOSE,PHYCOMYCOSE SOUS-CUTANEE - BASIDIOBOLOMYCOSE,non,
8450,8,INFLAMMATION PARTICULIERE,84,MYCOSE (SAI),50,MYCOSE SOUS CUTANEE OU MUQUEUSE (SAI),MYCOSE SOUS CUTANEE OU MUQUEUSE (SAI),oui,1992 AJOUT
8451,8,INFLAMMATION PARTICULIERE,84,MYCOSE (SAI),51,RHINOPHYCOMYCOSE - ENTOMOPHTOROSE,RHINOPHYCOMYCOSE - ENTOMOPHTOROSE,non,
8453,8,INFLAMMATION PARTICULIERE,84,MYCOSE (SAI),53,MALADIE DERMATOPHYTIQUE AVEC LOCALISATION VISCERALE,MALADIE DERMATOPHYTIQUE AVEC LOCALISATION VISCERALE,non,
8454,8,INFLAMMATION PARTICULIERE,84,MYCOSE (SAI),54,PHAEHYPHOMYCOSE SOUS CUTANEE,PHAEHYPHOMYCOSE SOUS CUTANEE,non,1992 AJOUT
8460,8,INFLAMMATION PARTICULIERE,84,MYCOSE (SAI),60,MYCOSE PROFONDE A LEVURE,MYCOSE PROFONDE A LEVURE,non,
8461,8,INFLAMMATION PARTICULIERE,84,MYCOSE (SAI),61,BLASTOMYCOSE - GILCHRIST : MALADIE DE,BLASTOMYCOSE - GILCHRIST : MALADIE DE,non,
8463,8,INFLAMMATION PARTICULIERE,84,MYCOSE (SAI),63,CANDIDOSE VISCERALE OU SEPTICEMIQUE,CANDIDOSE VISCERALE OU SEPTICEMIQUE,non,
8465,8,INFLAMMATION PARTICULIERE,84,MYCOSE (SAI),65,CRYPTOCOCCOSE -TORULOSE,CRYPTOCOCCOSE -TORULOSE,non,
8466,8,INFLAMMATION PARTICULIERE,84,MYCOSE (SAI),66,HISTOPLASMOSE (SAI),HISTOPLASMOSE (SAI),oui,1998 AJOUT
8467,8,INFLAMMATION PARTICULIERE,84,MYCOSE (SAI),67,HISTOPLASMOSE AMERICAINE,HISTOPLASMOSE AMERICAINE,non,
8469,8,INFLAMMATION PARTICULIERE,84,MYCOSE (SAI),69,HISTOPLASMOSE AFRICAINE,HISTOPLASMOSE AFRICAINE,non,
8470,8,INFLAMMATION PARTICULIERE,84,MYCOSE (SAI),70,MYCOSE SYSTEMIQUE (SAI),MYCOSE SYSTEMIQUE (SAI),oui,1992 AJOUT
8471,8,INFLAMMATION PARTICULIERE,84,MYCOSE (SAI),71,LOBO : MALADIE DE - BLASTOMYCOSE CHELOIDIENNE,LOBO : MALADIE DE - BLASTOMYCOSE CHELOIDIENNE,non,
8473,8,INFLAMMATION PARTICULIERE,84,MYCOSE (SAI),73,PARACOCCIDIOIDOMYCOSE - BLASTOMYCOSE SUD AMERICAINE,PARACOCCIDIOIDOMYCOSE - BLASTOMYCOSE SUD AMERICAINE,non,
8474,8,INFLAMMATION PARTICULIERE,84,MYCOSE (SAI),74,PHAEOHYPHOMYCOSE SYSTEMIQUE,PHAEOHYPHOMYCOSE SYSTEMIQUE,non,1992 AJOUT
8475,8,INFLAMMATION PARTICULIERE,84,MYCOSE (SAI),75,SPOROTRICHOSE,SPOROTRICHOSE,non,
8479,8,INFLAMMATION PARTICULIERE,84,MYCOSE (SAI),79,ZYGOMYCOSE SYSTEMIQUE (SAI),ZYGOMYCOSE SYSTEMIQUE (SAI),oui,1992 AJOUT
8480,8,INFLAMMATION PARTICULIERE,84,MYCOSE (SAI),80,MYCOSE A SPORANGE,MYCOSE A SPORANGE,non,
8481,8,INFLAMMATION PARTICULIERE,84,MYCOSE (SAI),81,ADIASPIROMYCOSE,ADIASPIROMYCOSE,non,
8483,8,INFLAMMATION PARTICULIERE,84,MYCOSE (SAI),83,COCCIDIOIDOMYCOSE,COCCIDIOIDOMYCOSE,non,
8485,8,INFLAMMATION PARTICULIERE,84,MYCOSE (SAI),85,RHINOSPORIDIOSE PARASITOSE,RHINOSPORIDIOSE PARASITOSE,non,
8500,8,INFLAMMATION PARTICULIERE,85,INFLAMMATION A PROTOZOAIRE (SAI),00,INFLAMMATION A PROTOZOAIRE (SAI),INFLAMMATION A PROTOZOAIRE (SAI),oui,
8510,8,INFLAMMATION PARTICULIERE,85,INFLAMMATION A PROTOZOAIRE (SAI),10,AMIBIASE (SAI),AMIBIASE (SAI),oui,
8520,8,INFLAMMATION PARTICULIERE,85,INFLAMMATION A PROTOZOAIRE (SAI),20,LAMBLIASE,LAMBLIASE,non,
8530,8,INFLAMMATION PARTICULIERE,85,INFLAMMATION A PROTOZOAIRE (SAI),30,LEISHMANIOSE,LEISHMANIOSE,non,
8540,8,INFLAMMATION PARTICULIERE,85,INFLAMMATION A PROTOZOAIRE (SAI),40,PALUDISME,PALUDISME,non,
8541,8,INFLAMMATION PARTICULIERE,85,INFLAMMATION A PROTOZOAIRE (SAI),41,PRESENCE DE PIGMENT MALARIQUE,PRESENCE DE PIGMENT MALARIQUE,non,1997 AJOUT
8550,8,INFLAMMATION PARTICULIERE,85,INFLAMMATION A PROTOZOAIRE (SAI),50,PNEUMOCYSTOSE - PNEUMOCYSTIS CARINII,PNEUMOCYSTOSE - PNEUMOCYSTIS CARINII,non,
8560,8,INFLAMMATION PARTICULIERE,85,INFLAMMATION A PROTOZOAIRE (SAI),60,TOXOPLASMOSE,TOXOPLASMOSE,non,
8570,8,INFLAMMATION PARTICULIERE,85,INFLAMMATION A PROTOZOAIRE (SAI),70,TRICHOMONASE,TRICHOMONASE,non,
8580,8,INFLAMMATION PARTICULIERE,85,INFLAMMATION A PROTOZOAIRE (SAI),80,TRYPANOSOMIASE (SAI),TRYPANOSOMIASE (SAI),oui,
8581,8,INFLAMMATION PARTICULIERE,85,INFLAMMATION A PROTOZOAIRE (SAI),81,TRYPANOSOMIASE AFRICAINE,TRYPANOSOMIASE AFRICAINE,non,
8583,8,INFLAMMATION PARTICULIERE,85,INFLAMMATION A PROTOZOAIRE (SAI),83,TRYPANOSOMIASE AMERICAINE - CHAGAS : MALADIE DE,TRYPANOSOMIASE AMERICAINE - CHAGAS : MALADIE DE,non,
8590,8,INFLAMMATION PARTICULIERE,85,INFLAMMATION A PROTOZOAIRE (SAI),90,PROTOZOAIRES (NCA),PROTOZOAIRES (NCA),non,
8591,8,INFLAMMATION PARTICULIERE,85,INFLAMMATION A PROTOZOAIRE (SAI),91,BABESIOSE - PIROPLASMOSE,BABESIOSE - PIROPLASMOSE,non,
8593,8,INFLAMMATION PARTICULIERE,85,INFLAMMATION A PROTOZOAIRE (SAI),93,BALANTIDIOSE,BALANTIDIOSE,non,
8595,8,INFLAMMATION PARTICULIERE,85,INFLAMMATION A PROTOZOAIRE (SAI),95,COCCIDIOSE A ISOSPORA,COCCIDIOSE A ISOSPORA,non,1992 AJOUT
8596,8,INFLAMMATION PARTICULIERE,85,INFLAMMATION A PROTOZOAIRE (SAI),96,COCCIDIOSE A SARCOCYSTIS,COCCIDIOSE A SARCOCYSTIS,non,1992 AJOUT
8597,8,INFLAMMATION PARTICULIERE,85,INFLAMMATION A PROTOZOAIRE (SAI),97,COCCIDIOSE A CRYPTOSPORIDIUM OU CRYPTOSPORIDIOSE,COCCIDIOSE A CRYPTOSPORIDIUM OU CRYPTOSPORIDIOSE,non,1992 AJOUT
8598,8,INFLAMMATION PARTICULIERE,85,INFLAMMATION A PROTOZOAIRE (SAI),98,MICROSPORIDIOSE,MICROSPORIDIOSE,non,1992 AJOUT
8600,8,INFLAMMATION PARTICULIERE,86,INFLAMMATION A HELMINTHE - HELMINTHIASE (SAI),00,INFLAMMATION A HELMINTHE - HELMINTHIASE (SAI),INFLAMMATION A HELMINTHE - HELMINTHIASE (SAI),oui,
8610,8,INFLAMMATION PARTICULIERE,86,INFLAMMATION A HELMINTHE - HELMINTHIASE (SAI),10,NEMATODOSE (SAI),NEMATODOSE (SAI),oui,
8611,8,INFLAMMATION PARTICULIERE,86,INFLAMMATION A HELMINTHE - HELMINTHIASE (SAI),11,ANGUILLULOSE - STRONGYLOIDES STERCORALIS,ANGUILLULOSE - STRONGYLOIDES STERCORALIS,non,
8612,8,INFLAMMATION PARTICULIERE,86,INFLAMMATION A HELMINTHE - HELMINTHIASE (SAI),12,ANKYLOSTOMIASE ET NECATOROSE,ANKYLOSTOMIASE ET NECATOROSE,non,
8613,8,INFLAMMATION PARTICULIERE,86,INFLAMMATION A HELMINTHE - HELMINTHIASE (SAI),13,ASCARIDIOSE,ASCARIDIOSE,non,
8614,8,INFLAMMATION PARTICULIERE,86,INFLAMMATION A HELMINTHE - HELMINTHIASE (SAI),14,ANISAKIASE,ANISAKIASE,non,
8615,8,INFLAMMATION PARTICULIERE,86,INFLAMMATION A HELMINTHE - HELMINTHIASE (SAI),15,FILARIOSE (SAI),FILARIOSE (SAI),oui,
8616,8,INFLAMMATION PARTICULIERE,86,INFLAMMATION A HELMINTHE - HELMINTHIASE (SAI),16,FILARIOSE A WUCHERERIA BANCROFTI,FILARIOSE A WUCHERERIA BANCROFTI,non,1992 AJOUT
8617,8,INFLAMMATION PARTICULIERE,86,INFLAMMATION A HELMINTHE - HELMINTHIASE (SAI),17,FILARIOSE A BRUGIA MALAYI,FILARIOSE A BRUGIA MALAYI,non,1992 AJOUT
8618,8,INFLAMMATION PARTICULIERE,86,INFLAMMATION A HELMINTHE - HELMINTHIASE (SAI),18,FILARIOSE A LOA LOA,FILARIOSE A LOA LOA,non,1992 AJOUT
8619,8,INFLAMMATION PARTICULIERE,86,INFLAMMATION A HELMINTHE - HELMINTHIASE (SAI),19,FILARIOSE A DIROFILARIA,FILARIOSE A DIROFILARIA,non,1992 AJOUT
8620,8,INFLAMMATION PARTICULIERE,86,INFLAMMATION A HELMINTHE - HELMINTHIASE (SAI),20,FILARIOSE A DRACUNCULUS MEDINENSIS,FILARIOSE A DRACUNCULUS MEDINENSIS,non,1992 AJOUT
8621,8,INFLAMMATION PARTICULIERE,86,INFLAMMATION A HELMINTHE - HELMINTHIASE (SAI),21,ONCHOCERCOSE - ONCHOCERCA VOLVULUS,ONCHOCERCOSE - ONCHOCERCA VOLVULUS,non,
8622,8,INFLAMMATION PARTICULIERE,86,INFLAMMATION A HELMINTHE - HELMINTHIASE (SAI),22,FILARIOSE A DIPETALONEMA,FILARIOSE A DIPETALONEMA,non,1992 AJOUT
8623,8,INFLAMMATION PARTICULIERE,86,INFLAMMATION A HELMINTHE - HELMINTHIASE (SAI),23,OXYUROSE - ENTEROBIUS VERMICULARIS,OXYUROSE - ENTEROBIUS VERMICULARIS,non,
8624,8,INFLAMMATION PARTICULIERE,86,INFLAMMATION A HELMINTHE - HELMINTHIASE (SAI),24,TRICHOCEPHALOSE - TRICHURIS TRICHIURA,TRICHOCEPHALOSE - TRICHURIS TRICHIURA,non,1992 AJOUT
8625,8,INFLAMMATION PARTICULIERE,86,INFLAMMATION A HELMINTHE - HELMINTHIASE (SAI),25,TRICHINOSE - TRICHINELLA SPIRALIS,TRICHINOSE - TRICHINELLA SPIRALIS,non,
8626,8,INFLAMMATION PARTICULIERE,86,INFLAMMATION A HELMINTHE - HELMINTHIASE (SAI),26,TOXACAROSE - TOXOCARA CANIS - LARVA MIGRANS,TOXACAROSE - TOXOCARA CANIS - LARVA MIGRANS,non,1992 AJOUT
8627,8,INFLAMMATION PARTICULIERE,86,INFLAMMATION A HELMINTHE - HELMINTHIASE (SAI),27,ANGIOSTRONGYLOSE,ANGIOSTRONGYLOSE,non,1992 AJOUT
8628,8,INFLAMMATION PARTICULIERE,86,INFLAMMATION A HELMINTHE - HELMINTHIASE (SAI),28,OESOPHAGOSTOMOSE,OESOPHAGOSTOMOSE,non,1992 AJOUT
8640,8,INFLAMMATION PARTICULIERE,86,INFLAMMATION A HELMINTHE - HELMINTHIASE (SAI),40,CESTODOSE (SAI),CESTODOSE (SAI),oui,
8641,8,INFLAMMATION PARTICULIERE,86,INFLAMMATION A HELMINTHE - HELMINTHIASE (SAI),41,CAENUROSE,CAENUROSE,non,
8643,8,INFLAMMATION PARTICULIERE,86,INFLAMMATION A HELMINTHE - HELMINTHIASE (SAI),43,CYSTICERCOSE,CYSTICERCOSE,non,
8644,8,INFLAMMATION PARTICULIERE,86,INFLAMMATION A HELMINTHE - HELMINTHIASE (SAI),44,HYDATIDOSE,HYDATIDOSE,non,
8645,8,INFLAMMATION PARTICULIERE,86,INFLAMMATION A HELMINTHE - HELMINTHIASE (SAI),45,ECHINOCOCCOSE ALVEOLAIRE,ECHINOCOCCOSE ALVEOLAIRE,non,
8647,8,INFLAMMATION PARTICULIERE,86,INFLAMMATION A HELMINTHE - HELMINTHIASE (SAI),47,TAENIASIS,TAENIASIS,non,
8648,8,INFLAMMATION PARTICULIERE,86,INFLAMMATION A HELMINTHE - HELMINTHIASE (SAI),48,CESTODE (NCA),CESTODE (NCA),non,
8650,8,INFLAMMATION PARTICULIERE,86,INFLAMMATION A HELMINTHE - HELMINTHIASE (SAI),50,BILHARZIOSE OU SCHISTOSOMIASE (SAI),BILHARZIOSE OU SCHISTOSOMIASE (SAI),oui,1992 AJOUT
8651,8,INFLAMMATION PARTICULIERE,86,INFLAMMATION A HELMINTHE - HELMINTHIASE (SAI),51,BILHARZIOSE A SCHISTOSOMA MANSONI,BILHARZIOSE A SCHISTOSOMA MANSONI,non,1992 AJOUT
8652,8,INFLAMMATION PARTICULIERE,86,INFLAMMATION A HELMINTHE - HELMINTHIASE (SAI),52,DISTOMATOSE (A NE PLUS UTILISER CF 8660),DISTOMATOSE (A NE PLUS UTILISER CF 8660),non,1992 SUPPR
8653,8,INFLAMMATION PARTICULIERE,86,INFLAMMATION A HELMINTHE - HELMINTHIASE (SAI),53,BILHARZIOSE A SCHISTOSOMA HAEMATOBIUM,BILHARZIOSE A SCHISTOSOMA HAEMATOBIUM,non,1992 AJOUT
8654,8,INFLAMMATION PARTICULIERE,86,INFLAMMATION A HELMINTHE - HELMINTHIASE (SAI),54,BILHARZIOSE A SCHISTOSOMA INTERCALATUM,BILHARZIOSE A SCHISTOSOMA INTERCALATUM,non,1992 AJOUT
8655,8,INFLAMMATION PARTICULIERE,86,INFLAMMATION A HELMINTHE - HELMINTHIASE (SAI),55,BILHARZIOSE A SCHISTOSOMA JAPONICUM,BILHARZIOSE A SCHISTOSOMA JAPONICUM,non,1992 AJOUT
8657,8,INFLAMMATION PARTICULIERE,86,INFLAMMATION A HELMINTHE - HELMINTHIASE (SAI),57,BILHARZIOSE MIXTE,BILHARZIOSE MIXTE,non,1992 AJOUT
8660,8,INFLAMMATION PARTICULIERE,86,INFLAMMATION A HELMINTHE - HELMINTHIASE (SAI),60,DISTOMATOSE (SAI) - DOUVES,DISTOMATOSE (SAI) - DOUVES,oui,1992 AJOUT
8661,8,INFLAMMATION PARTICULIERE,86,INFLAMMATION A HELMINTHE - HELMINTHIASE (SAI),61,DISTOMATOSE A FASCIOLA HEPATICA - GRANDE DOUVE DU FOIE,DISTOMATOSE A FASCIOLA HEPATICA - GRANDE DOUVE DU FOIE,non,1992 AJOUT
8662,8,INFLAMMATION PARTICULIERE,86,INFLAMMATION A HELMINTHE - HELMINTHIASE (SAI),62,DISTOMATOSE A DICROCOELIUM DENTRITICUM - PETITE DOUVE DU FOIE,DISTOMATOSE A DICROCOELIUM DENTRITICUM - PETITE DOUVE DU FOIE,non,1992 AJOUT
8663,8,INFLAMMATION PARTICULIERE,86,INFLAMMATION A HELMINTHE - HELMINTHIASE (SAI),63,DISTOMATOSE A CLONORCHIS SINENSIS,DISTOMATOSE A CLONORCHIS SINENSIS,non,1992 AJOUT
8664,8,INFLAMMATION PARTICULIERE,86,INFLAMMATION A HELMINTHE - HELMINTHIASE (SAI),64,DISTOMATOSE PULMONAIRE - PARAGONIMUS WESTERMANI,DISTOMATOSE PULMONAIRE - PARAGONIMUS WESTERMANI,non,1992 AJOUT
8665,8,INFLAMMATION PARTICULIERE,86,INFLAMMATION A HELMINTHE - HELMINTHIASE (SAI),65,DISTOMATOSE ERRATIQUE,DISTOMATOSE ERRATIQUE,non,1992 AJOUT
8700,8,INFLAMMATION PARTICULIERE,87,INFLAMMATION A ARTHROPODE ET INSECTE (SAI),00,INFLAMMATION A ARTHROPODE ET INSECTE (SAI),INFLAMMATION A ARTHROPODE ET INSECTE (SAI),oui,
8710,8,INFLAMMATION PARTICULIERE,87,INFLAMMATION A ARTHROPODE ET INSECTE (SAI),10,GALE,GALE,non,
8712,8,INFLAMMATION PARTICULIERE,87,INFLAMMATION A ARTHROPODE ET INSECTE (SAI),12,GALE NORVEGIENNE,GALE NORVEGIENNE,non,
8714,8,INFLAMMATION PARTICULIERE,87,INFLAMMATION A ARTHROPODE ET INSECTE (SAI),14,NODULE SCABIEUX,NODULE SCABIEUX,non,
8720,8,INFLAMMATION PARTICULIERE,87,INFLAMMATION A ARTHROPODE ET INSECTE (SAI),20,TUNGIASIS - PUCE PENETRANTE,TUNGIASIS - PUCE PENETRANTE,non,
8730,8,INFLAMMATION PARTICULIERE,87,INFLAMMATION A ARTHROPODE ET INSECTE (SAI),30,MYASE (SAI),MYASE (SAI),oui,
8740,8,INFLAMMATION PARTICULIERE,87,INFLAMMATION A ARTHROPODE ET INSECTE (SAI),40,ARTHROPODE (NCA),ARTHROPODE (NCA),non,
8742,8,INFLAMMATION PARTICULIERE,87,INFLAMMATION A ARTHROPODE ET INSECTE (SAI),42,DEMODEX,DEMODEX,non,
8790,8,INFLAMMATION PARTICULIERE,87,INFLAMMATION A ARTHROPODE ET INSECTE (SAI),90,INFLAMMATION PARASITAIRE NON ETIQUETEE - PARASITOSE (SAI) INFLAMMATION VIRALE,INFLAMMATION PARASITAIRE NON ETIQUETEE - PARASITOSE (SAI) INFLAMMATION VIRALE,oui,
8800,8,INFLAMMATION PARTICULIERE,88,INFLAMMATION VIRALE (SAI),00,INFLAMMATION VIRALE (SAI),INFLAMMATION VIRALE (SAI),oui,
8810,8,INFLAMMATION PARTICULIERE,88,INFLAMMATION VIRALE (SAI),10,VIRUS ADN (SAI),VIRUS ADN (SAI),oui,
8811,8,INFLAMMATION PARTICULIERE,88,INFLAMMATION VIRALE (SAI),11,ADENOVIRUS (SAI) (AFFECTION RESPIRATOIRE),ADENOVIRUS (SAI) (AFFECTION RESPIRATOIRE),oui,
8813,8,INFLAMMATION PARTICULIERE,88,INFLAMMATION VIRALE (SAI),13,HERPES VIRUS (SAI) NE PLUS UTILISER (CF 8841),HERPES VIRUS (SAI) NE PLUS UTILISER (CF 8841),oui,1998 SUPPR
8814,8,INFLAMMATION PARTICULIERE,88,INFLAMMATION VIRALE (SAI),14,VIRUS EPSTEIN-BARR,VIRUS EPSTEIN-BARR,non,
8815,8,INFLAMMATION PARTICULIERE,88,INFLAMMATION VIRALE (SAI),15,HPV - PAPILLOMA VIRUS (SAI),HPV - PAPILLOMA VIRUS (SAI),oui,
8816,8,INFLAMMATION PARTICULIERE,88,INFLAMMATION VIRALE (SAI),16,PAPOVAVIRUS,PAPOVAVIRUS,non,1999 AJOUT
8817,8,INFLAMMATION PARTICULIERE,88,INFLAMMATION VIRALE (SAI),17,POX-VIRUS (SAI),POX-VIRUS (SAI),oui,
8820,8,INFLAMMATION PARTICULIERE,88,INFLAMMATION VIRALE (SAI),20,VIRUS ARN (SAI),VIRUS ARN (SAI),oui,
8821,8,INFLAMMATION PARTICULIERE,88,INFLAMMATION VIRALE (SAI),21,ARBOVIRUS (SAI) - DENGUE,ARBOVIRUS (SAI) - DENGUE,oui,
8822,8,INFLAMMATION PARTICULIERE,88,INFLAMMATION VIRALE (SAI),22,PARVOVIRUS B19,PARVOVIRUS B19,non,1998 MODIF
8823,8,INFLAMMATION PARTICULIERE,88,INFLAMMATION VIRALE (SAI),23,ENTEROVIRUS (SAI) - COXSAKIE - ECHO,ENTEROVIRUS (SAI) - COXSAKIE - ECHO,oui,
8825,8,INFLAMMATION PARTICULIERE,88,INFLAMMATION VIRALE (SAI),25,ORTHOMYXOVIRUS (SAI),ORTHOMYXOVIRUS (SAI),oui,
8826,8,INFLAMMATION PARTICULIERE,88,INFLAMMATION VIRALE (SAI),26,PARAMYXOVIRUS (SAI),PARAMYXOVIRUS (SAI),oui,
8827,8,INFLAMMATION PARTICULIERE,88,INFLAMMATION VIRALE (SAI),27,RHABDOVIRUS,RHABDOVIRUS,non,
8828,8,INFLAMMATION PARTICULIERE,88,INFLAMMATION VIRALE (SAI),28,VIRUS DE L'IMMUNODEFICIENCE HUMAINE (VIH),VIRUS DE L'IMMUNODEFICIENCE HUMAINE (VIH),non,
8830,8,INFLAMMATION PARTICULIERE,88,INFLAMMATION VIRALE (SAI),30,VIROSE CUTANEOMUQUEUSE (SAI),VIROSE CUTANEOMUQUEUSE (SAI),oui,
8831,8,INFLAMMATION PARTICULIERE,88,INFLAMMATION VIRALE (SAI),31,ROUGEOLE,ROUGEOLE,non,
8832,8,INFLAMMATION PARTICULIERE,88,INFLAMMATION VIRALE (SAI),32,RUBEOLE,RUBEOLE,non,
8835,8,INFLAMMATION PARTICULIERE,88,INFLAMMATION VIRALE (SAI),35,KERATOCONJONCTIVITE EPIDERMIQUE,KERATOCONJONCTIVITE EPIDERMIQUE,non,
8836,8,INFLAMMATION PARTICULIERE,88,INFLAMMATION VIRALE (SAI),36,SYNDROME PIED-MAIN-BOUCHE,SYNDROME PIED-MAIN-BOUCHE,non,
8837,8,INFLAMMATION PARTICULIERE,88,INFLAMMATION VIRALE (SAI),37,NODULE DES TRAYEURS,NODULE DES TRAYEURS,non,
8838,8,INFLAMMATION PARTICULIERE,88,INFLAMMATION VIRALE (SAI),38,MALADIE D'ORF,MALADIE D'ORF,non,
8839,8,INFLAMMATION PARTICULIERE,88,INFLAMMATION VIRALE (SAI),39,SYNDROME DE GIANOTTI-CROSTI,SYNDROME DE GIANOTTI-CROSTI,non,
8840,8,INFLAMMATION PARTICULIERE,88,INFLAMMATION VIRALE (SAI),40,VIROSE NEUROECTODERMIQUE,VIROSE NEUROECTODERMIQUE,non,
8841,8,INFLAMMATION PARTICULIERE,88,INFLAMMATION VIRALE (SAI),41,HERPES (SAI),HERPES (SAI),oui,
8842,8,INFLAMMATION PARTICULIERE,88,INFLAMMATION VIRALE (SAI),42,HERPES TYPE 1,HERPES TYPE 1,non,
8843,8,INFLAMMATION PARTICULIERE,88,INFLAMMATION VIRALE (SAI),43,HERPES TYPE 2,HERPES TYPE 2,non,
8844,8,INFLAMMATION PARTICULIERE,88,INFLAMMATION VIRALE (SAI),44,HERPES TYPE 6,HERPES TYPE 6,non,1998 AJOUT
8845,8,INFLAMMATION PARTICULIERE,88,INFLAMMATION VIRALE (SAI),45,VARICELLE,VARICELLE,non,
8846,8,INFLAMMATION PARTICULIERE,88,INFLAMMATION VIRALE (SAI),46,VARIOLE,VARIOLE,non,
8847,8,INFLAMMATION PARTICULIERE,88,INFLAMMATION VIRALE (SAI),47,VACCINE,VACCINE,non,
8848,8,INFLAMMATION PARTICULIERE,88,INFLAMMATION VIRALE (SAI),48,HERPES TYPE 8,HERPES TYPE 8,non,1998 AJOUT
8849,8,INFLAMMATION PARTICULIERE,88,INFLAMMATION VIRALE (SAI),49,ZONA,ZONA,non,
8850,8,INFLAMMATION PARTICULIERE,88,INFLAMMATION VIRALE (SAI),50,VIROSE RESPIRATOIRE,VIROSE RESPIRATOIRE,non,
8851,8,INFLAMMATION PARTICULIERE,88,INFLAMMATION VIRALE (SAI),51,GRIPPE,GRIPPE,non,
8853,8,INFLAMMATION PARTICULIERE,88,INFLAMMATION VIRALE (SAI),53,PNEUMONIE ATYPIQUE PRIMITIVE,PNEUMONIE ATYPIQUE PRIMITIVE,non,
8854,8,INFLAMMATION PARTICULIERE,88,INFLAMMATION VIRALE (SAI),54,SYNDROME RESPIRATOIRE AIGU SEVERE,SYNDROME RESPIRATOIRE AIGU SEVERE,non,2003 AJOUT
8855,8,INFLAMMATION PARTICULIERE,88,INFLAMMATION VIRALE (SAI),55,VIRUS SYNCYTIAL RESPIRATOIRE,VIRUS SYNCYTIAL RESPIRATOIRE,non,
8860,8,INFLAMMATION PARTICULIERE,88,INFLAMMATION VIRALE (SAI),60,VIROSE HEPATOTROPE (SAI),VIROSE HEPATOTROPE (SAI),oui,
8861,8,INFLAMMATION PARTICULIERE,88,INFLAMMATION VIRALE (SAI),61,VIROSE HEPATOTROPE A VIRUS A,VIROSE HEPATOTROPE A VIRUS A,non,1998 MODIF
8862,8,INFLAMMATION PARTICULIERE,88,INFLAMMATION VIRALE (SAI),62,VIROSE HEPATOTROPE A VIRUS E,VIROSE HEPATOTROPE A VIRUS E,non,1998 AJOUT
8863,8,INFLAMMATION PARTICULIERE,88,INFLAMMATION VIRALE (SAI),63,VIROSE HEPATOTROPE A VIRUS B,VIROSE HEPATOTROPE A VIRUS B,non,1998 MODIF
8864,8,INFLAMMATION PARTICULIERE,88,INFLAMMATION VIRALE (SAI),64,VIROSE HEPATOTROPE A VIRUS F,VIROSE HEPATOTROPE A VIRUS F,non,1998 AJOUT
8865,8,INFLAMMATION PARTICULIERE,88,INFLAMMATION VIRALE (SAI),65,VIRUS NON A NON B (A NE PLUS UTILISER),VIRUS NON A NON B (A NE PLUS UTILISER),non,1998 SUPPR
8866,8,INFLAMMATION PARTICULIERE,88,INFLAMMATION VIRALE (SAI),66,VIROSE HEPATOTROPE A VIRUS C,VIROSE HEPATOTROPE A VIRUS C,non,1998 MODIF
8867,8,INFLAMMATION PARTICULIERE,88,INFLAMMATION VIRALE (SAI),67,VIROSE HEPATOTROPE A VIRUS DELTA,VIROSE HEPATOTROPE A VIRUS DELTA,non,1998 MODIF
8868,8,INFLAMMATION PARTICULIERE,88,INFLAMMATION VIRALE (SAI),68,VIROSE HEPATOTROPE A VIRUS G,VIROSE HEPATOTROPE A VIRUS G,non,1998 AJOUT
8869,8,INFLAMMATION PARTICULIERE,88,INFLAMMATION VIRALE (SAI),69,FIEVRE JAUNE,FIEVRE JAUNE,non,
8870,8,INFLAMMATION PARTICULIERE,88,INFLAMMATION VIRALE (SAI),70,VIROSE NEUROTROPE,VIROSE NEUROTROPE,non,
8871,8,INFLAMMATION PARTICULIERE,88,INFLAMMATION VIRALE (SAI),71,POLYOMYELITE ANTERIEURE AIGUE,POLYOMYELITE ANTERIEURE AIGUE,non,
8872,8,INFLAMMATION PARTICULIERE,88,INFLAMMATION VIRALE (SAI),72,RAGE,RAGE,non,
8873,8,INFLAMMATION PARTICULIERE,88,INFLAMMATION VIRALE (SAI),73,ENCEPHALITE AIGUE A VIRUS ARN (SAI),ENCEPHALITE AIGUE A VIRUS ARN (SAI),oui,
8874,8,INFLAMMATION PARTICULIERE,88,INFLAMMATION VIRALE (SAI),74,ENCEPHALITE PERIVEINEUSE POST-INFECTIEUSE,ENCEPHALITE PERIVEINEUSE POST-INFECTIEUSE,non,
8875,8,INFLAMMATION PARTICULIERE,88,INFLAMMATION VIRALE (SAI),75,ENCEPHALITE AIGUE NECROSANTE,ENCEPHALITE AIGUE NECROSANTE,non,
8876,8,INFLAMMATION PARTICULIERE,88,INFLAMMATION VIRALE (SAI),76,PAN ENCEPHALITE SCLEROSANTE SUBAIGUE,PAN ENCEPHALITE SCLEROSANTE SUBAIGUE,non,
8877,8,INFLAMMATION PARTICULIERE,88,INFLAMMATION VIRALE (SAI),77,ENCEPHALITE VIRALE LENTE (SAI) (NE PLUS UTILISER - CF 8914),ENCEPHALITE VIRALE LENTE (SAI) (NE PLUS UTILISER - CF 8914),oui,1997 SUPPR
8878,8,INFLAMMATION PARTICULIERE,88,INFLAMMATION VIRALE (SAI),78,SYNDROME DE CREUTZFELDT-JACOB (NE PLUS UTILISER - CF 8916),SYNDROME DE CREUTZFELDT-JACOB (NE PLUS UTILISER - CF 8916),non,1997 SUPPR
8880,8,INFLAMMATION PARTICULIERE,88,INFLAMMATION VIRALE (SAI),80,VIROSE PANTROPIQUE,VIROSE PANTROPIQUE,non,
8881,8,INFLAMMATION PARTICULIERE,88,INFLAMMATION VIRALE (SAI),81,MALADIE DES INCLUSIONS CYTOMEGALIQUES – CYTOMEGALOVIRUS - CMV,MALADIE DES INCLUSIONS CYTOMEGALIQUES – CYTOMEGALOVIRUS - CMV,non,2003 MODIF
8882,8,INFLAMMATION PARTICULIERE,88,INFLAMMATION VIRALE (SAI),82,MONONUCLEOSE INFECTIEUSE,MONONUCLEOSE INFECTIEUSE,non,
8884,8,INFLAMMATION PARTICULIERE,88,INFLAMMATION VIRALE (SAI),84,MALADIE OURLIENNE – VIRUS OURLIEN - OREILLONS,MALADIE OURLIENNE – VIRUS OURLIEN - OREILLONS,non,2003 MODIF
8885,8,INFLAMMATION PARTICULIERE,88,INFLAMMATION VIRALE (SAI),85,"FILOVIRUS (EBOLA, MARBURG, LASSA,...)","FILOVIRUS (EBOLA, MARBURG, LASSA,...)",non,1997 AJOUT
8890,8,INFLAMMATION PARTICULIERE,88,INFLAMMATION VIRALE (SAI),90,VIROSE NON CLASSEE AUTRES AGENTS INFECTIEUX,VIROSE NON CLASSEE AUTRES AGENTS INFECTIEUX,non,
8900,8,INFLAMMATION PARTICULIERE,89,AGENTS INFECTIEUX NON CODES PAR AILLEURS,00,AGENTS INFECTIEUX NON CODES PAR AILLEURS,AGENTS INFECTIEUX NON CODES PAR AILLEURS,non,1997 AJOUT
8910,8,INFLAMMATION PARTICULIERE,89,AGENTS INFECTIEUX NON CODES PAR AILLEURS,10,PRIONS - MALADIE DUE AUX PRIONS,PRIONS - MALADIE DUE AUX PRIONS,non,1997 AJOUT
8912,8,INFLAMMATION PARTICULIERE,89,AGENTS INFECTIEUX NON CODES PAR AILLEURS,12,ENCEPHALITE LENTE - KURU,ENCEPHALITE LENTE - KURU,non,1997 AJOUT
8914,8,INFLAMMATION PARTICULIERE,89,AGENTS INFECTIEUX NON CODES PAR AILLEURS,14,ENCEPHALITE SPONGIFORME BOVINE,ENCEPHALITE SPONGIFORME BOVINE,non,1997 AJOUT
8916,8,INFLAMMATION PARTICULIERE,89,AGENTS INFECTIEUX NON CODES PAR AILLEURS,16,"SYNDROME DE CREUTZFELD-JACOB 9 -PATHOLOGIE DE L'IMMUNITE, AFFECTIONS ET CONDITIONS DIVERSES DEFICITS IMMUNITAIRES","SYNDROME DE CREUTZFELD-JACOB 9 -PATHOLOGIE DE L'IMMUNITE, AFFECTIONS ET CONDITIONS DIVERSES DEFICITS IMMUNITAIRES",non,1997 AJOUT
9000,9,PATHOLOGIE DE L'IMMUNITE - AFFECTION ET CONDITIONS DIVERSES,90,DEFICIT IMMUNITAIRE PRIMITIF OU SECONDAIRE (SAI),00,DEFICIT IMMUNITAIRE PRIMITIF OU SECONDAIRE (SAI),DEFICIT IMMUNITAIRE PRIMITIF OU SECONDAIRE (SAI),oui,
9010,9,PATHOLOGIE DE L'IMMUNITE - AFFECTION ET CONDITIONS DIVERSES,90,DEFICIT IMMUNITAIRE PRIMITIF OU SECONDAIRE (SAI),10,DEFICIT SERO-IMMUNITAIRE PRIMITIF (SAI),DEFICIT SERO-IMMUNITAIRE PRIMITIF (SAI),oui,
9012,9,PATHOLOGIE DE L'IMMUNITE - AFFECTION ET CONDITIONS DIVERSES,90,DEFICIT IMMUNITAIRE PRIMITIF OU SECONDAIRE (SAI),12,MALADIE DE BRUTON - HYPOGAMMAGLOBULINEMIE,MALADIE DE BRUTON - HYPOGAMMAGLOBULINEMIE,non,
9013,9,PATHOLOGIE DE L'IMMUNITE - AFFECTION ET CONDITIONS DIVERSES,90,DEFICIT IMMUNITAIRE PRIMITIF OU SECONDAIRE (SAI),13,AGAMMAGLOBULINEMIE,AGAMMAGLOBULINEMIE,non,1992 AJOUT
9014,9,PATHOLOGIE DE L'IMMUNITE - AFFECTION ET CONDITIONS DIVERSES,90,DEFICIT IMMUNITAIRE PRIMITIF OU SECONDAIRE (SAI),14,DYSGLOBULINEMIE (SAI),DYSGLOBULINEMIE (SAI),oui,
9016,9,PATHOLOGIE DE L'IMMUNITE - AFFECTION ET CONDITIONS DIVERSES,90,DEFICIT IMMUNITAIRE PRIMITIF OU SECONDAIRE (SAI),16,GAMMAPATHIE MONOCLONALE DE SIGNIFICATION INDETERMINEE (A NE PLUS UTILISER CF 9540),GAMMAPATHIE MONOCLONALE DE SIGNIFICATION INDETERMINEE (A NE PLUS UTILISER CF 9540),non,1999 SUPPR
9020,9,PATHOLOGIE DE L'IMMUNITE - AFFECTION ET CONDITIONS DIVERSES,90,DEFICIT IMMUNITAIRE PRIMITIF OU SECONDAIRE (SAI),20,DEFICIT HISTO-IMMUNITAIRE PRIMITIF (SAI),DEFICIT HISTO-IMMUNITAIRE PRIMITIF (SAI),oui,
9022,9,PATHOLOGIE DE L'IMMUNITE - AFFECTION ET CONDITIONS DIVERSES,90,DEFICIT IMMUNITAIRE PRIMITIF OU SECONDAIRE (SAI),22,SYNDROME DE DI GEORGE - SYNDROME DE HONG ET GOOD - ATAXIE - TELANGIECTASIE,SYNDROME DE DI GEORGE - SYNDROME DE HONG ET GOOD - ATAXIE - TELANGIECTASIE,non,
9028,9,PATHOLOGIE DE L'IMMUNITE - AFFECTION ET CONDITIONS DIVERSES,90,DEFICIT IMMUNITAIRE PRIMITIF OU SECONDAIRE (SAI),28,ALYMPHOCYTOSE DE NEZELOF,ALYMPHOCYTOSE DE NEZELOF,non,
9030,9,PATHOLOGIE DE L'IMMUNITE - AFFECTION ET CONDITIONS DIVERSES,90,DEFICIT IMMUNITAIRE PRIMITIF OU SECONDAIRE (SAI),30,DEFICIT IMMUNITAIRE MIXTE PRIMITIF (SAI),DEFICIT IMMUNITAIRE MIXTE PRIMITIF (SAI),oui,
9032,9,PATHOLOGIE DE L'IMMUNITE - AFFECTION ET CONDITIONS DIVERSES,90,DEFICIT IMMUNITAIRE PRIMITIF OU SECONDAIRE (SAI),32,ALEUCIE CONGENITALE,ALEUCIE CONGENITALE,non,
9034,9,PATHOLOGIE DE L'IMMUNITE - AFFECTION ET CONDITIONS DIVERSES,90,DEFICIT IMMUNITAIRE PRIMITIF OU SECONDAIRE (SAI),34,LYMPHOCYTOPHTISIE DE GLANZMANN,LYMPHOCYTOPHTISIE DE GLANZMANN,non,
9036,9,PATHOLOGIE DE L'IMMUNITE - AFFECTION ET CONDITIONS DIVERSES,90,DEFICIT IMMUNITAIRE PRIMITIF OU SECONDAIRE (SAI),36,SYNDROME DE GOOD,SYNDROME DE GOOD,non,
9040,9,PATHOLOGIE DE L'IMMUNITE - AFFECTION ET CONDITIONS DIVERSES,90,DEFICIT IMMUNITAIRE PRIMITIF OU SECONDAIRE (SAI),40,DEFICIT IMMUNITAIRE PRIMITIF PAR TROUBLE DE LA PHAGOCYTOSE (SAI),DEFICIT IMMUNITAIRE PRIMITIF PAR TROUBLE DE LA PHAGOCYTOSE (SAI),oui,
9042,9,PATHOLOGIE DE L'IMMUNITE - AFFECTION ET CONDITIONS DIVERSES,90,DEFICIT IMMUNITAIRE PRIMITIF OU SECONDAIRE (SAI),42,MALADIE DE CHEDIAK-HIGASHI - HYPOMELANOSE CUTANEE,MALADIE DE CHEDIAK-HIGASHI - HYPOMELANOSE CUTANEE,non,1999 MODIF
9044,9,PATHOLOGIE DE L'IMMUNITE - AFFECTION ET CONDITIONS DIVERSES,90,DEFICIT IMMUNITAIRE PRIMITIF OU SECONDAIRE (SAI),44,MALADIE DE WISKOTT ET ALDRICH,MALADIE DE WISKOTT ET ALDRICH,non,
9046,9,PATHOLOGIE DE L'IMMUNITE - AFFECTION ET CONDITIONS DIVERSES,90,DEFICIT IMMUNITAIRE PRIMITIF OU SECONDAIRE (SAI),46,GRANULOMATOSE SEPTIQUE FAMILIALE,GRANULOMATOSE SEPTIQUE FAMILIALE,non,
9048,9,PATHOLOGIE DE L'IMMUNITE - AFFECTION ET CONDITIONS DIVERSES,90,DEFICIT IMMUNITAIRE PRIMITIF OU SECONDAIRE (SAI),48,HYSTIOCYTOSE LIPOCHROMIQUE FAMILIALE,HYSTIOCYTOSE LIPOCHROMIQUE FAMILIALE,non,
9070,9,PATHOLOGIE DE L'IMMUNITE - AFFECTION ET CONDITIONS DIVERSES,90,DEFICIT IMMUNITAIRE PRIMITIF OU SECONDAIRE (SAI),70,DEFICIT IMMUNITAIRE SECONDAIRE (SAI),DEFICIT IMMUNITAIRE SECONDAIRE (SAI),oui,
9072,9,PATHOLOGIE DE L'IMMUNITE - AFFECTION ET CONDITIONS DIVERSES,90,DEFICIT IMMUNITAIRE PRIMITIF OU SECONDAIRE (SAI),72,"DEFICIT IMMUNITAIRE POST-THERAPEUTIQUE (RADIO, CHIMIO, ET CORTICOTHERAPIES, SERUM ANTILYMPHOCYTAIRE)","DEFICIT IMMUNITAIRE POST-THERAPEUTIQUE (RADIO, CHIMIO, ET CORTICOTHERAPIES, SERUM ANTILYMPHOCYTAIRE)",non,
9074,9,PATHOLOGIE DE L'IMMUNITE - AFFECTION ET CONDITIONS DIVERSES,90,DEFICIT IMMUNITAIRE PRIMITIF OU SECONDAIRE (SAI),74,"DEFICIT IMMUNITAIRE AU COURS DES AFFECTIONS LYMPHOIDES (HODGKIN, LEUCEMIE LYMPHOIDE CHRONIQUE, BESNIER BOECK SHAUMANN, CANCER METASTATIQUE)","DEFICIT IMMUNITAIRE AU COURS DES AFFECTIONS LYMPHOIDES (HODGKIN, LEUCEMIE LYMPHOIDE CHRONIQUE, BESNIER BOECK SHAUMANN, CANCER METASTATIQUE)",non,
9080,9,PATHOLOGIE DE L'IMMUNITE - AFFECTION ET CONDITIONS DIVERSES,90,DEFICIT IMMUNITAIRE PRIMITIF OU SECONDAIRE (SAI),80,DEPLETION LYMPHOCYTAIRE (SAI),DEPLETION LYMPHOCYTAIRE (SAI),oui,
9082,9,PATHOLOGIE DE L'IMMUNITE - AFFECTION ET CONDITIONS DIVERSES,90,DEFICIT IMMUNITAIRE PRIMITIF OU SECONDAIRE (SAI),82,DEPLETION DES ZONES B DEPENDANTES,DEPLETION DES ZONES B DEPENDANTES,non,
9084,9,PATHOLOGIE DE L'IMMUNITE - AFFECTION ET CONDITIONS DIVERSES,90,DEFICIT IMMUNITAIRE PRIMITIF OU SECONDAIRE (SAI),84,DEPLETION DES ZONES T DEPENDANTES,DEPLETION DES ZONES T DEPENDANTES,non,
9086,9,PATHOLOGIE DE L'IMMUNITE - AFFECTION ET CONDITIONS DIVERSES,90,DEFICIT IMMUNITAIRE PRIMITIF OU SECONDAIRE (SAI),86,DEPLETION DES ZONES B ET T DEPENDANTES,DEPLETION DES ZONES B ET T DEPENDANTES,non,
9088,9,PATHOLOGIE DE L'IMMUNITE - AFFECTION ET CONDITIONS DIVERSES,90,DEFICIT IMMUNITAIRE PRIMITIF OU SECONDAIRE (SAI),88,DEPLETION LYMPHOCYTAIRE DE LA SOUFFRANCE FOETALE CHRONIQUE,DEPLETION LYMPHOCYTAIRE DE LA SOUFFRANCE FOETALE CHRONIQUE,non,1992 AJOUT
9090,9,PATHOLOGIE DE L'IMMUNITE - AFFECTION ET CONDITIONS DIVERSES,90,DEFICIT IMMUNITAIRE PRIMITIF OU SECONDAIRE (SAI),90,SYNDROME D'IMMUNODEFICIENCE ACQUISE (SAI) - SIDA (SAI),SYNDROME D'IMMUNODEFICIENCE ACQUISE (SAI) - SIDA (SAI),oui,1998 MODIF
9092,9,PATHOLOGIE DE L'IMMUNITE - AFFECTION ET CONDITIONS DIVERSES,90,DEFICIT IMMUNITAIRE PRIMITIF OU SECONDAIRE (SAI),92,LESION PARTICULIERE DE CERTAINS ORGANES EN RAPPORT AVEC L'INFECTION HIV,LESION PARTICULIERE DE CERTAINS ORGANES EN RAPPORT AVEC L'INFECTION HIV,non,1998 MODIF
9093,9,PATHOLOGIE DE L'IMMUNITE - AFFECTION ET CONDITIONS DIVERSES,90,DEFICIT IMMUNITAIRE PRIMITIF OU SECONDAIRE (SAI),93,SIDA STADE CDC 1,SIDA STADE CDC 1,non,1998 AJOUT
9094,9,PATHOLOGIE DE L'IMMUNITE - AFFECTION ET CONDITIONS DIVERSES,90,DEFICIT IMMUNITAIRE PRIMITIF OU SECONDAIRE (SAI),94,SIDA STADE CDC 2,SIDA STADE CDC 2,non,1998 AJOUT
9095,9,PATHOLOGIE DE L'IMMUNITE - AFFECTION ET CONDITIONS DIVERSES,90,DEFICIT IMMUNITAIRE PRIMITIF OU SECONDAIRE (SAI),95,SIDA STADE CDC 3,SIDA STADE CDC 3,non,1998 AJOUT
9096,9,PATHOLOGIE DE L'IMMUNITE - AFFECTION ET CONDITIONS DIVERSES,90,DEFICIT IMMUNITAIRE PRIMITIF OU SECONDAIRE (SAI),96,SIDA STADE CDC 4 INFLAMMATION ALLERGIQUE,SIDA STADE CDC 4 INFLAMMATION ALLERGIQUE,non,1998 AJOUT
9100,9,PATHOLOGIE DE L'IMMUNITE - AFFECTION ET CONDITIONS DIVERSES,91,INFLAMMATION ALLERGIQUE (SAI),00,INFLAMMATION ALLERGIQUE (SAI),INFLAMMATION ALLERGIQUE (SAI),oui,
9110,9,PATHOLOGIE DE L'IMMUNITE - AFFECTION ET CONDITIONS DIVERSES,91,INFLAMMATION ALLERGIQUE (SAI),10,HYPERSENSIBILITE DE TYPE I (SAI),HYPERSENSIBILITE DE TYPE I (SAI),oui,
9112,9,PATHOLOGIE DE L'IMMUNITE - AFFECTION ET CONDITIONS DIVERSES,91,INFLAMMATION ALLERGIQUE (SAI),12,ANAPHYLAXIE,ANAPHYLAXIE,non,
9114,9,PATHOLOGIE DE L'IMMUNITE - AFFECTION ET CONDITIONS DIVERSES,91,INFLAMMATION ALLERGIQUE (SAI),14,ASTHME,ASTHME,non,
9118,9,PATHOLOGIE DE L'IMMUNITE - AFFECTION ET CONDITIONS DIVERSES,91,INFLAMMATION ALLERGIQUE (SAI),18,CHOC ANAPHYLACTIQUE,CHOC ANAPHYLACTIQUE,non,
9121,9,PATHOLOGIE DE L'IMMUNITE - AFFECTION ET CONDITIONS DIVERSES,91,INFLAMMATION ALLERGIQUE (SAI),21,ECZEMA,ECZEMA,non,
9122,9,PATHOLOGIE DE L'IMMUNITE - AFFECTION ET CONDITIONS DIVERSES,91,INFLAMMATION ALLERGIQUE (SAI),22,OEDEME DE QUINCKE,OEDEME DE QUINCKE,non,
9124,9,PATHOLOGIE DE L'IMMUNITE - AFFECTION ET CONDITIONS DIVERSES,91,INFLAMMATION ALLERGIQUE (SAI),24,RHINITE ALLERGIQUE,RHINITE ALLERGIQUE,non,
9125,9,PATHOLOGIE DE L'IMMUNITE - AFFECTION ET CONDITIONS DIVERSES,91,INFLAMMATION ALLERGIQUE (SAI),25,ALLERGIE POLLINIQUE,ALLERGIE POLLINIQUE,non,2003 AJOUT
9126,9,PATHOLOGIE DE L'IMMUNITE - AFFECTION ET CONDITIONS DIVERSES,91,INFLAMMATION ALLERGIQUE (SAI),26,URTICAIRE,URTICAIRE,non,
9127,9,PATHOLOGIE DE L'IMMUNITE - AFFECTION ET CONDITIONS DIVERSES,91,INFLAMMATION ALLERGIQUE (SAI),27,ALLERGIE PRINTANIERE,ALLERGIE PRINTANIERE,non,2003 AJOUT
9130,9,PATHOLOGIE DE L'IMMUNITE - AFFECTION ET CONDITIONS DIVERSES,91,INFLAMMATION ALLERGIQUE (SAI),30,HYPERSENSIBILITE DE TYPE II (SAI),HYPERSENSIBILITE DE TYPE II (SAI),oui,
9132,9,PATHOLOGIE DE L'IMMUNITE - AFFECTION ET CONDITIONS DIVERSES,91,INFLAMMATION ALLERGIQUE (SAI),32,ANEMIE HEMOLYTIQUE AUTO-IMMUNE,ANEMIE HEMOLYTIQUE AUTO-IMMUNE,non,
9134,9,PATHOLOGIE DE L'IMMUNITE - AFFECTION ET CONDITIONS DIVERSES,91,INFLAMMATION ALLERGIQUE (SAI),34,PURPURA DACKROID,PURPURA DACKROID,non,
9140,9,PATHOLOGIE DE L'IMMUNITE - AFFECTION ET CONDITIONS DIVERSES,91,INFLAMMATION ALLERGIQUE (SAI),40,HYPERSENSIBILITE DE TYPE III (SAI),HYPERSENSIBILITE DE TYPE III (SAI),oui,
9142,9,PATHOLOGIE DE L'IMMUNITE - AFFECTION ET CONDITIONS DIVERSES,91,INFLAMMATION ALLERGIQUE (SAI),42,COMPLEXES IMMUNS CIRCULANTS,COMPLEXES IMMUNS CIRCULANTS,non,
9144,9,PATHOLOGIE DE L'IMMUNITE - AFFECTION ET CONDITIONS DIVERSES,91,INFLAMMATION ALLERGIQUE (SAI),44,MALADIE SERIQUE,MALADIE SERIQUE,non,
9182,9,PATHOLOGIE DE L'IMMUNITE - AFFECTION ET CONDITIONS DIVERSES,91,INFLAMMATION ALLERGIQUE (SAI),82,HYPERSENSIBILITE DE TYPE IV A MEDIATION CELLULAIRE (SAI),HYPERSENSIBILITE DE TYPE IV A MEDIATION CELLULAIRE (SAI),oui,
9190,9,PATHOLOGIE DE L'IMMUNITE - AFFECTION ET CONDITIONS DIVERSES,91,INFLAMMATION ALLERGIQUE (SAI),90,HYPERSENSIBILITE D'ORIGINE MEDICAMENTEUSE (SAI) INFLAMMATION RHUMATISMALE,HYPERSENSIBILITE D'ORIGINE MEDICAMENTEUSE (SAI) INFLAMMATION RHUMATISMALE,oui,1992 AJOUT
9200,9,PATHOLOGIE DE L'IMMUNITE - AFFECTION ET CONDITIONS DIVERSES,92,INFLAMMATION RHUMATISMALE (SAI),00,INFLAMMATION RHUMATISMALE (SAI),INFLAMMATION RHUMATISMALE (SAI),oui,
9201,9,PATHOLOGIE DE L'IMMUNITE - AFFECTION ET CONDITIONS DIVERSES,92,INFLAMMATION RHUMATISMALE (SAI),01,NODULE OU NODOSITE RHUMATISMALE,NODULE OU NODOSITE RHUMATISMALE,non,
9210,9,PATHOLOGIE DE L'IMMUNITE - AFFECTION ET CONDITIONS DIVERSES,92,INFLAMMATION RHUMATISMALE (SAI),10,RHUMATISME ARTICULAIRE AIGU,RHUMATISME ARTICULAIRE AIGU,non,
9220,9,PATHOLOGIE DE L'IMMUNITE - AFFECTION ET CONDITIONS DIVERSES,92,INFLAMMATION RHUMATISMALE (SAI),20,ARTHRITE REACTIONNELLE (SAI),ARTHRITE REACTIONNELLE (SAI),oui,
9222,9,PATHOLOGIE DE L'IMMUNITE - AFFECTION ET CONDITIONS DIVERSES,92,INFLAMMATION RHUMATISMALE (SAI),22,SYNDROME DE FIESSENGER - LEROY - REITER,SYNDROME DE FIESSENGER - LEROY - REITER,non,
9230,9,PATHOLOGIE DE L'IMMUNITE - AFFECTION ET CONDITIONS DIVERSES,92,INFLAMMATION RHUMATISMALE (SAI),30,POLYARTHRITE RHUMATOIDE,POLYARTHRITE RHUMATOIDE,non,
9232,9,PATHOLOGIE DE L'IMMUNITE - AFFECTION ET CONDITIONS DIVERSES,92,INFLAMMATION RHUMATISMALE (SAI),32,POLYARTHRITE JUVENILE,POLYARTHRITE JUVENILE,non,
9240,9,PATHOLOGIE DE L'IMMUNITE - AFFECTION ET CONDITIONS DIVERSES,92,INFLAMMATION RHUMATISMALE (SAI),40,RHUMATISME DES COLITES ULCEREUSES,RHUMATISME DES COLITES ULCEREUSES,non,
9250,9,PATHOLOGIE DE L'IMMUNITE - AFFECTION ET CONDITIONS DIVERSES,92,INFLAMMATION RHUMATISMALE (SAI),50,RHUMATISME PSORIASIQUE,RHUMATISME PSORIASIQUE,non,
9260,9,PATHOLOGIE DE L'IMMUNITE - AFFECTION ET CONDITIONS DIVERSES,92,INFLAMMATION RHUMATISMALE (SAI),60,PELVISPONDYLITE RHUMATISMALE,PELVISPONDYLITE RHUMATISMALE,non,
9270,9,PATHOLOGIE DE L'IMMUNITE - AFFECTION ET CONDITIONS DIVERSES,92,INFLAMMATION RHUMATISMALE (SAI),70,FIBROSE POST RHUMATISMALE ANGEITES – CONNECTIVITES – LUPUS – SCLERODERMIE,FIBROSE POST RHUMATISMALE ANGEITES – CONNECTIVITES – LUPUS – SCLERODERMIE,non,
9300,9,PATHOLOGIE DE L'IMMUNITE - AFFECTION ET CONDITIONS DIVERSES,93,ANGEITE ET CONNECTIVITE (SAI),00,ANGEITE ET CONNECTIVITE (SAI),ANGEITE ET CONNECTIVITE (SAI),oui,
9310,9,PATHOLOGIE DE L'IMMUNITE - AFFECTION ET CONDITIONS DIVERSES,93,ANGEITE ET CONNECTIVITE (SAI),10,ANGEITE GRANULOMATEUSE ET/OU NECROSANTE (SAI),ANGEITE GRANULOMATEUSE ET/OU NECROSANTE (SAI),oui,
9312,9,PATHOLOGIE DE L'IMMUNITE - AFFECTION ET CONDITIONS DIVERSES,93,ANGEITE ET CONNECTIVITE (SAI),12,ANGEITE LEUCOCYTOCLASIQUE (SAI),ANGEITE LEUCOCYTOCLASIQUE (SAI),oui,
9313,9,PATHOLOGIE DE L'IMMUNITE - AFFECTION ET CONDITIONS DIVERSES,93,ANGEITE ET CONNECTIVITE (SAI),13,SYNDROME DE BEHCET,SYNDROME DE BEHCET,non,
9316,9,PATHOLOGIE DE L'IMMUNITE - AFFECTION ET CONDITIONS DIVERSES,93,ANGEITE ET CONNECTIVITE (SAI),16,CRYOGLOBULINEMIE,CRYOGLOBULINEMIE,non,
9319,9,PATHOLOGIE DE L'IMMUNITE - AFFECTION ET CONDITIONS DIVERSES,93,ANGEITE ET CONNECTIVITE (SAI),19,PURPURA RHUMATOIDE,PURPURA RHUMATOIDE,non,
9321,9,PATHOLOGIE DE L'IMMUNITE - AFFECTION ET CONDITIONS DIVERSES,93,ANGEITE ET CONNECTIVITE (SAI),21,PURPURA THROMBOTIQUE THROMBOCYTOPENIQUE,PURPURA THROMBOTIQUE THROMBOCYTOPENIQUE,non,
9323,9,PATHOLOGIE DE L'IMMUNITE - AFFECTION ET CONDITIONS DIVERSES,93,ANGEITE ET CONNECTIVITE (SAI),23,MALADIE DE KAWASAKI,MALADIE DE KAWASAKI,non,
9325,9,PATHOLOGIE DE L'IMMUNITE - AFFECTION ET CONDITIONS DIVERSES,93,ANGEITE ET CONNECTIVITE (SAI),25,PERIARTERITE NOUEUSE,PERIARTERITE NOUEUSE,non,
9330,9,PATHOLOGIE DE L'IMMUNITE - AFFECTION ET CONDITIONS DIVERSES,93,ANGEITE ET CONNECTIVITE (SAI),30,ANGEITE D'HYPERSENSIBILITE NECROSANTE (SAI),ANGEITE D'HYPERSENSIBILITE NECROSANTE (SAI),oui,
9331,9,PATHOLOGIE DE L'IMMUNITE - AFFECTION ET CONDITIONS DIVERSES,93,ANGEITE ET CONNECTIVITE (SAI),31,GRANULOMATOSE ALLERGIQUE DE CHURG ET STRAUSS,GRANULOMATOSE ALLERGIQUE DE CHURG ET STRAUSS,non,
9332,9,PATHOLOGIE DE L'IMMUNITE - AFFECTION ET CONDITIONS DIVERSES,93,ANGEITE ET CONNECTIVITE (SAI),32,WEGENER,WEGENER,non,
9333,9,PATHOLOGIE DE L'IMMUNITE - AFFECTION ET CONDITIONS DIVERSES,93,ANGEITE ET CONNECTIVITE (SAI),33,BUERGER,BUERGER,non,
9334,9,PATHOLOGIE DE L'IMMUNITE - AFFECTION ET CONDITIONS DIVERSES,93,ANGEITE ET CONNECTIVITE (SAI),34,HORTON,HORTON,non,
9335,9,PATHOLOGIE DE L'IMMUNITE - AFFECTION ET CONDITIONS DIVERSES,93,ANGEITE ET CONNECTIVITE (SAI),35,TAKAYASU,TAKAYASU,non,
9336,9,PATHOLOGIE DE L'IMMUNITE - AFFECTION ET CONDITIONS DIVERSES,93,ANGEITE ET CONNECTIVITE (SAI),36,GRANULOME CENTROFACIAL,GRANULOME CENTROFACIAL,non,
9337,9,PATHOLOGIE DE L'IMMUNITE - AFFECTION ET CONDITIONS DIVERSES,93,ANGEITE ET CONNECTIVITE (SAI),37,SYNDROME DE GOODPASTURE,SYNDROME DE GOODPASTURE,non,
9350,9,PATHOLOGIE DE L'IMMUNITE - AFFECTION ET CONDITIONS DIVERSES,93,ANGEITE ET CONNECTIVITE (SAI),50,ANGEITE NON CLASSEE (SAI),ANGEITE NON CLASSEE (SAI),oui,
9352,9,PATHOLOGIE DE L'IMMUNITE - AFFECTION ET CONDITIONS DIVERSES,93,ANGEITE ET CONNECTIVITE (SAI),52,VASCULARITE LYMPHOCYTAIRE,VASCULARITE LYMPHOCYTAIRE,non,1992 AJOUT
9354,9,PATHOLOGIE DE L'IMMUNITE - AFFECTION ET CONDITIONS DIVERSES,93,ANGEITE ET CONNECTIVITE (SAI),54,ANGEITE LYMPHOCYTAIRE BENIGNE (POUMON),ANGEITE LYMPHOCYTAIRE BENIGNE (POUMON),non,1992 AJOUT
9360,9,PATHOLOGIE DE L'IMMUNITE - AFFECTION ET CONDITIONS DIVERSES,93,ANGEITE ET CONNECTIVITE (SAI),60,MALADIE LUPIQUE (SAI),MALADIE LUPIQUE (SAI),oui,
9361,9,PATHOLOGIE DE L'IMMUNITE - AFFECTION ET CONDITIONS DIVERSES,93,ANGEITE ET CONNECTIVITE (SAI),61,LUPUS ERYTHEMATEUX DISSEMINE AIGU,LUPUS ERYTHEMATEUX DISSEMINE AIGU,non,
9362,9,PATHOLOGIE DE L'IMMUNITE - AFFECTION ET CONDITIONS DIVERSES,93,ANGEITE ET CONNECTIVITE (SAI),62,LUPUS ERYTHEMATEUX DISSEMINE CHRONIQUE,LUPUS ERYTHEMATEUX DISSEMINE CHRONIQUE,non,
9363,9,PATHOLOGIE DE L'IMMUNITE - AFFECTION ET CONDITIONS DIVERSES,93,ANGEITE ET CONNECTIVITE (SAI),63,LUPUS ERYTHEMATEUX CHRONIQUE DISCOIDE,LUPUS ERYTHEMATEUX CHRONIQUE DISCOIDE,non,
9364,9,PATHOLOGIE DE L'IMMUNITE - AFFECTION ET CONDITIONS DIVERSES,93,ANGEITE ET CONNECTIVITE (SAI),64,LUPUS PROFOND,LUPUS PROFOND,non,
9365,9,PATHOLOGIE DE L'IMMUNITE - AFFECTION ET CONDITIONS DIVERSES,93,ANGEITE ET CONNECTIVITE (SAI),65,LUPUS LICHENOIDE,LUPUS LICHENOIDE,non,
9366,9,PATHOLOGIE DE L'IMMUNITE - AFFECTION ET CONDITIONS DIVERSES,93,ANGEITE ET CONNECTIVITE (SAI),66,LUPUS TUMIDUS,LUPUS TUMIDUS,non,
9367,9,PATHOLOGIE DE L'IMMUNITE - AFFECTION ET CONDITIONS DIVERSES,93,ANGEITE ET CONNECTIVITE (SAI),67,LUPUS BULLEUX,LUPUS BULLEUX,non,
9368,9,PATHOLOGIE DE L'IMMUNITE - AFFECTION ET CONDITIONS DIVERSES,93,ANGEITE ET CONNECTIVITE (SAI),68,LUPUS INDUIT,LUPUS INDUIT,non,
9369,9,PATHOLOGIE DE L'IMMUNITE - AFFECTION ET CONDITIONS DIVERSES,93,ANGEITE ET CONNECTIVITE (SAI),69,LUPUS ERYTHEMATEUX SUBAIGU,LUPUS ERYTHEMATEUX SUBAIGU,non,
9370,9,PATHOLOGIE DE L'IMMUNITE - AFFECTION ET CONDITIONS DIVERSES,93,ANGEITE ET CONNECTIVITE (SAI),70,POLYMYOSITE - DERMATOMYOSITE (SAI),POLYMYOSITE - DERMATOMYOSITE (SAI),oui,
9371,9,PATHOLOGIE DE L'IMMUNITE - AFFECTION ET CONDITIONS DIVERSES,93,ANGEITE ET CONNECTIVITE (SAI),71,POLYMYOSITE SUBAIGUE ET CHRONIQUE,POLYMYOSITE SUBAIGUE ET CHRONIQUE,non,
9372,9,PATHOLOGIE DE L'IMMUNITE - AFFECTION ET CONDITIONS DIVERSES,93,ANGEITE ET CONNECTIVITE (SAI),72,DERMATOMYOSITE AIGUE,DERMATOMYOSITE AIGUE,non,
9373,9,PATHOLOGIE DE L'IMMUNITE - AFFECTION ET CONDITIONS DIVERSES,93,ANGEITE ET CONNECTIVITE (SAI),73,POIKILODERMATOMYOSITE,POIKILODERMATOMYOSITE,non,
9375,9,PATHOLOGIE DE L'IMMUNITE - AFFECTION ET CONDITIONS DIVERSES,93,ANGEITE ET CONNECTIVITE (SAI),75,DERMATOMYOSITE DE L'ENFANT,DERMATOMYOSITE DE L'ENFANT,non,
9377,9,PATHOLOGIE DE L'IMMUNITE - AFFECTION ET CONDITIONS DIVERSES,93,ANGEITE ET CONNECTIVITE (SAI),77,DERMATOPOLYMYOSITE PARANEOPLASIQUE,DERMATOPOLYMYOSITE PARANEOPLASIQUE,non,
9378,9,PATHOLOGIE DE L'IMMUNITE - AFFECTION ET CONDITIONS DIVERSES,93,ANGEITE ET CONNECTIVITE (SAI),78,MYOSITE AU COURS DES CONNECTIVITES,MYOSITE AU COURS DES CONNECTIVITES,non,
9380,9,PATHOLOGIE DE L'IMMUNITE - AFFECTION ET CONDITIONS DIVERSES,93,ANGEITE ET CONNECTIVITE (SAI),80,SCLERODERMIE (SAI),SCLERODERMIE (SAI),oui,
9381,9,PATHOLOGIE DE L'IMMUNITE - AFFECTION ET CONDITIONS DIVERSES,93,ANGEITE ET CONNECTIVITE (SAI),81,SCLERODERMIE SYSTEMIQUE,SCLERODERMIE SYSTEMIQUE,non,
9382,9,PATHOLOGIE DE L'IMMUNITE - AFFECTION ET CONDITIONS DIVERSES,93,ANGEITE ET CONNECTIVITE (SAI),82,SCLERODERMIE LOCALISEE - MORPHEE,SCLERODERMIE LOCALISEE - MORPHEE,non,
9383,9,PATHOLOGIE DE L'IMMUNITE - AFFECTION ET CONDITIONS DIVERSES,93,ANGEITE ET CONNECTIVITE (SAI),83,SCLERODERMIE MONOMELIQUE,SCLERODERMIE MONOMELIQUE,non,
9384,9,PATHOLOGIE DE L'IMMUNITE - AFFECTION ET CONDITIONS DIVERSES,93,ANGEITE ET CONNECTIVITE (SAI),84,SCLERODERMIE OEDEMATEUSE,SCLERODERMIE OEDEMATEUSE,non,
9385,9,PATHOLOGIE DE L'IMMUNITE - AFFECTION ET CONDITIONS DIVERSES,93,ANGEITE ET CONNECTIVITE (SAI),85,SCLEROEDEME DE BUSCHKE,SCLEROEDEME DE BUSCHKE,non,
9387,9,PATHOLOGIE DE L'IMMUNITE - AFFECTION ET CONDITIONS DIVERSES,93,ANGEITE ET CONNECTIVITE (SAI),87,SYNDROME DE SHULMAN - FASCIITE AVEC EOSINOPHILIE,SYNDROME DE SHULMAN - FASCIITE AVEC EOSINOPHILIE,non,
9388,9,PATHOLOGIE DE L'IMMUNITE - AFFECTION ET CONDITIONS DIVERSES,93,ANGEITE ET CONNECTIVITE (SAI),88,SYNDROME DE THIEBERGE-WEISSENBACH - CRST SYNDROME,SYNDROME DE THIEBERGE-WEISSENBACH - CRST SYNDROME,non,
9389,9,PATHOLOGIE DE L'IMMUNITE - AFFECTION ET CONDITIONS DIVERSES,93,ANGEITE ET CONNECTIVITE (SAI),89,SCLEROATROPHIE,SCLEROATROPHIE,non,
9390,9,PATHOLOGIE DE L'IMMUNITE - AFFECTION ET CONDITIONS DIVERSES,93,ANGEITE ET CONNECTIVITE (SAI),90,SYNDROME DE SHARP - CONNECTIVITE MIXTE,SYNDROME DE SHARP - CONNECTIVITE MIXTE,non,
9392,9,PATHOLOGIE DE L'IMMUNITE - AFFECTION ET CONDITIONS DIVERSES,93,ANGEITE ET CONNECTIVITE (SAI),92,CONNECTIVITE ASSOCIEE OU INTRIQUEE MALADIES AUTOIMMUNES,CONNECTIVITE ASSOCIEE OU INTRIQUEE MALADIES AUTOIMMUNES,non,
9400,9,PATHOLOGIE DE L'IMMUNITE - AFFECTION ET CONDITIONS DIVERSES,94,MALADIE AUTOIMMUNE (SAI),00,MALADIE AUTOIMMUNE (SAI),MALADIE AUTOIMMUNE (SAI),oui,
9410,9,PATHOLOGIE DE L'IMMUNITE - AFFECTION ET CONDITIONS DIVERSES,94,MALADIE AUTOIMMUNE (SAI),10,MYASTHENIE,MYASTHENIE,non,
9420,9,PATHOLOGIE DE L'IMMUNITE - AFFECTION ET CONDITIONS DIVERSES,94,MALADIE AUTOIMMUNE (SAI),20,POLYCHONDRITE ATROPHIANTE,POLYCHONDRITE ATROPHIANTE,non,
9422,9,PATHOLOGIE DE L'IMMUNITE - AFFECTION ET CONDITIONS DIVERSES,94,MALADIE AUTOIMMUNE (SAI),22,SYNDROME DE GOUGEROT-SJOGREN,SYNDROME DE GOUGEROT-SJOGREN,non,1998 MODIF
9440,9,PATHOLOGIE DE L'IMMUNITE - AFFECTION ET CONDITIONS DIVERSES,94,MALADIE AUTOIMMUNE (SAI),40,POLYNEUROPATHIE INFLAMMATOIRE OU DYSIMMUNITAIRE (SAI),POLYNEUROPATHIE INFLAMMATOIRE OU DYSIMMUNITAIRE (SAI),oui,1999 MODIF
9441,9,PATHOLOGIE DE L'IMMUNITE - AFFECTION ET CONDITIONS DIVERSES,94,MALADIE AUTOIMMUNE (SAI),41,POLYRADICULONEVRITE AIGUE DE TYPE GUILLAIN BARRE,POLYRADICULONEVRITE AIGUE DE TYPE GUILLAIN BARRE,non,1999 MODIF
9442,9,PATHOLOGIE DE L'IMMUNITE - AFFECTION ET CONDITIONS DIVERSES,94,MALADIE AUTOIMMUNE (SAI),42,POLYRADICULONEVRITE AIGUE DE TYPE MILLER FISHER,POLYRADICULONEVRITE AIGUE DE TYPE MILLER FISHER,non,1999 AJOUT
9443,9,PATHOLOGIE DE L'IMMUNITE - AFFECTION ET CONDITIONS DIVERSES,94,MALADIE AUTOIMMUNE (SAI),43,POLYRADICULONEVRITE RECIDIVANTE ET A RECHUTE,POLYRADICULONEVRITE RECIDIVANTE ET A RECHUTE,non,
9444,9,PATHOLOGIE DE L'IMMUNITE - AFFECTION ET CONDITIONS DIVERSES,94,MALADIE AUTOIMMUNE (SAI),44,POLYRADICULONEVRITE CHRONIQUE,POLYRADICULONEVRITE CHRONIQUE,non,1999 AJOUT
9445,9,PATHOLOGIE DE L'IMMUNITE - AFFECTION ET CONDITIONS DIVERSES,94,MALADIE AUTOIMMUNE (SAI),45,NEUROPATHIE MOTRICE MULTIFOCALE AVEC BLOCS DE CONDUCTION ET AVEC OU SANS ANTICORPS ANTI GM1,NEUROPATHIE MOTRICE MULTIFOCALE AVEC BLOCS DE CONDUCTION ET AVEC OU SANS ANTICORPS ANTI GM1,non,1999 AJOUT
9446,9,PATHOLOGIE DE L'IMMUNITE - AFFECTION ET CONDITIONS DIVERSES,94,MALADIE AUTOIMMUNE (SAI),46,POLYNEUROPATHIE DEMYELINISANTE CHRONIQUE AVEC ANTICORPS ANTI MAG ET IGM MONOCLONALE,POLYNEUROPATHIE DEMYELINISANTE CHRONIQUE AVEC ANTICORPS ANTI MAG ET IGM MONOCLONALE,non,1999 AJOUT
9447,9,PATHOLOGIE DE L'IMMUNITE - AFFECTION ET CONDITIONS DIVERSES,94,MALADIE AUTOIMMUNE (SAI),47,NEUROPATHIE DYSAUTONOMIQUE AIGUE,NEUROPATHIE DYSAUTONOMIQUE AIGUE,non,1999 AJOUT
9448,9,PATHOLOGIE DE L'IMMUNITE - AFFECTION ET CONDITIONS DIVERSES,94,MALADIE AUTOIMMUNE (SAI),48,"POEMS SYNDROM (POLYNEUROPATHY, ORGANOMEGALY, ENDOCRINOPATHY,M-COMPONENT, SKIN)","POEMS SYNDROM (POLYNEUROPATHY, ORGANOMEGALY, ENDOCRINOPATHY,M-COMPONENT, SKIN)",non,1999 AJOUT
9450,9,PATHOLOGIE DE L'IMMUNITE - AFFECTION ET CONDITIONS DIVERSES,94,MALADIE AUTOIMMUNE (SAI),50,SCLEROSE EN PLAQUE,SCLEROSE EN PLAQUE,non,1999 AJOUT
9500,9,PATHOLOGIE DE L'IMMUNITE - AFFECTION ET CONDITIONS DIVERSES,95,LESION DYSIMMUNITAIRE PARTICULIERE (NCA),00,LESION DYSIMMUNITAIRE PARTICULIERE (NCA),LESION DYSIMMUNITAIRE PARTICULIERE (NCA),non,
9510,9,PATHOLOGIE DE L'IMMUNITE - AFFECTION ET CONDITIONS DIVERSES,95,LESION DYSIMMUNITAIRE PARTICULIERE (NCA),10,INFLAMMATION ANGIOIMMUNOBLASTIQUE,INFLAMMATION ANGIOIMMUNOBLASTIQUE,non,
9520,9,PATHOLOGIE DE L'IMMUNITE - AFFECTION ET CONDITIONS DIVERSES,95,LESION DYSIMMUNITAIRE PARTICULIERE (NCA),20,GRANULOMATOSE LYMPHOMATOIDE (SAI) – LESION IMMUNOPROLIFERATIVE ANGIOCENTRIQUE,GRANULOMATOSE LYMPHOMATOIDE (SAI) – LESION IMMUNOPROLIFERATIVE ANGIOCENTRIQUE,oui,2003 MODIF
9521,9,PATHOLOGIE DE L'IMMUNITE - AFFECTION ET CONDITIONS DIVERSES,95,LESION DYSIMMUNITAIRE PARTICULIERE (NCA),21,GRANULOMATOSE LYMPHOMATOIDE DE GRADE 1,GRANULOMATOSE LYMPHOMATOIDE DE GRADE 1,non,2003 AJOUT
9522,9,PATHOLOGIE DE L'IMMUNITE - AFFECTION ET CONDITIONS DIVERSES,95,LESION DYSIMMUNITAIRE PARTICULIERE (NCA),22,GRANULOMATOSE LYMPHOMATOIDE DE GRADE 2,GRANULOMATOSE LYMPHOMATOIDE DE GRADE 2,non,2003 AJOUT
9523,9,PATHOLOGIE DE L'IMMUNITE - AFFECTION ET CONDITIONS DIVERSES,95,LESION DYSIMMUNITAIRE PARTICULIERE (NCA),23,GRANULOMATOSE LYMPHOMATOIDE DE GRADE 3 (DOUBLE CODAGE AVEC LYMPHOME B DE TYPE GRANULOMATOSE LYMPHOMATOIDE: J7J8),GRANULOMATOSE LYMPHOMATOIDE DE GRADE 3 (DOUBLE CODAGE AVEC LYMPHOME B DE TYPE GRANULOMATOSE LYMPHOMATOIDE: J7J8),non,2003 AJOUT
9530,9,PATHOLOGIE DE L'IMMUNITE - AFFECTION ET CONDITIONS DIVERSES,95,LESION DYSIMMUNITAIRE PARTICULIERE (NCA),30,LYMPHOPROLIFERATION DES IMMUNODEPRIMES (SAI) (DOUBLE CODAGE AVEC L'ETIOLOGIE),LYMPHOPROLIFERATION DES IMMUNODEPRIMES (SAI) (DOUBLE CODAGE AVEC L'ETIOLOGIE),oui,1998 AJOUT
9531,9,PATHOLOGIE DE L'IMMUNITE - AFFECTION ET CONDITIONS DIVERSES,95,LESION DYSIMMUNITAIRE PARTICULIERE (NCA),31,LYMPHOPROLIFERATION B EBV INDUITE (DOUBLE CODAGE AVEC L'ETIOLOGIE),LYMPHOPROLIFERATION B EBV INDUITE (DOUBLE CODAGE AVEC L'ETIOLOGIE),non,1998 AJOUT
9535,9,PATHOLOGIE DE L'IMMUNITE - AFFECTION ET CONDITIONS DIVERSES,95,LESION DYSIMMUNITAIRE PARTICULIERE (NCA),35,LYMPHOPROLIFERATION T EBV INDUITE (DOUBLE CODAGE AVEC L'ETIOLOGIE),LYMPHOPROLIFERATION T EBV INDUITE (DOUBLE CODAGE AVEC L'ETIOLOGIE),non,1998 AJOUT
9540,9,PATHOLOGIE DE L'IMMUNITE - AFFECTION ET CONDITIONS DIVERSES,95,LESION DYSIMMUNITAIRE PARTICULIERE (NCA),40,GAMMAPATHIE MONOCLONALE DE SIGNIFICATION INDETERMINEE - MGUS,GAMMAPATHIE MONOCLONALE DE SIGNIFICATION INDETERMINEE - MGUS,non,1999 AJOUT
9541,9,PATHOLOGIE DE L'IMMUNITE - AFFECTION ET CONDITIONS DIVERSES,95,LESION DYSIMMUNITAIRE PARTICULIERE (NCA),41,GAMMAPATHIE MONOCLONALE A IGA,GAMMAPATHIE MONOCLONALE A IGA,non,1999 AJOUT
9542,9,PATHOLOGIE DE L'IMMUNITE - AFFECTION ET CONDITIONS DIVERSES,95,LESION DYSIMMUNITAIRE PARTICULIERE (NCA),42,GAMMAPATHIE MONOCLONALE A IGG,GAMMAPATHIE MONOCLONALE A IGG,non,1999 AJOUT
9543,9,PATHOLOGIE DE L'IMMUNITE - AFFECTION ET CONDITIONS DIVERSES,95,LESION DYSIMMUNITAIRE PARTICULIERE (NCA),43,GAMMAPATHIE MONOCLONALE A IGM TRANSPLANTATION,GAMMAPATHIE MONOCLONALE A IGM TRANSPLANTATION,non,1999 AJOUT
9600,9,PATHOLOGIE DE L'IMMUNITE - AFFECTION ET CONDITIONS DIVERSES,96,TRANSPLANTATION : PATHOLOGIE DES TISSUS ET ORGANES GREFFES (SAI),00,TRANSPLANTATION : PATHOLOGIE DES TISSUS ET ORGANES GREFFES (SAI),TRANSPLANTATION : PATHOLOGIE DES TISSUS ET ORGANES GREFFES (SAI),oui,
9611,9,PATHOLOGIE DE L'IMMUNITE - AFFECTION ET CONDITIONS DIVERSES,96,TRANSPLANTATION : PATHOLOGIE DES TISSUS ET ORGANES GREFFES (SAI),11,TRANSPLANTATION : GREFFE AUXILIAIRE,TRANSPLANTATION : GREFFE AUXILIAIRE,non,1998 AJOUT
9612,9,PATHOLOGIE DE L'IMMUNITE - AFFECTION ET CONDITIONS DIVERSES,96,TRANSPLANTATION : PATHOLOGIE DES TISSUS ET ORGANES GREFFES (SAI),12,TRANSPLANTATION : GREFFE ALLOGENIQUE - ALLOGREFFE,TRANSPLANTATION : GREFFE ALLOGENIQUE - ALLOGREFFE,non,
9613,9,PATHOLOGIE DE L'IMMUNITE - AFFECTION ET CONDITIONS DIVERSES,96,TRANSPLANTATION : PATHOLOGIE DES TISSUS ET ORGANES GREFFES (SAI),13,TRANSPLANTATION : GREFFE ALLOGENIQUE ABO INCOMPATIBLE- ALLOGREFFE ABO INCOMPATIBLE,TRANSPLANTATION : GREFFE ALLOGENIQUE ABO INCOMPATIBLE- ALLOGREFFE ABO INCOMPATIBLE,non,1992 AJOUT
9614,9,PATHOLOGIE DE L'IMMUNITE - AFFECTION ET CONDITIONS DIVERSES,96,TRANSPLANTATION : PATHOLOGIE DES TISSUS ET ORGANES GREFFES (SAI),14,TRANSPLANTATION : GREFFE AUTOGENIQUE - AUTOGREFFE,TRANSPLANTATION : GREFFE AUTOGENIQUE - AUTOGREFFE,non,
9616,9,PATHOLOGIE DE L'IMMUNITE - AFFECTION ET CONDITIONS DIVERSES,96,TRANSPLANTATION : PATHOLOGIE DES TISSUS ET ORGANES GREFFES (SAI),16,TRANSPLANTATION : GREFFE ISOGENIQUE - ISOGREFFE - GREFFE SYNGENIQUE,TRANSPLANTATION : GREFFE ISOGENIQUE - ISOGREFFE - GREFFE SYNGENIQUE,non,
9618,9,PATHOLOGIE DE L'IMMUNITE - AFFECTION ET CONDITIONS DIVERSES,96,TRANSPLANTATION : PATHOLOGIE DES TISSUS ET ORGANES GREFFES (SAI),18,TRANSPLANTATION : GREFFE XENOGENIQUE - XENOGREFFE - HETEROGREFFE,TRANSPLANTATION : GREFFE XENOGENIQUE - XENOGREFFE - HETEROGREFFE,non,
9619,9,PATHOLOGIE DE L'IMMUNITE - AFFECTION ET CONDITIONS DIVERSES,96,TRANSPLANTATION : PATHOLOGIE DES TISSUS ET ORGANES GREFFES (SAI),19,TRANSPLANTATION : GREFFON AVEC DONNEUR VIVANT,TRANSPLANTATION : GREFFON AVEC DONNEUR VIVANT,non,1998 AJOUT
9620,9,PATHOLOGIE DE L'IMMUNITE - AFFECTION ET CONDITIONS DIVERSES,96,TRANSPLANTATION : PATHOLOGIE DES TISSUS ET ORGANES GREFFES (SAI),20,TRANSPLANTATION : GREFFON (SAI),TRANSPLANTATION : GREFFON (SAI),oui,
9622,9,PATHOLOGIE DE L'IMMUNITE - AFFECTION ET CONDITIONS DIVERSES,96,TRANSPLANTATION : PATHOLOGIE DES TISSUS ET ORGANES GREFFES (SAI),22,TRANSPLANTATION : ORGANE DU RECEVEUR,TRANSPLANTATION : ORGANE DU RECEVEUR,non,
9623,9,PATHOLOGIE DE L'IMMUNITE - AFFECTION ET CONDITIONS DIVERSES,96,TRANSPLANTATION : PATHOLOGIE DES TISSUS ET ORGANES GREFFES (SAI),23,"TRANSPLANTATION , ORGANE DU DONNEUR (PATHOLOGIE AVANT TRANSPLANTATION)","TRANSPLANTATION , ORGANE DU DONNEUR (PATHOLOGIE AVANT TRANSPLANTATION)",non,2000 AJOUT
9624,9,PATHOLOGIE DE L'IMMUNITE - AFFECTION ET CONDITIONS DIVERSES,96,TRANSPLANTATION : PATHOLOGIE DES TISSUS ET ORGANES GREFFES (SAI),24,"TRANSPLANTATION , ORGANE DU DONNEUR (PATHOLOGIE APRES TRANSPLANTATION)","TRANSPLANTATION , ORGANE DU DONNEUR (PATHOLOGIE APRES TRANSPLANTATION)",non,2000 AJOUT
9625,9,PATHOLOGIE DE L'IMMUNITE - AFFECTION ET CONDITIONS DIVERSES,96,TRANSPLANTATION : PATHOLOGIE DES TISSUS ET ORGANES GREFFES (SAI),25,TRANSPLANTATION : GREFFON REFUSE,TRANSPLANTATION : GREFFON REFUSE,non,1998 MODIF
9626,9,PATHOLOGIE DE L'IMMUNITE - AFFECTION ET CONDITIONS DIVERSES,96,TRANSPLANTATION : PATHOLOGIE DES TISSUS ET ORGANES GREFFES (SAI),26,TRANSPLANTATION : GREFFON REDUIT,TRANSPLANTATION : GREFFON REDUIT,non,1992 AJOUT
9627,9,PATHOLOGIE DE L'IMMUNITE - AFFECTION ET CONDITIONS DIVERSES,96,TRANSPLANTATION : PATHOLOGIE DES TISSUS ET ORGANES GREFFES (SAI),27,TRANSPLANTATION : RETRANSPLANTATION - GREFFON DETRANSPLANTE,TRANSPLANTATION : RETRANSPLANTATION - GREFFON DETRANSPLANTE,non,1998 MODIF
9630,9,PATHOLOGIE DE L'IMMUNITE - AFFECTION ET CONDITIONS DIVERSES,96,TRANSPLANTATION : PATHOLOGIE DES TISSUS ET ORGANES GREFFES (SAI),30,TRANSPLANTATION : PATHOLOGIE DU REJET (SAI),TRANSPLANTATION : PATHOLOGIE DU REJET (SAI),oui,
9632,9,PATHOLOGIE DE L'IMMUNITE - AFFECTION ET CONDITIONS DIVERSES,96,TRANSPLANTATION : PATHOLOGIE DES TISSUS ET ORGANES GREFFES (SAI),32,TRANSPLANTATION : REJET HYPERAIGU OU SURAIGU,TRANSPLANTATION : REJET HYPERAIGU OU SURAIGU,non,
9634,9,PATHOLOGIE DE L'IMMUNITE - AFFECTION ET CONDITIONS DIVERSES,96,TRANSPLANTATION : PATHOLOGIE DES TISSUS ET ORGANES GREFFES (SAI),34,TRANSPLANTATION : REJET AIGU (SAI),TRANSPLANTATION : REJET AIGU (SAI),oui,
9635,9,PATHOLOGIE DE L'IMMUNITE - AFFECTION ET CONDITIONS DIVERSES,96,TRANSPLANTATION : PATHOLOGIE DES TISSUS ET ORGANES GREFFES (SAI),35,TRANSPLANTATION : REJET AIGU LEGER,TRANSPLANTATION : REJET AIGU LEGER,non,1992 AJOUT
9636,9,PATHOLOGIE DE L'IMMUNITE - AFFECTION ET CONDITIONS DIVERSES,96,TRANSPLANTATION : PATHOLOGIE DES TISSUS ET ORGANES GREFFES (SAI),36,TRANSPLANTATION : REJET AIGU MODERE,TRANSPLANTATION : REJET AIGU MODERE,non,1992 AJOUT
9637,9,PATHOLOGIE DE L'IMMUNITE - AFFECTION ET CONDITIONS DIVERSES,96,TRANSPLANTATION : PATHOLOGIE DES TISSUS ET ORGANES GREFFES (SAI),37,TRANSPLANTATION : REJET AIGU SEVERE,TRANSPLANTATION : REJET AIGU SEVERE,non,1992 AJOUT
9638,9,PATHOLOGIE DE L'IMMUNITE - AFFECTION ET CONDITIONS DIVERSES,96,TRANSPLANTATION : PATHOLOGIE DES TISSUS ET ORGANES GREFFES (SAI),38,TRANSPLANTATION : REJET CHRONIQUE (SAI),TRANSPLANTATION : REJET CHRONIQUE (SAI),oui,
9639,9,PATHOLOGIE DE L'IMMUNITE - AFFECTION ET CONDITIONS DIVERSES,96,TRANSPLANTATION : PATHOLOGIE DES TISSUS ET ORGANES GREFFES (SAI),39,TRANSPLANTATION : REJET CHRONIQUE AVEC ENDARTERITE A CELLULES SPUMEUSES,TRANSPLANTATION : REJET CHRONIQUE AVEC ENDARTERITE A CELLULES SPUMEUSES,non,1992 AJOUT
9641,9,PATHOLOGIE DE L'IMMUNITE - AFFECTION ET CONDITIONS DIVERSES,96,TRANSPLANTATION : PATHOLOGIE DES TISSUS ET ORGANES GREFFES (SAI),41,TRANSPLANTATION : REJET CHRONIQUE AVEC RAREFACTION DES CANAUX EXCRETEURS (CANAUX BILIAIRES ETC),TRANSPLANTATION : REJET CHRONIQUE AVEC RAREFACTION DES CANAUX EXCRETEURS (CANAUX BILIAIRES ETC),non,1992 AJOUT
9645,9,PATHOLOGIE DE L'IMMUNITE - AFFECTION ET CONDITIONS DIVERSES,96,TRANSPLANTATION : PATHOLOGIE DES TISSUS ET ORGANES GREFFES (SAI),45,TRANSPLANTATION : REJET CHRONIQUE CONSTITUE,TRANSPLANTATION : REJET CHRONIQUE CONSTITUE,non,1992 AJOUT
9646,9,PATHOLOGIE DE L'IMMUNITE - AFFECTION ET CONDITIONS DIVERSES,96,TRANSPLANTATION : PATHOLOGIE DES TISSUS ET ORGANES GREFFES (SAI),46,TRANSPLANTATION : REJET AIGU RESISTANT AU TRAITEMENT,TRANSPLANTATION : REJET AIGU RESISTANT AU TRAITEMENT,non,1992 AJOUT
9648,9,PATHOLOGIE DE L'IMMUNITE - AFFECTION ET CONDITIONS DIVERSES,96,TRANSPLANTATION : PATHOLOGIE DES TISSUS ET ORGANES GREFFES (SAI),48,TRANSPLANTATION : REJET AIGU AMELIORE PAR LE TRAITEMENT,TRANSPLANTATION : REJET AIGU AMELIORE PAR LE TRAITEMENT,non,1992 AJOUT
9650,9,PATHOLOGIE DE L'IMMUNITE - AFFECTION ET CONDITIONS DIVERSES,96,TRANSPLANTATION : PATHOLOGIE DES TISSUS ET ORGANES GREFFES (SAI),50,TRANSPLANTATION : PATHOLOGIE DU TRANSPLANT (SAI),TRANSPLANTATION : PATHOLOGIE DU TRANSPLANT (SAI),oui,
9651,9,PATHOLOGIE DE L'IMMUNITE - AFFECTION ET CONDITIONS DIVERSES,96,TRANSPLANTATION : PATHOLOGIE DES TISSUS ET ORGANES GREFFES (SAI),51,TRANSPLANTATION : LESIONS DE PRESERVATION DU GREFFON,TRANSPLANTATION : LESIONS DE PRESERVATION DU GREFFON,non,1998 AJOUT
9652,9,PATHOLOGIE DE L'IMMUNITE - AFFECTION ET CONDITIONS DIVERSES,96,TRANSPLANTATION : PATHOLOGIE DES TISSUS ET ORGANES GREFFES (SAI),52,TRANSPLANTATION : DYSFONCTIONNEMENT PRIMAIRE DU TRANSPLANT,TRANSPLANTATION : DYSFONCTIONNEMENT PRIMAIRE DU TRANSPLANT,non,1992 AJOUT
9660,9,PATHOLOGIE DE L'IMMUNITE - AFFECTION ET CONDITIONS DIVERSES,96,TRANSPLANTATION : PATHOLOGIE DES TISSUS ET ORGANES GREFFES (SAI),60,TRANSPLANTATION : MALADIE DU GREFFON CONTRE L'HOTE (SAI),TRANSPLANTATION : MALADIE DU GREFFON CONTRE L'HOTE (SAI),oui,
9661,9,PATHOLOGIE DE L'IMMUNITE - AFFECTION ET CONDITIONS DIVERSES,96,TRANSPLANTATION : PATHOLOGIE DES TISSUS ET ORGANES GREFFES (SAI),61,TRANSPLANTATION : MALADIE DU GREFFON CONTRE L'HOTE (AIGUE ),TRANSPLANTATION : MALADIE DU GREFFON CONTRE L'HOTE (AIGUE ),non,
9663,9,PATHOLOGIE DE L'IMMUNITE - AFFECTION ET CONDITIONS DIVERSES,96,TRANSPLANTATION : PATHOLOGIE DES TISSUS ET ORGANES GREFFES (SAI),63,TRANSPLANTATION : MALADIE DU GREFFON CONTRE L'HOTE (CHRONIQUE),TRANSPLANTATION : MALADIE DU GREFFON CONTRE L'HOTE (CHRONIQUE),non,
9665,9,PATHOLOGIE DE L'IMMUNITE - AFFECTION ET CONDITIONS DIVERSES,96,TRANSPLANTATION : PATHOLOGIE DES TISSUS ET ORGANES GREFFES (SAI),65,TRANSPLANTATION DE MOELLE OSSEUSE : LESIONS ASSOCIEES A (SAI),TRANSPLANTATION DE MOELLE OSSEUSE : LESIONS ASSOCIEES A (SAI),oui,1992 AJOUT
9666,9,PATHOLOGIE DE L'IMMUNITE - AFFECTION ET CONDITIONS DIVERSES,96,TRANSPLANTATION : PATHOLOGIE DES TISSUS ET ORGANES GREFFES (SAI),66,TRANSPLANTATION CARDIAQUE : LESIONS ASSOCIEES A (SAI),TRANSPLANTATION CARDIAQUE : LESIONS ASSOCIEES A (SAI),oui,1992 AJOUT
9667,9,PATHOLOGIE DE L'IMMUNITE - AFFECTION ET CONDITIONS DIVERSES,96,TRANSPLANTATION : PATHOLOGIE DES TISSUS ET ORGANES GREFFES (SAI),67,TRANSPLANTATION HEPATIQUE : LESIONS ASSOCIEES A (SAI),TRANSPLANTATION HEPATIQUE : LESIONS ASSOCIEES A (SAI),oui,1992 AJOUT
9668,9,PATHOLOGIE DE L'IMMUNITE - AFFECTION ET CONDITIONS DIVERSES,96,TRANSPLANTATION : PATHOLOGIE DES TISSUS ET ORGANES GREFFES (SAI),68,TRANSPLANTATION PULMONAIRE OU CARDIOPULMONAIRE : LESIONS ASSOCIEES A (SAI),TRANSPLANTATION PULMONAIRE OU CARDIOPULMONAIRE : LESIONS ASSOCIEES A (SAI),oui,1992 AJOUT
9670,9,PATHOLOGIE DE L'IMMUNITE - AFFECTION ET CONDITIONS DIVERSES,96,TRANSPLANTATION : PATHOLOGIE DES TISSUS ET ORGANES GREFFES (SAI),70,TRANSPLANTATION : MODIFICATION DU TRANSPLANT PAR TRAITEMENT IMMUNOSUPPRESSEUR (SAI),TRANSPLANTATION : MODIFICATION DU TRANSPLANT PAR TRAITEMENT IMMUNOSUPPRESSEUR (SAI),oui,
9671,9,PATHOLOGIE DE L'IMMUNITE - AFFECTION ET CONDITIONS DIVERSES,96,TRANSPLANTATION : PATHOLOGIE DES TISSUS ET ORGANES GREFFES (SAI),71,TRANSPLANTATION : MODIFICATION DU TRANSPLANT PAR AZATHIOPRINE (IMUREL),TRANSPLANTATION : MODIFICATION DU TRANSPLANT PAR AZATHIOPRINE (IMUREL),non,
9673,9,PATHOLOGIE DE L'IMMUNITE - AFFECTION ET CONDITIONS DIVERSES,96,TRANSPLANTATION : PATHOLOGIE DES TISSUS ET ORGANES GREFFES (SAI),73,TRANSPLANTATION : MODIFICATION DU TRANSPLANT PAR SERUM ANTILYMPHOCYTAIRE,TRANSPLANTATION : MODIFICATION DU TRANSPLANT PAR SERUM ANTILYMPHOCYTAIRE,non,
9675,9,PATHOLOGIE DE L'IMMUNITE - AFFECTION ET CONDITIONS DIVERSES,96,TRANSPLANTATION : PATHOLOGIE DES TISSUS ET ORGANES GREFFES (SAI),75,TRANSPLANTATION : MODIFICATION DU TRANSPLANT PAR CYCLOSPORINE,TRANSPLANTATION : MODIFICATION DU TRANSPLANT PAR CYCLOSPORINE,non,
9679,9,PATHOLOGIE DE L'IMMUNITE - AFFECTION ET CONDITIONS DIVERSES,96,TRANSPLANTATION : PATHOLOGIE DES TISSUS ET ORGANES GREFFES (SAI),79,TRANSPLANTATION : MODIFICATION DU TRANSPLANT PAR TRAITEMENT IMMUNOSUPPRESSEUR ASSOCIE,TRANSPLANTATION : MODIFICATION DU TRANSPLANT PAR TRAITEMENT IMMUNOSUPPRESSEUR ASSOCIE,non,
9680,9,PATHOLOGIE DE L'IMMUNITE - AFFECTION ET CONDITIONS DIVERSES,96,TRANSPLANTATION : PATHOLOGIE DES TISSUS ET ORGANES GREFFES (SAI),80,TRANSPLANTATION : RECIDIVE DE LA MALADIE INITIALE SUR ORGANE GREFFE,TRANSPLANTATION : RECIDIVE DE LA MALADIE INITIALE SUR ORGANE GREFFE,non,
9681,9,PATHOLOGIE DE L'IMMUNITE - AFFECTION ET CONDITIONS DIVERSES,96,TRANSPLANTATION : PATHOLOGIE DES TISSUS ET ORGANES GREFFES (SAI),81,TRANSPLANTATION : LYMPHOPROLIFERATION POST-TRANSPLANTATION (DOUBLE CODAGE AVEC LE TYPE DE LA LYMPHOPROLIFERATION) AFFECTIONS ET CONDITIONS DIVERSES,TRANSPLANTATION : LYMPHOPROLIFERATION POST-TRANSPLANTATION (DOUBLE CODAGE AVEC LE TYPE DE LA LYMPHOPROLIFERATION) AFFECTIONS ET CONDITIONS DIVERSES,non,1998 AJOUT
9700,9,PATHOLOGIE DE L'IMMUNITE - AFFECTION ET CONDITIONS DIVERSES,97,AFFECTION ET CONDITION DIVERSE,00,AFFECTION ET CONDITION DIVERSE,AFFECTION ET CONDITION DIVERSE,non,
9710,9,PATHOLOGIE DE L'IMMUNITE - AFFECTION ET CONDITIONS DIVERSES,97,AFFECTION ET CONDITION DIVERSE,10,GROSSESSE (SAI),GROSSESSE (SAI),oui,
9711,9,PATHOLOGIE DE L'IMMUNITE - AFFECTION ET CONDITIONS DIVERSES,97,AFFECTION ET CONDITION DIVERSE,11,GROSSESSE ECTOPIQUE (SAI),GROSSESSE ECTOPIQUE (SAI),oui,
9712,9,PATHOLOGIE DE L'IMMUNITE - AFFECTION ET CONDITIONS DIVERSES,97,AFFECTION ET CONDITION DIVERSE,12,GROSSESSE ECTOPIQUE ROMPUE,GROSSESSE ECTOPIQUE ROMPUE,non,
9713,9,PATHOLOGIE DE L'IMMUNITE - AFFECTION ET CONDITIONS DIVERSES,97,AFFECTION ET CONDITION DIVERSE,13,LESIONS LIEES A L'ACCOUCHEMENT (SAI) - LESIONS POST-PARTUM (SAI) - LESIONS PERI-PARTUM (SAI) (DOUBLE CODAGE AVEC LE TYPE DE LA LESION),LESIONS LIEES A L'ACCOUCHEMENT (SAI) - LESIONS POST-PARTUM (SAI) - LESIONS PERI-PARTUM (SAI) (DOUBLE CODAGE AVEC LE TYPE DE LA LESION),oui,1998 AJOUT
9714,9,PATHOLOGIE DE L'IMMUNITE - AFFECTION ET CONDITIONS DIVERSES,97,AFFECTION ET CONDITION DIVERSE,14,LESIONS POST ABORTUM (SAI) (DOUBLE CODAGE AVEC LE TYPE DE LA LESION),LESIONS POST ABORTUM (SAI) (DOUBLE CODAGE AVEC LE TYPE DE LA LESION),oui,1998 AJOUT
9715,9,PATHOLOGIE DE L'IMMUNITE - AFFECTION ET CONDITIONS DIVERSES,97,AFFECTION ET CONDITION DIVERSE,15,"GROSSESSE INDUITE (FIV,...)","GROSSESSE INDUITE (FIV,...)",non,1997 AJOUT
9717,9,PATHOLOGIE DE L'IMMUNITE - AFFECTION ET CONDITIONS DIVERSES,97,AFFECTION ET CONDITION DIVERSE,17,LACTATION,LACTATION,non,1999 AJOUT
9720,9,PATHOLOGIE DE L'IMMUNITE - AFFECTION ET CONDITIONS DIVERSES,97,AFFECTION ET CONDITION DIVERSE,20,TOXEMIE GRAVIDIQUE,TOXEMIE GRAVIDIQUE,non,
9721,9,PATHOLOGIE DE L'IMMUNITE - AFFECTION ET CONDITIONS DIVERSES,97,AFFECTION ET CONDITION DIVERSE,21,ECLAMPSIE,ECLAMPSIE,non,
9722,9,PATHOLOGIE DE L'IMMUNITE - AFFECTION ET CONDITIONS DIVERSES,97,AFFECTION ET CONDITION DIVERSE,22,INCOMPATIBILITE FOETOMATERNELLE,INCOMPATIBILITE FOETOMATERNELLE,non,
9730,9,PATHOLOGIE DE L'IMMUNITE - AFFECTION ET CONDITIONS DIVERSES,97,AFFECTION ET CONDITION DIVERSE,30,AFFECTION DEGENERATIVE (SAI),AFFECTION DEGENERATIVE (SAI),oui,
9740,9,PATHOLOGIE DE L'IMMUNITE - AFFECTION ET CONDITIONS DIVERSES,97,AFFECTION ET CONDITION DIVERSE,40,PATHOLOGIE DU STRESS,PATHOLOGIE DU STRESS,non,1999 AJOUT
9745,9,PATHOLOGIE DE L'IMMUNITE - AFFECTION ET CONDITIONS DIVERSES,97,AFFECTION ET CONDITION DIVERSE,45,PATHOLOGIE DES MALADES EN ETAT CRITIQUE,PATHOLOGIE DES MALADES EN ETAT CRITIQUE,non,1999 AJOUT
9750,9,PATHOLOGIE DE L'IMMUNITE - AFFECTION ET CONDITIONS DIVERSES,97,AFFECTION ET CONDITION DIVERSE,50,LESION DE LA SENESCENCE,LESION DE LA SENESCENCE,non,
9760,9,PATHOLOGIE DE L'IMMUNITE - AFFECTION ET CONDITIONS DIVERSES,97,AFFECTION ET CONDITION DIVERSE,60,THERAPIE GENIQUE (SAI),THERAPIE GENIQUE (SAI),oui,1999 AJOUT
9780,9,PATHOLOGIE DE L'IMMUNITE - AFFECTION ET CONDITIONS DIVERSES,97,AFFECTION ET CONDITION DIVERSE,80,LESION PARANEOPLASIQUE,LESION PARANEOPLASIQUE,non,
9790,9,PATHOLOGIE DE L'IMMUNITE - AFFECTION ET CONDITIONS DIVERSES,97,AFFECTION ET CONDITION DIVERSE,90,MALADIE SPORADIQUE,MALADIE SPORADIQUE,non,2000 AJOUT
9791,9,PATHOLOGIE DE L'IMMUNITE - AFFECTION ET CONDITIONS DIVERSES,97,AFFECTION ET CONDITION DIVERSE,91,MALADIE ENDEMIQUE,MALADIE ENDEMIQUE,non,2000 AJOUT
9792,9,PATHOLOGIE DE L'IMMUNITE - AFFECTION ET CONDITIONS DIVERSES,97,AFFECTION ET CONDITION DIVERSE,92,MALADIE EPIDEMIQUE,MALADIE EPIDEMIQUE,non,2000 AJOUT
9793,9,PATHOLOGIE DE L'IMMUNITE - AFFECTION ET CONDITIONS DIVERSES,97,AFFECTION ET CONDITION DIVERSE,93,MALADIE PANDEMIQUE,MALADIE PANDEMIQUE,non,2000 AJOUT
9794,9,PATHOLOGIE DE L'IMMUNITE - AFFECTION ET CONDITIONS DIVERSES,97,AFFECTION ET CONDITION DIVERSE,94,MALADIE EPIZOOTIQUE,MALADIE EPIZOOTIQUE,non,2000 AJOUT
